INSTRUMENT,SYMBOL,EXPIRY_DT,STRIKE_PR,OPTION_TYP,OPEN,HIGH,LOW,CLOSE,SETTLE_PR,CONTRACTS,VAL_INLAKH,OPEN_INT,CHG_IN_OI,TIMESTAMP
OPTSTK,DEMOSTK,28-MAY-2026,1300,CE,107.77,110.83,106.9,108.55,108.55,2098,56.93,45050,-2086,01-MAY-2026
OPTSTK,DEMOSTK,28-MAY-2026,1300,PE,7.08,10.06,5.76,5.87,5.87,125,0.18,49043,3284,01-MAY-2026
OPTSTK,DEMOSTK,28-MAY-2026,1320,CE,91.94,94.6,89.14,93.18,93.18,485,11.3,44143,2080,01-MAY-2026
OPTSTK,DEMOSTK,28-MAY-2026,1320,PE,12.92,15.59,9.83,12.74,12.74,1310,4.17,46071,-1475,01-MAY-2026
OPTSTK,DEMOSTK,28-MAY-2026,1340,CE,81.45,84.58,79.33,82.08,82.08,2654,54.46,10156,1630,01-MAY-2026
OPTSTK,DEMOSTK,28-MAY-2026,1340,PE,22.04,24.55,20.07,20.11,20.11,2611,13.13,49554,-813,01-MAY-2026
OPTSTK,DEMOSTK,28-MAY-2026,1360,CE,51.7,55.48,50.56,53.48,53.48,2122,28.37,44944,-381,01-MAY-2026
OPTSTK,DEMOSTK,28-MAY-2026,1360,PE,15.42,15.56,14.09,14.65,14.65,1151,4.22,30217,-4941,01-MAY-2026
OPTSTK,DEMOSTK,28-MAY-2026,1380,CE,32.85,35.77,29.36,31.0,31.0,1051,8.15,3257,71,01-MAY-2026
OPTSTK,DEMOSTK,28-MAY-2026,1380,PE,6.66,8.94,6.41,7.93,7.93,1192,2.36,33949,-1708,01-MAY-2026
OPTSTK,DEMOSTK,28-MAY-2026,1400,CE,12.53,12.8,8.98,11.43,11.43,639,1.83,27182,4614,01-MAY-2026
OPTSTK,DEMOSTK,28-MAY-2026,1400,PE,2.63,5.45,1.93,4.54,4.54,2448,2.78,35680,-2457,01-MAY-2026
OPTSTK,DEMOSTK,28-MAY-2026,1420,CE,18.49,21.13,16.46,17.63,17.63,1385,6.1,48230,3096,01-MAY-2026
OPTSTK,DEMOSTK,28-MAY-2026,1420,PE,25.39,27.32,24.36,24.49,24.49,2978,18.23,34618,2032,01-MAY-2026
OPTSTK,DEMOSTK,28-MAY-2026,1440,CE,18.87,19.29,16.05,17.62,17.62,2115,9.32,38255,-4737,01-MAY-2026
OPTSTK,DEMOSTK,28-MAY-2026,1440,PE,57.7,60.38,55.31,57.36,57.36,2889,41.43,43132,-1233,01-MAY-2026
OPTSTK,DEMOSTK,28-MAY-2026,1460,CE,2.47,6.21,0.05,4.3,4.3,1592,1.71,30582,4150,01-MAY-2026
OPTSTK,DEMOSTK,28-MAY-2026,1460,PE,59.66,63.17,58.93,61.58,61.58,1130,17.4,1217,2486,01-MAY-2026
OPTSTK,DEMOSTK,28-MAY-2026,1480,CE,16.32,17.83,13.72,15.33,15.33,2750,10.54,35471,-3918,01-MAY-2026
OPTSTK,DEMOSTK,28-MAY-2026,1480,PE,92.29,94.82,89.75,92.39,92.39,1011,23.35,48797,-1638,01-MAY-2026
OPTSTK,DEMOSTK,28-MAY-2026,1500,CE,6.08,7.46,2.94,5.48,5.48,364,0.5,32392,-293,01-MAY-2026
OPTSTK,DEMOSTK,28-MAY-2026,1500,PE,111.48,113.41,110.78,111.01,111.01,653,18.12,22743,-840,01-MAY-2026
OPTSTK,DEMOSTK,28-MAY-2026,1520,CE,10.73,12.59,9.56,9.96,9.96,2025,5.04,4975,2959,01-MAY-2026
OPTSTK,DEMOSTK,28-MAY-2026,1520,PE,123.82,125.9,121.1,123.13,123.13,1241,38.2,47456,3462,01-MAY-2026
OPTSTK,DEMOSTK,28-MAY-2026,1540,CE,4.47,6.91,1.49,4.61,4.61,2299,2.65,14058,106,01-MAY-2026
OPTSTK,DEMOSTK,28-MAY-2026,1540,PE,151.53,151.58,148.4,149.78,149.78,2125,79.57,30455,-599,01-MAY-2026
OPTSTK,DEMOSTK,28-MAY-2026,1560,CE,6.33,9.12,4.44,4.66,4.66,419,0.49,10289,3586,01-MAY-2026
OPTSTK,DEMOSTK,28-MAY-2026,1560,PE,160.92,163.29,159.02,161.48,161.48,1195,48.24,8384,983,01-MAY-2026
OPTSTK,DEMOSTK,28-MAY-2026,1580,CE,4.19,5.65,2.53,2.6,2.6,64,0.04,33223,2385,01-MAY-2026
OPTSTK,DEMOSTK,28-MAY-2026,1580,PE,182.58,183.83,180.54,181.67,181.67,545,24.75,22713,-4972,01-MAY-2026
OPTSTK,DEMOSTK,28-MAY-2026,1600,CE,1.68,3.52,0.05,2.33,2.33,851,0.5,47728,-4808,01-MAY-2026
OPTSTK,DEMOSTK,28-MAY-2026,1600,PE,202.21,204.17,201.03,203.05,203.05,2463,125.03,6006,909,01-MAY-2026
OPTSTK,DEMOSTK,28-MAY-2026,1620,CE,6.07,8.63,4.21,5.05,5.05,261,0.33,44383,-321,01-MAY-2026
OPTSTK,DEMOSTK,28-MAY-2026,1620,PE,220.19,224.5,218.88,221.59,221.59,1342,74.34,13441,1116,01-MAY-2026
OPTSTK,DEMOSTK,28-MAY-2026,1640,CE,4.1,4.48,1.82,4.39,4.39,1688,1.85,37316,3998,01-MAY-2026
OPTSTK,DEMOSTK,28-MAY-2026,1640,PE,237.89,242.37,236.66,239.57,239.57,2568,153.8,10081,-311,01-MAY-2026
OPTSTK,DEMOSTK,28-MAY-2026,1660,CE,4.64,6.29,2.48,2.99,2.99,1749,1.31,23522,-384,01-MAY-2026
OPTSTK,DEMOSTK,28-MAY-2026,1660,PE,260.97,263.9,259.23,260.01,260.01,2736,177.85,16641,-72,01-MAY-2026
OPTSTK,DEMOSTK,28-MAY-2026,1680,CE,3.66,4.02,1.05,2.98,2.98,357,0.27,14623,3201,01-MAY-2026
OPTSTK,DEMOSTK,28-MAY-2026,1680,PE,282.85,283.52,280.13,282.86,282.86,1893,133.86,29011,-2713,01-MAY-2026
OPTSTK,DEMOSTK,28-MAY-2026,1700,CE,2.26,3.8,0.59,3.28,3.28,1357,1.11,16671,1034,01-MAY-2026
OPTSTK,DEMOSTK,28-MAY-2026,1700,PE,300.11,302.77,297.58,299.83,299.83,1740,130.43,26089,1781,01-MAY-2026
OPTSTK,DEMOSTK,25-JUN-2026,1300,CE,114.78,116.75,112.52,115.94,115.94,2090,60.58,19187,4409,01-MAY-2026
OPTSTK,DEMOSTK,25-JUN-2026,1300,PE,15.75,18.76,13.86,17.25,17.25,934,4.03,7068,-560,01-MAY-2026
OPTSTK,DEMOSTK,25-JUN-2026,1320,CE,99.99,102.39,98.69,100.45,100.45,1328,33.35,2429,-2916,01-MAY-2026
OPTSTK,DEMOSTK,25-JUN-2026,1320,PE,4.09,6.78,1.83,3.25,3.25,2455,1.99,33101,-4998,01-MAY-2026
OPTSTK,DEMOSTK,25-JUN-2026,1340,CE,68.26,71.04,64.96,66.54,66.54,1967,32.72,30422,-930,01-MAY-2026
OPTSTK,DEMOSTK,25-JUN-2026,1340,PE,17.21,18.77,14.29,18.31,18.31,496,2.27,48299,2492,01-MAY-2026
OPTSTK,DEMOSTK,25-JUN-2026,1360,CE,48.37,48.37,46.88,47.26,47.26,2382,28.14,3463,-23,01-MAY-2026
OPTSTK,DEMOSTK,25-JUN-2026,1360,PE,24.65,26.23,22.83,24.14,24.14,509,3.07,7517,-3848,01-MAY-2026
OPTSTK,DEMOSTK,25-JUN-2026,1380,CE,34.64,35.22,32.09,32.87,32.87,2511,20.63,1075,-4829,01-MAY-2026
OPTSTK,DEMOSTK,25-JUN-2026,1380,PE,18.38,19.22,15.44,16.39,16.39,1042,4.27,32149,3622,01-MAY-2026
OPTSTK,DEMOSTK,25-JUN-2026,1400,CE,11.11,15.0,9.0,12.12,12.12,1309,3.97,4624,-4644,01-MAY-2026
OPTSTK,DEMOSTK,25-JUN-2026,1400,PE,10.51,12.45,8.73,8.97,8.97,983,2.2,44735,1952,01-MAY-2026
OPTSTK,DEMOSTK,25-JUN-2026,1420,CE,24.96,26.15,23.95,26.05,26.05,1772,11.54,24744,1493,01-MAY-2026
OPTSTK,DEMOSTK,25-JUN-2026,1420,PE,27.58,29.8,24.88,26.39,26.39,890,5.87,33485,-1717,01-MAY-2026
OPTSTK,DEMOSTK,25-JUN-2026,1440,CE,11.55,12.24,9.61,10.27,10.27,1258,3.23,8143,3122,01-MAY-2026
OPTSTK,DEMOSTK,25-JUN-2026,1440,PE,56.34,57.8,52.02,54.75,54.75,281,3.85,39980,-2602,01-MAY-2026
OPTSTK,DEMOSTK,25-JUN-2026,1460,CE,19.71,21.56,17.92,21.49,21.49,1751,9.41,4397,-4015,01-MAY-2026
OPTSTK,DEMOSTK,25-JUN-2026,1460,PE,64.45,66.79,63.51,64.65,64.65,513,8.29,6201,-2287,01-MAY-2026
OPTSTK,DEMOSTK,25-JUN-2026,1480,CE,7.39,11.46,5.15,8.65,8.65,180,0.39,21435,1203,01-MAY-2026
OPTSTK,DEMOSTK,25-JUN-2026,1480,PE,97.61,98.94,95.34,95.67,95.67,370,8.85,19337,-3677,01-MAY-2026
OPTSTK,DEMOSTK,25-JUN-2026,1500,CE,9.81,10.18,5.1,7.99,7.99,899,1.8,25912,843,01-MAY-2026
OPTSTK,DEMOSTK,25-JUN-2026,1500,PE,111.72,114.9,111.46,112.49,112.49,2938,82.62,32028,-1794,01-MAY-2026
OPTSTK,DEMOSTK,25-JUN-2026,1520,CE,8.91,9.49,6.14,7.23,7.23,1993,3.6,2984,1730,01-MAY-2026
OPTSTK,DEMOSTK,25-JUN-2026,1520,PE,123.92,125.13,122.29,123.42,123.42,1950,60.17,5101,-3985,01-MAY-2026
OPTSTK,DEMOSTK,25-JUN-2026,1540,CE,5.78,8.48,3.77,4.79,4.79,1165,1.4,22952,-4286,01-MAY-2026
OPTSTK,DEMOSTK,25-JUN-2026,1540,PE,143.62,144.57,141.92,142.75,142.75,65,2.32,48288,4757,01-MAY-2026
OPTSTK,DEMOSTK,25-JUN-2026,1560,CE,10.79,13.62,10.18,10.25,10.25,1007,2.58,8029,2785,01-MAY-2026
OPTSTK,DEMOSTK,25-JUN-2026,1560,PE,166.09,168.56,163.72,166.23,166.23,1811,75.26,33340,-2826,01-MAY-2026
OPTSTK,DEMOSTK,25-JUN-2026,1580,CE,6.84,10.52,4.62,8.11,8.11,2884,5.85,10916,4949,01-MAY-2026
OPTSTK,DEMOSTK,25-JUN-2026,1580,PE,182.26,183.64,178.47,180.82,180.82,2490,112.56,6178,3386,01-MAY-2026
OPTSTK,DEMOSTK,25-JUN-2026,1600,CE,2.91,3.65,1.71,1.9,1.9,188,0.09,32568,4053,01-MAY-2026
OPTSTK,DEMOSTK,25-JUN-2026,1600,PE,200.32,202.96,200.0,201.68,201.68,345,17.39,18359,-3623,01-MAY-2026
OPTSTK,DEMOSTK,25-JUN-2026,1620,CE,1.56,4.85,0.05,1.88,1.88,759,0.36,16348,-2823,01-MAY-2026
OPTSTK,DEMOSTK,25-JUN-2026,1620,PE,221.35,223.37,218.63,220.87,220.87,2771,153.01,8940,-185,01-MAY-2026
OPTSTK,DEMOSTK,25-JUN-2026,1640,CE,2.6,3.72,0.12,2.33,2.33,865,0.5,29796,-947,01-MAY-2026
OPTSTK,DEMOSTK,25-JUN-2026,1640,PE,238.61,240.51,235.89,239.67,239.67,821,49.19,22386,-3939,01-MAY-2026
OPTSTK,DEMOSTK,25-JUN-2026,1660,CE,4.83,6.35,2.17,2.86,2.86,461,0.33,43816,2600,01-MAY-2026
OPTSTK,DEMOSTK,25-JUN-2026,1660,PE,262.26,265.27,259.8,263.85,263.85,1886,124.41,25502,-4339,01-MAY-2026
OPTSTK,DEMOSTK,25-JUN-2026,1680,CE,4.29,5.51,2.49,5.36,5.36,2438,3.27,13724,-3770,01-MAY-2026
OPTSTK,DEMOSTK,25-JUN-2026,1680,PE,282.1,283.45,279.86,280.64,280.64,2772,194.48,1415,-3267,01-MAY-2026
OPTSTK,DEMOSTK,25-JUN-2026,1700,CE,4.95,6.0,4.0,4.11,4.11,1442,1.48,10264,-4277,01-MAY-2026
OPTSTK,DEMOSTK,25-JUN-2026,1700,PE,298.78,301.56,296.83,299.76,299.76,883,66.17,1745,361,01-MAY-2026
OPTSTK,DEMOSTK,28-MAY-2026,1300,CE,110.17,112.54,109.94,110.68,110.68,178,4.93,33481,3979,04-MAY-2026
OPTSTK,DEMOSTK,28-MAY-2026,1300,PE,7.38,10.14,5.39,7.75,7.75,683,1.32,42889,3749,04-MAY-2026
OPTSTK,DEMOSTK,28-MAY-2026,1320,CE,85.88,89.32,84.65,87.23,87.23,1210,26.39,44765,39,04-MAY-2026
OPTSTK,DEMOSTK,28-MAY-2026,1320,PE,6.11,10.14,3.46,7.9,7.9,1746,3.45,28292,-4702,04-MAY-2026
OPTSTK,DEMOSTK,28-MAY-2026,1340,CE,81.6,82.69,79.02,79.61,79.61,1708,33.99,14347,-4904,04-MAY-2026
OPTSTK,DEMOSTK,28-MAY-2026,1340,PE,7.74,9.45,7.47,9.11,9.11,2416,5.5,24902,2551,04-MAY-2026
OPTSTK,DEMOSTK,28-MAY-2026,1360,CE,58.26,59.9,57.83,59.74,59.74,1674,25.0,6834,4385,04-MAY-2026
OPTSTK,DEMOSTK,28-MAY-2026,1360,PE,12.79,14.82,12.35,13.31,13.31,1210,4.03,11604,3538,04-MAY-2026
OPTSTK,DEMOSTK,28-MAY-2026,1380,CE,28.24,31.12,25.98,29.97,29.97,858,6.43,20766,-2925,04-MAY-2026
OPTSTK,DEMOSTK,28-MAY-2026,1380,PE,16.82,21.39,15.88,18.65,18.65,2538,11.83,42704,1355,04-MAY-2026
OPTSTK,DEMOSTK,28-MAY-2026,1400,CE,9.61,11.67,6.09,8.76,8.76,2672,5.85,15553,1627,04-MAY-2026
OPTSTK,DEMOSTK,28-MAY-2026,1400,PE,14.52,17.16,12.82,15.74,15.74,220,0.87,27197,3485,04-MAY-2026
OPTSTK,DEMOSTK,28-MAY-2026,1420,CE,5.48,6.49,2.57,6.04,6.04,838,1.27,3693,4213,04-MAY-2026
OPTSTK,DEMOSTK,28-MAY-2026,1420,PE,36.23,38.23,34.57,35.54,35.54,1646,14.62,40290,2466,04-MAY-2026
OPTSTK,DEMOSTK,28-MAY-2026,1440,CE,13.03,13.95,11.26,12.52,12.52,2436,7.62,17335,1975,04-MAY-2026
OPTSTK,DEMOSTK,28-MAY-2026,1440,PE,45.29,47.33,44.75,45.82,45.82,64,0.73,41559,3019,04-MAY-2026
OPTSTK,DEMOSTK,28-MAY-2026,1460,CE,9.77,11.84,7.31,9.98,9.98,785,1.96,32012,1559,04-MAY-2026
OPTSTK,DEMOSTK,28-MAY-2026,1460,PE,58.88,61.66,58.6,60.37,60.37,1860,28.07,34052,3358,04-MAY-2026
OPTSTK,DEMOSTK,28-MAY-2026,1480,CE,9.89,12.12,7.12,11.73,11.73,1335,3.91,48211,3380,04-MAY-2026
OPTSTK,DEMOSTK,28-MAY-2026,1480,PE,80.55,83.23,77.58,79.54,79.54,607,12.07,2694,-3913,04-MAY-2026
OPTSTK,DEMOSTK,28-MAY-2026,1500,CE,15.65,18.09,14.14,14.72,14.72,2064,7.6,19866,-2295,04-MAY-2026
OPTSTK,DEMOSTK,28-MAY-2026,1500,PE,107.79,108.45,104.41,106.91,106.91,2550,68.16,17529,-2399,04-MAY-2026
OPTSTK,DEMOSTK,28-MAY-2026,1520,CE,5.77,8.49,3.95,5.32,5.32,1091,1.45,33913,2866,04-MAY-2026
OPTSTK,DEMOSTK,28-MAY-2026,1520,PE,119.24,121.71,118.28,120.19,120.19,200,6.01,14037,-2017,04-MAY-2026
OPTSTK,DEMOSTK,28-MAY-2026,1540,CE,5.83,6.66,4.3,5.28,5.28,1593,2.1,12058,-670,04-MAY-2026
OPTSTK,DEMOSTK,28-MAY-2026,1540,PE,138.83,140.74,137.63,138.71,138.71,1905,66.06,37384,3543,04-MAY-2026
OPTSTK,DEMOSTK,28-MAY-2026,1560,CE,7.26,7.57,2.75,5.73,5.73,2629,3.77,26837,1086,04-MAY-2026
OPTSTK,DEMOSTK,28-MAY-2026,1560,PE,161.39,163.12,158.35,159.43,159.43,383,15.27,29985,-1231,04-MAY-2026
OPTSTK,DEMOSTK,28-MAY-2026,1580,CE,3.0,3.14,0.05,2.03,2.03,1088,0.55,21320,4598,04-MAY-2026
OPTSTK,DEMOSTK,28-MAY-2026,1580,PE,184.39,186.59,180.57,182.81,182.81,957,43.74,10788,-233,04-MAY-2026
OPTSTK,DEMOSTK,28-MAY-2026,1600,CE,3.18,4.99,0.49,3.45,3.45,590,0.51,33007,-1277,04-MAY-2026
OPTSTK,DEMOSTK,28-MAY-2026,1600,PE,197.77,199.75,196.07,199.59,199.59,1294,64.57,7970,3570,04-MAY-2026
OPTSTK,DEMOSTK,28-MAY-2026,1620,CE,1.03,3.88,0.05,2.13,2.13,886,0.47,25001,2780,04-MAY-2026
OPTSTK,DEMOSTK,28-MAY-2026,1620,PE,215.52,219.86,213.4,217.46,217.46,1896,103.08,7278,-3957,04-MAY-2026
OPTSTK,DEMOSTK,28-MAY-2026,1640,CE,4.78,7.13,2.08,3.29,3.29,1132,0.93,1753,-4081,04-MAY-2026
OPTSTK,DEMOSTK,28-MAY-2026,1640,PE,239.73,240.78,237.54,239.48,239.48,1867,111.78,40444,3480,04-MAY-2026
OPTSTK,DEMOSTK,28-MAY-2026,1660,CE,2.68,6.4,2.55,3.69,3.69,2227,2.05,2653,1651,04-MAY-2026
OPTSTK,DEMOSTK,28-MAY-2026,1660,PE,256.21,260.31,255.9,257.57,257.57,2559,164.78,37105,-1769,04-MAY-2026
OPTSTK,DEMOSTK,28-MAY-2026,1680,CE,0.03,3.05,0.05,1.23,1.23,2677,0.82,28213,-2139,04-MAY-2026
OPTSTK,DEMOSTK,28-MAY-2026,1680,PE,277.18,280.8,274.2,278.92,278.92,2007,139.95,47884,3821,04-MAY-2026
OPTSTK,DEMOSTK,28-MAY-2026,1700,CE,2.05,4.29,0.05,0.67,0.67,2735,0.46,30654,-2127,04-MAY-2026
OPTSTK,DEMOSTK,28-MAY-2026,1700,PE,296.16,298.44,296.04,297.74,297.74,1424,106.0,46554,-687,04-MAY-2026
OPTSTK,DEMOSTK,25-JUN-2026,1300,CE,116.06,118.66,114.75,117.0,117.0,2193,64.15,18386,-157,04-MAY-2026
OPTSTK,DEMOSTK,25-JUN-2026,1300,PE,13.96,14.61,9.46,12.1,12.1,112,0.34,12126,-735,04-MAY-2026
OPTSTK,DEMOSTK,25-JUN-2026,1320,CE,103.5,104.11,101.65,102.13,102.13,1388,35.44,13578,1368,04-MAY-2026
OPTSTK,DEMOSTK,25-JUN-2026,1320,PE,7.3,11.06,5.41,8.34,8.34,2887,6.02,44596,3787,04-MAY-2026
OPTSTK,DEMOSTK,25-JUN-2026,1340,CE,77.27,79.36,73.34,75.91,75.91,1840,34.92,48488,-1169,04-MAY-2026
OPTSTK,DEMOSTK,25-JUN-2026,1340,PE,13.25,14.66,11.38,14.02,14.02,368,1.29,38041,-2190,04-MAY-2026
OPTSTK,DEMOSTK,25-JUN-2026,1360,CE,48.35,50.56,45.56,50.24,50.24,1462,18.36,10295,-4530,04-MAY-2026
OPTSTK,DEMOSTK,25-JUN-2026,1360,PE,2.51,5.89,2.38,3.96,3.96,327,0.32,49285,-4236,04-MAY-2026
OPTSTK,DEMOSTK,25-JUN-2026,1380,CE,29.37,30.46,26.56,29.01,29.01,2236,16.22,44526,-3920,04-MAY-2026
OPTSTK,DEMOSTK,25-JUN-2026,1380,PE,25.33,27.46,23.16,24.31,24.31,1059,6.44,14482,-1672,04-MAY-2026
OPTSTK,DEMOSTK,25-JUN-2026,1400,CE,8.79,13.19,6.35,10.65,10.65,2647,7.05,6732,-292,04-MAY-2026
OPTSTK,DEMOSTK,25-JUN-2026,1400,PE,14.68,18.53,12.74,16.15,16.15,1256,5.07,21915,513,04-MAY-2026
OPTSTK,DEMOSTK,25-JUN-2026,1420,CE,12.13,14.82,11.28,14.05,14.05,2981,10.47,25118,256,04-MAY-2026
OPTSTK,DEMOSTK,25-JUN-2026,1420,PE,39.02,40.45,37.75,38.61,38.61,176,1.7,28061,-4489,04-MAY-2026
OPTSTK,DEMOSTK,25-JUN-2026,1440,CE,14.22,15.26,11.02,13.13,13.13,2253,7.4,38099,-1452,04-MAY-2026
OPTSTK,DEMOSTK,25-JUN-2026,1440,PE,56.78,58.5,54.61,55.47,55.47,1836,25.46,1085,3577,04-MAY-2026
OPTSTK,DEMOSTK,25-JUN-2026,1460,CE,8.22,11.15,7.16,7.17,7.17,2060,3.69,7271,3052,04-MAY-2026
OPTSTK,DEMOSTK,25-JUN-2026,1460,PE,74.58,77.48,71.5,73.28,73.28,2160,39.57,18077,4470,04-MAY-2026
OPTSTK,DEMOSTK,25-JUN-2026,1480,CE,18.98,20.49,16.88,19.85,19.85,2091,10.38,11865,-3200,04-MAY-2026
OPTSTK,DEMOSTK,25-JUN-2026,1480,PE,96.98,98.45,92.94,95.91,95.91,2348,56.3,7852,351,04-MAY-2026
OPTSTK,DEMOSTK,25-JUN-2026,1500,CE,7.76,9.33,5.09,8.15,8.15,402,0.82,28664,-4588,04-MAY-2026
OPTSTK,DEMOSTK,25-JUN-2026,1500,PE,103.78,105.85,102.15,104.57,104.57,750,19.61,25858,-1174,04-MAY-2026
OPTSTK,DEMOSTK,25-JUN-2026,1520,CE,13.79,17.06,11.72,15.28,15.28,2529,9.66,43355,-4445,04-MAY-2026
OPTSTK,DEMOSTK,25-JUN-2026,1520,PE,122.46,123.62,119.93,123.15,123.15,2761,85.0,37289,297,04-MAY-2026
OPTSTK,DEMOSTK,25-JUN-2026,1540,CE,3.59,6.15,1.85,3.83,3.83,566,0.54,22892,2569,04-MAY-2026
OPTSTK,DEMOSTK,25-JUN-2026,1540,PE,146.38,147.9,144.79,145.59,145.59,2930,106.64,41457,-2468,04-MAY-2026
OPTSTK,DEMOSTK,25-JUN-2026,1560,CE,10.46,12.63,6.75,8.56,8.56,1477,3.16,11546,-1130,04-MAY-2026
OPTSTK,DEMOSTK,25-JUN-2026,1560,PE,159.62,163.79,157.43,160.86,160.86,466,18.74,11787,-3335,04-MAY-2026
OPTSTK,DEMOSTK,25-JUN-2026,1580,CE,1.28,3.12,0.37,2.68,2.68,1268,0.85,29503,-514,04-MAY-2026
OPTSTK,DEMOSTK,25-JUN-2026,1580,PE,179.4,179.72,178.23,178.85,178.85,1640,73.33,31403,-4445,04-MAY-2026
OPTSTK,DEMOSTK,25-JUN-2026,1600,CE,2.35,3.66,0.26,0.93,0.93,2640,0.61,20412,2590,04-MAY-2026
OPTSTK,DEMOSTK,25-JUN-2026,1600,PE,196.18,199.36,196.16,197.15,197.15,1042,51.36,29182,4404,04-MAY-2026
OPTSTK,DEMOSTK,25-JUN-2026,1620,CE,4.44,6.98,1.85,3.85,3.85,2722,2.62,43053,4564,04-MAY-2026
OPTSTK,DEMOSTK,25-JUN-2026,1620,PE,222.11,224.03,220.03,221.39,221.39,1332,73.72,18026,-3397,04-MAY-2026
OPTSTK,DEMOSTK,25-JUN-2026,1640,CE,4.42,6.65,2.28,5.45,5.45,690,0.94,17387,1939,04-MAY-2026
OPTSTK,DEMOSTK,25-JUN-2026,1640,PE,237.55,242.05,236.0,239.47,239.47,2757,165.05,12997,374,04-MAY-2026
OPTSTK,DEMOSTK,25-JUN-2026,1660,CE,4.4,6.32,1.48,4.85,4.85,206,0.25,17464,3902,04-MAY-2026
OPTSTK,DEMOSTK,25-JUN-2026,1660,PE,258.95,261.8,257.49,258.09,258.09,1476,95.24,7624,4413,04-MAY-2026
OPTSTK,DEMOSTK,25-JUN-2026,1680,CE,2.0,4.61,1.95,3.18,3.18,1565,1.24,35189,617,04-MAY-2026
OPTSTK,DEMOSTK,25-JUN-2026,1680,PE,280.88,281.51,277.04,279.09,279.09,1657,115.61,34671,-2995,04-MAY-2026
OPTSTK,DEMOSTK,25-JUN-2026,1700,CE,5.05,6.96,3.83,4.59,4.59,1614,1.85,27193,-3993,04-MAY-2026
OPTSTK,DEMOSTK,25-JUN-2026,1700,PE,296.7,298.29,294.61,297.03,297.03,1492,110.79,39022,-656,04-MAY-2026
OPTSTK,DEMOSTK,28-MAY-2026,1300,CE,109.89,111.88,107.03,110.68,110.68,946,26.18,26687,2571,05-MAY-2026
OPTSTK,DEMOSTK,28-MAY-2026,1300,PE,2.67,6.48,0.24,4.15,4.15,2648,2.75,13659,2686,05-MAY-2026
OPTSTK,DEMOSTK,28-MAY-2026,1320,CE,98.87,101.31,97.55,97.99,97.99,2778,68.05,42864,1771,05-MAY-2026
OPTSTK,DEMOSTK,28-MAY-2026,1320,PE,7.23,9.69,6.85,8.05,8.05,1972,3.97,24248,-1225,05-MAY-2026
OPTSTK,DEMOSTK,28-MAY-2026,1340,CE,73.31,74.57,72.03,73.81,73.81,811,14.96,32560,-4956,05-MAY-2026
OPTSTK,DEMOSTK,28-MAY-2026,1340,PE,15.14,16.21,11.98,13.94,13.94,1362,4.75,32427,2944,05-MAY-2026
OPTSTK,DEMOSTK,28-MAY-2026,1360,CE,57.63,59.61,55.99,57.08,57.08,1291,18.42,26238,-4066,05-MAY-2026
OPTSTK,DEMOSTK,28-MAY-2026,1360,PE,4.12,5.09,1.03,3.86,3.86,2223,2.15,23619,4542,05-MAY-2026
OPTSTK,DEMOSTK,28-MAY-2026,1380,CE,28.73,33.54,26.76,30.68,30.68,1074,8.24,40859,-3337,05-MAY-2026
OPTSTK,DEMOSTK,28-MAY-2026,1380,PE,14.4,14.96,11.62,12.98,12.98,675,2.19,14666,1594,05-MAY-2026
OPTSTK,DEMOSTK,28-MAY-2026,1400,CE,24.63,28.63,22.8,25.96,25.96,420,2.73,44808,3986,05-MAY-2026
OPTSTK,DEMOSTK,28-MAY-2026,1400,PE,19.56,20.15,16.12,18.2,18.2,2224,10.12,6152,2185,05-MAY-2026
OPTSTK,DEMOSTK,28-MAY-2026,1420,CE,14.11,16.0,12.85,15.64,15.64,620,2.42,32014,3078,05-MAY-2026
OPTSTK,DEMOSTK,28-MAY-2026,1420,PE,25.73,28.51,23.63,25.79,25.79,1059,6.83,33648,-2303,05-MAY-2026
OPTSTK,DEMOSTK,28-MAY-2026,1440,CE,13.49,13.51,9.52,12.04,12.04,1966,5.92,46605,4217,05-MAY-2026
OPTSTK,DEMOSTK,28-MAY-2026,1440,PE,42.81,45.02,41.53,43.62,43.62,2818,30.73,5941,-2043,05-MAY-2026
OPTSTK,DEMOSTK,28-MAY-2026,1460,CE,13.01,13.1,10.64,12.47,12.47,2845,8.87,49269,414,05-MAY-2026
OPTSTK,DEMOSTK,28-MAY-2026,1460,PE,65.86,68.93,63.59,67.48,67.48,641,10.81,3221,-1505,05-MAY-2026
OPTSTK,DEMOSTK,28-MAY-2026,1480,CE,12.85,13.87,9.76,12.35,12.35,1549,4.78,23368,2774,05-MAY-2026
OPTSTK,DEMOSTK,28-MAY-2026,1480,PE,85.74,88.48,84.67,85.52,85.52,1450,31.0,28681,-879,05-MAY-2026
OPTSTK,DEMOSTK,28-MAY-2026,1500,CE,10.21,11.09,6.42,8.9,8.9,1703,3.79,22870,3253,05-MAY-2026
OPTSTK,DEMOSTK,28-MAY-2026,1500,PE,108.11,109.14,106.01,106.62,106.62,2066,55.07,8728,421,05-MAY-2026
OPTSTK,DEMOSTK,28-MAY-2026,1520,CE,4.65,5.03,0.88,3.8,3.8,408,0.39,3624,1535,05-MAY-2026
OPTSTK,DEMOSTK,28-MAY-2026,1520,PE,123.47,125.11,121.78,121.93,121.93,1280,39.02,8110,-4899,05-MAY-2026
OPTSTK,DEMOSTK,28-MAY-2026,1540,CE,3.17,4.6,0.05,1.88,1.88,296,0.14,33823,3907,05-MAY-2026
OPTSTK,DEMOSTK,28-MAY-2026,1540,PE,139.96,141.84,137.4,139.49,139.49,2492,86.9,45628,-3641,05-MAY-2026
OPTSTK,DEMOSTK,28-MAY-2026,1560,CE,3.52,4.89,0.56,2.85,2.85,465,0.33,44490,-2030,05-MAY-2026
OPTSTK,DEMOSTK,28-MAY-2026,1560,PE,159.97,160.58,157.18,160.28,160.28,104,4.17,25174,-2728,05-MAY-2026
OPTSTK,DEMOSTK,28-MAY-2026,1580,CE,6.08,6.85,4.92,5.83,5.83,1777,2.59,3244,217,05-MAY-2026
OPTSTK,DEMOSTK,28-MAY-2026,1580,PE,173.66,175.39,170.65,173.39,173.39,2088,90.51,38192,3554,05-MAY-2026
OPTSTK,DEMOSTK,28-MAY-2026,1600,CE,-0.63,3.32,0.05,0.89,0.89,1707,0.38,30259,-3899,05-MAY-2026
OPTSTK,DEMOSTK,28-MAY-2026,1600,PE,192.63,194.86,189.82,193.08,193.08,686,33.11,32158,1757,05-MAY-2026
OPTSTK,DEMOSTK,28-MAY-2026,1620,CE,1.13,4.22,0.05,2.8,2.8,2617,1.83,2017,1995,05-MAY-2026
OPTSTK,DEMOSTK,28-MAY-2026,1620,PE,213.68,214.05,210.04,212.94,212.94,411,21.88,15302,-3012,05-MAY-2026
OPTSTK,DEMOSTK,28-MAY-2026,1640,CE,-0.8,3.29,0.05,1.13,1.13,817,0.23,4285,994,05-MAY-2026
OPTSTK,DEMOSTK,28-MAY-2026,1640,PE,236.86,239.43,233.82,236.01,236.01,395,23.31,20211,4133,05-MAY-2026
OPTSTK,DEMOSTK,28-MAY-2026,1660,CE,3.28,6.24,2.52,3.44,3.44,265,0.23,48003,-4477,05-MAY-2026
OPTSTK,DEMOSTK,28-MAY-2026,1660,PE,251.03,254.92,248.58,252.97,252.97,376,23.78,26490,96,05-MAY-2026
OPTSTK,DEMOSTK,28-MAY-2026,1680,CE,2.26,5.13,0.05,1.86,1.86,2544,1.18,4917,181,05-MAY-2026
OPTSTK,DEMOSTK,28-MAY-2026,1680,PE,274.69,276.01,272.36,274.39,274.39,643,44.11,8648,951,05-MAY-2026
OPTSTK,DEMOSTK,28-MAY-2026,1700,CE,3.08,6.83,1.65,4.42,4.42,1904,2.1,18824,4286,05-MAY-2026
OPTSTK,DEMOSTK,28-MAY-2026,1700,PE,293.37,296.12,291.42,294.25,294.25,2507,184.42,22760,4925,05-MAY-2026
OPTSTK,DEMOSTK,25-JUN-2026,1300,CE,118.77,121.16,116.27,120.71,120.71,2444,73.75,29086,-968,05-MAY-2026
OPTSTK,DEMOSTK,25-JUN-2026,1300,PE,8.59,10.4,5.16,7.85,7.85,1898,3.72,19566,-4973,05-MAY-2026
OPTSTK,DEMOSTK,25-JUN-2026,1320,CE,94.78,96.18,92.02,95.71,95.71,223,5.34,19908,-2696,05-MAY-2026
OPTSTK,DEMOSTK,25-JUN-2026,1320,PE,17.77,19.49,15.48,16.3,16.3,2293,9.34,45868,3191,05-MAY-2026
OPTSTK,DEMOSTK,25-JUN-2026,1340,CE,75.52,78.84,73.13,77.18,77.18,870,16.79,48329,-1166,05-MAY-2026
OPTSTK,DEMOSTK,25-JUN-2026,1340,PE,7.01,9.97,4.88,8.78,8.78,1093,2.4,39429,-4847,05-MAY-2026
OPTSTK,DEMOSTK,25-JUN-2026,1360,CE,67.42,67.84,65.0,67.58,67.58,306,5.17,16261,1523,05-MAY-2026
OPTSTK,DEMOSTK,25-JUN-2026,1360,PE,17.02,19.68,13.86,15.43,15.43,2002,7.72,34172,4655,05-MAY-2026
OPTSTK,DEMOSTK,25-JUN-2026,1380,CE,34.76,36.19,32.34,35.91,35.91,1237,11.11,24778,4467,05-MAY-2026
OPTSTK,DEMOSTK,25-JUN-2026,1380,PE,16.22,18.16,15.77,16.61,16.61,232,0.96,33326,1128,05-MAY-2026
OPTSTK,DEMOSTK,25-JUN-2026,1400,CE,32.89,34.79,32.64,33.4,33.4,1343,11.21,40138,-4503,05-MAY-2026
OPTSTK,DEMOSTK,25-JUN-2026,1400,PE,12.65,12.71,12.47,12.57,12.57,2366,7.44,32871,4612,05-MAY-2026
OPTSTK,DEMOSTK,25-JUN-2026,1420,CE,16.87,20.16,15.59,17.82,17.82,1880,8.38,39870,4973,05-MAY-2026
OPTSTK,DEMOSTK,25-JUN-2026,1420,PE,38.95,40.04,38.35,39.93,39.93,790,7.89,25785,-3630,05-MAY-2026
OPTSTK,DEMOSTK,25-JUN-2026,1440,CE,2.25,5.22,0.13,4.11,4.11,2044,2.1,5206,4798,05-MAY-2026
OPTSTK,DEMOSTK,25-JUN-2026,1440,PE,51.97,54.09,50.01,50.28,50.28,1355,17.03,37993,-1180,05-MAY-2026
OPTSTK,DEMOSTK,25-JUN-2026,1460,CE,18.16,20.17,15.15,16.33,16.33,1886,7.7,11467,1077,05-MAY-2026
OPTSTK,DEMOSTK,25-JUN-2026,1460,PE,77.3,77.97,75.21,75.33,75.33,1098,20.68,24069,-4029,05-MAY-2026
OPTSTK,DEMOSTK,25-JUN-2026,1480,CE,21.15,23.66,19.39,19.53,19.53,2152,10.51,47504,2920,05-MAY-2026
OPTSTK,DEMOSTK,25-JUN-2026,1480,PE,74.76,78.44,71.94,76.18,76.18,2822,53.74,20581,4663,05-MAY-2026
OPTSTK,DEMOSTK,25-JUN-2026,1500,CE,13.25,13.57,11.25,12.22,12.22,1102,3.37,26562,-2967,05-MAY-2026
OPTSTK,DEMOSTK,25-JUN-2026,1500,PE,100.5,102.3,98.08,100.98,100.98,2825,71.32,1826,2666,05-MAY-2026
OPTSTK,DEMOSTK,25-JUN-2026,1520,CE,11.25,12.58,8.47,12.47,12.47,953,2.97,6097,1112,05-MAY-2026
OPTSTK,DEMOSTK,25-JUN-2026,1520,PE,125.8,128.58,125.51,127.24,127.24,1627,51.75,2424,-3769,05-MAY-2026
OPTSTK,DEMOSTK,25-JUN-2026,1540,CE,6.78,9.89,5.35,7.42,7.42,2623,4.87,24988,-2661,05-MAY-2026
OPTSTK,DEMOSTK,25-JUN-2026,1540,PE,139.2,139.74,136.91,138.26,138.26,642,22.19,29768,-2553,05-MAY-2026
OPTSTK,DEMOSTK,25-JUN-2026,1560,CE,3.92,4.74,3.11,4.27,4.27,1264,1.35,22922,-2251,05-MAY-2026
OPTSTK,DEMOSTK,25-JUN-2026,1560,PE,154.96,157.89,153.51,156.52,156.52,678,26.53,34649,-4069,05-MAY-2026
OPTSTK,DEMOSTK,25-JUN-2026,1580,CE,7.49,10.27,4.66,6.34,6.34,1222,1.94,8811,-777,05-MAY-2026
OPTSTK,DEMOSTK,25-JUN-2026,1580,PE,181.53,182.83,178.87,179.65,179.65,1027,46.13,16607,-3402,05-MAY-2026
OPTSTK,DEMOSTK,25-JUN-2026,1600,CE,2.92,3.75,0.42,3.26,3.26,1252,1.02,10460,-4738,05-MAY-2026
OPTSTK,DEMOSTK,25-JUN-2026,1600,PE,195.92,197.45,194.56,195.89,195.89,2206,108.03,19769,-1956,05-MAY-2026
OPTSTK,DEMOSTK,25-JUN-2026,1620,CE,0.83,3.9,0.05,2.67,2.67,790,0.53,10048,-2049,05-MAY-2026
OPTSTK,DEMOSTK,25-JUN-2026,1620,PE,214.74,216.35,212.94,215.82,215.82,408,22.01,40882,3117,05-MAY-2026
OPTSTK,DEMOSTK,25-JUN-2026,1640,CE,3.46,5.17,1.45,4.76,4.76,2624,3.12,13594,4550,05-MAY-2026
OPTSTK,DEMOSTK,25-JUN-2026,1640,PE,232.75,236.79,231.19,234.71,234.71,276,16.19,34977,695,05-MAY-2026
OPTSTK,DEMOSTK,25-JUN-2026,1660,CE,3.91,6.5,1.06,2.54,2.54,113,0.07,27838,2808,05-MAY-2026
OPTSTK,DEMOSTK,25-JUN-2026,1660,PE,254.46,255.21,252.11,253.8,253.8,1553,98.54,3403,-2322,05-MAY-2026
OPTSTK,DEMOSTK,25-JUN-2026,1680,CE,4.75,7.32,3.38,4.45,4.45,1875,2.09,34792,-3832,05-MAY-2026
OPTSTK,DEMOSTK,25-JUN-2026,1680,PE,274.6,277.05,271.14,273.74,273.74,1364,93.35,47608,1248,05-MAY-2026
OPTSTK,DEMOSTK,25-JUN-2026,1700,CE,5.39,6.26,3.48,3.8,3.8,2076,1.97,30257,3410,05-MAY-2026
OPTSTK,DEMOSTK,25-JUN-2026,1700,PE,294.46,294.86,292.51,293.24,293.24,412,30.2,15660,-2012,05-MAY-2026
OPTSTK,DEMOSTK,28-MAY-2026,1300,CE,113.94,116.36,111.07,114.69,114.69,129,3.7,7322,-1804,06-MAY-2026
OPTSTK,DEMOSTK,28-MAY-2026,1300,PE,5.74,7.65,3.0,4.39,4.39,1026,1.13,47048,2277,06-MAY-2026
OPTSTK,DEMOSTK,28-MAY-2026,1320,CE,95.88,98.03,94.26,94.4,94.4,554,13.07,31464,3087,06-MAY-2026
OPTSTK,DEMOSTK,28-MAY-2026,1320,PE,10.0,10.33,8.59,8.95,8.95,610,1.36,36494,4696,06-MAY-2026
OPTSTK,DEMOSTK,28-MAY-2026,1340,CE,75.4,78.5,74.01,76.49,76.49,1674,32.01,11769,-4697,06-MAY-2026
OPTSTK,DEMOSTK,28-MAY-2026,1340,PE,14.43,16.14,11.91,14.88,14.88,2202,8.19,3372,1482,06-MAY-2026
OPTSTK,DEMOSTK,28-MAY-2026,1360,CE,66.54,69.42,65.34,68.33,68.33,1422,24.29,47892,2136,06-MAY-2026
OPTSTK,DEMOSTK,28-MAY-2026,1360,PE,15.37,18.33,14.15,15.11,15.11,1690,6.38,37770,-4123,06-MAY-2026
OPTSTK,DEMOSTK,28-MAY-2026,1380,CE,37.87,41.32,36.81,39.28,39.28,1779,17.47,44458,-4811,06-MAY-2026
OPTSTK,DEMOSTK,28-MAY-2026,1380,PE,8.77,8.98,7.35,8.65,8.65,2117,4.58,44852,-4659,06-MAY-2026
OPTSTK,DEMOSTK,28-MAY-2026,1400,CE,17.88,19.39,14.89,18.2,18.2,1908,8.68,42498,-4234,06-MAY-2026
OPTSTK,DEMOSTK,28-MAY-2026,1400,PE,19.07,21.72,17.43,17.53,17.53,2677,11.73,41693,-646,06-MAY-2026
OPTSTK,DEMOSTK,28-MAY-2026,1420,CE,20.21,22.09,17.3,19.72,19.72,196,0.97,41714,-3354,06-MAY-2026
OPTSTK,DEMOSTK,28-MAY-2026,1420,PE,16.23,17.53,13.3,16.15,16.15,1227,4.95,8408,3,06-MAY-2026
OPTSTK,DEMOSTK,28-MAY-2026,1440,CE,7.13,8.64,4.25,8.46,8.46,2154,4.56,18590,-3616,06-MAY-2026
OPTSTK,DEMOSTK,28-MAY-2026,1440,PE,39.32,39.77,38.81,39.18,39.18,588,5.76,20241,1660,06-MAY-2026
OPTSTK,DEMOSTK,28-MAY-2026,1460,CE,10.33,13.44,8.11,11.23,11.23,1226,3.44,30762,4993,06-MAY-2026
OPTSTK,DEMOSTK,28-MAY-2026,1460,PE,60.63,62.9,58.98,61.74,61.74,1552,23.96,31204,3978,06-MAY-2026
OPTSTK,DEMOSTK,28-MAY-2026,1480,CE,6.24,8.79,6.15,6.33,6.33,1416,2.24,15521,-1907,06-MAY-2026
OPTSTK,DEMOSTK,28-MAY-2026,1480,PE,77.45,79.68,77.41,77.92,77.92,1494,29.1,11636,-1092,06-MAY-2026
OPTSTK,DEMOSTK,28-MAY-2026,1500,CE,5.18,6.69,2.54,5.88,5.88,935,1.37,20366,-4068,06-MAY-2026
OPTSTK,DEMOSTK,28-MAY-2026,1500,PE,98.73,100.3,96.12,100.1,100.1,1852,46.35,44104,-3984,06-MAY-2026
OPTSTK,DEMOSTK,28-MAY-2026,1520,CE,8.57,9.63,4.94,7.23,7.23,2183,3.95,15756,-2469,06-MAY-2026
OPTSTK,DEMOSTK,28-MAY-2026,1520,PE,115.53,115.95,114.25,114.86,114.86,2551,73.25,19136,3483,06-MAY-2026
OPTSTK,DEMOSTK,28-MAY-2026,1540,CE,3.73,6.5,0.05,2.3,2.3,1150,0.66,42331,-2915,06-MAY-2026
OPTSTK,DEMOSTK,28-MAY-2026,1540,PE,132.36,135.18,130.71,133.95,133.95,531,17.78,33629,1512,06-MAY-2026
OPTSTK,DEMOSTK,28-MAY-2026,1560,CE,8.92,10.17,6.28,8.63,8.63,2595,5.6,40802,-3181,06-MAY-2026
OPTSTK,DEMOSTK,28-MAY-2026,1560,PE,152.64,154.2,150.47,152.83,152.83,1249,47.72,24131,1400,06-MAY-2026
OPTSTK,DEMOSTK,28-MAY-2026,1580,CE,4.6,6.54,4.2,4.22,4.22,2096,2.21,25947,2275,06-MAY-2026
OPTSTK,DEMOSTK,28-MAY-2026,1580,PE,171.67,174.08,170.21,171.52,171.52,1594,68.35,39114,-1200,06-MAY-2026
OPTSTK,DEMOSTK,28-MAY-2026,1600,CE,2.81,3.78,0.05,1.13,1.13,1043,0.29,22352,-1653,06-MAY-2026
OPTSTK,DEMOSTK,28-MAY-2026,1600,PE,195.54,198.41,193.89,193.97,193.97,1100,53.34,38023,3148,06-MAY-2026
OPTSTK,DEMOSTK,28-MAY-2026,1620,CE,1.88,2.82,0.05,1.73,1.73,1840,0.8,34911,3474,06-MAY-2026
OPTSTK,DEMOSTK,28-MAY-2026,1620,PE,211.79,213.46,211.67,212.07,212.07,2819,149.46,24010,2423,06-MAY-2026
OPTSTK,DEMOSTK,28-MAY-2026,1640,CE,4.91,6.49,3.9,4.2,4.2,1583,1.66,33827,1568,06-MAY-2026
OPTSTK,DEMOSTK,28-MAY-2026,1640,PE,233.48,233.94,231.21,231.77,231.77,1775,102.85,32897,1580,06-MAY-2026
OPTSTK,DEMOSTK,28-MAY-2026,1660,CE,2.77,5.76,1.24,2.27,2.27,2221,1.26,49920,-3489,06-MAY-2026
OPTSTK,DEMOSTK,28-MAY-2026,1660,PE,249.22,252.89,246.74,249.95,249.95,2149,134.29,12507,-3190,06-MAY-2026
OPTSTK,DEMOSTK,28-MAY-2026,1680,CE,2.27,4.12,0.05,3.09,3.09,2134,1.65,28583,-2438,06-MAY-2026
OPTSTK,DEMOSTK,28-MAY-2026,1680,PE,272.56,273.18,268.62,271.3,271.3,1738,117.88,12954,-4015,06-MAY-2026
OPTSTK,DEMOSTK,28-MAY-2026,1700,CE,3.4,4.46,0.05,2.99,2.99,2657,1.99,48373,-4307,06-MAY-2026
OPTSTK,DEMOSTK,28-MAY-2026,1700,PE,289.97,291.94,287.84,291.93,291.93,2314,168.88,1256,-12,06-MAY-2026
OPTSTK,DEMOSTK,25-JUN-2026,1300,CE,117.63,119.29,117.54,119.24,119.24,767,22.86,33627,4064,06-MAY-2026
OPTSTK,DEMOSTK,25-JUN-2026,1300,PE,11.88,14.57,8.86,10.4,10.4,638,1.66,38648,-1748,06-MAY-2026
OPTSTK,DEMOSTK,25-JUN-2026,1320,CE,99.1,101.08,96.82,100.61,100.61,486,12.22,2902,-3360,06-MAY-2026
OPTSTK,DEMOSTK,25-JUN-2026,1320,PE,5.59,7.06,2.4,3.8,3.8,1813,1.72,5070,-4796,06-MAY-2026
OPTSTK,DEMOSTK,25-JUN-2026,1340,CE,87.19,87.62,86.16,86.87,86.87,1178,25.58,12102,-4462,06-MAY-2026
OPTSTK,DEMOSTK,25-JUN-2026,1340,PE,6.21,10.52,4.46,7.81,7.81,1479,2.89,13560,2370,06-MAY-2026
OPTSTK,DEMOSTK,25-JUN-2026,1360,CE,65.44,68.02,64.25,67.36,67.36,229,3.86,29812,-4106,06-MAY-2026
OPTSTK,DEMOSTK,25-JUN-2026,1360,PE,15.0,16.13,12.21,16.0,16.0,760,3.04,21630,-4900,06-MAY-2026
OPTSTK,DEMOSTK,25-JUN-2026,1380,CE,56.49,57.4,53.42,55.23,55.23,2079,28.71,5425,-1020,06-MAY-2026
OPTSTK,DEMOSTK,25-JUN-2026,1380,PE,19.6,21.35,17.66,18.9,18.9,1682,7.95,47646,2936,06-MAY-2026
OPTSTK,DEMOSTK,25-JUN-2026,1400,CE,17.14,17.4,15.16,15.67,15.67,1602,6.28,13225,-4875,06-MAY-2026
OPTSTK,DEMOSTK,25-JUN-2026,1400,PE,27.1,29.62,26.76,27.94,27.94,2236,15.62,26270,503,06-MAY-2026
OPTSTK,DEMOSTK,25-JUN-2026,1420,CE,12.24,14.35,9.76,13.98,13.98,1488,5.2,37296,-987,06-MAY-2026
OPTSTK,DEMOSTK,25-JUN-2026,1420,PE,22.16,23.32,20.85,22.29,22.29,1193,6.65,44533,-4586,06-MAY-2026
OPTSTK,DEMOSTK,25-JUN-2026,1440,CE,10.02,13.52,9.74,11.4,11.4,1154,3.29,36708,-2907,06-MAY-2026
OPTSTK,DEMOSTK,25-JUN-2026,1440,PE,44.89,47.4,44.17,45.02,45.02,1556,17.51,24128,-1454,06-MAY-2026
OPTSTK,DEMOSTK,25-JUN-2026,1460,CE,17.85,21.22,17.23,18.34,18.34,1999,9.17,34084,-1651,06-MAY-2026
OPTSTK,DEMOSTK,25-JUN-2026,1460,PE,56.5,57.08,54.38,56.69,56.69,1118,15.84,40056,2214,06-MAY-2026
OPTSTK,DEMOSTK,25-JUN-2026,1480,CE,13.45,14.72,11.63,13.98,13.98,920,3.22,9225,-2989,06-MAY-2026
OPTSTK,DEMOSTK,25-JUN-2026,1480,PE,82.76,86.95,80.55,84.39,84.39,1626,34.3,2881,4300,06-MAY-2026
OPTSTK,DEMOSTK,25-JUN-2026,1500,CE,3.07,7.14,0.99,5.01,5.01,998,1.25,22039,-1915,06-MAY-2026
OPTSTK,DEMOSTK,25-JUN-2026,1500,PE,100.85,104.1,99.77,102.41,102.41,2099,53.74,20461,-1841,06-MAY-2026
OPTSTK,DEMOSTK,25-JUN-2026,1520,CE,2.48,3.91,2.1,3.23,3.23,2985,2.41,27147,-374,06-MAY-2026
OPTSTK,DEMOSTK,25-JUN-2026,1520,PE,117.58,118.97,114.32,116.2,116.2,2624,76.23,9661,-470,06-MAY-2026
OPTSTK,DEMOSTK,25-JUN-2026,1540,CE,3.64,6.57,1.57,4.17,4.17,1739,1.81,2655,2578,06-MAY-2026
OPTSTK,DEMOSTK,25-JUN-2026,1540,PE,135.17,136.23,131.89,133.78,133.78,794,26.56,20102,-3113,06-MAY-2026
OPTSTK,DEMOSTK,25-JUN-2026,1560,CE,4.91,5.57,2.44,4.47,4.47,1707,1.91,3621,4970,06-MAY-2026
OPTSTK,DEMOSTK,25-JUN-2026,1560,PE,150.83,152.95,149.69,152.04,152.04,210,7.98,37198,94,06-MAY-2026
OPTSTK,DEMOSTK,25-JUN-2026,1580,CE,8.39,10.08,5.94,6.62,6.62,2089,3.46,47965,3532,06-MAY-2026
OPTSTK,DEMOSTK,25-JUN-2026,1580,PE,171.9,174.21,170.85,172.16,172.16,53,2.28,8331,-309,06-MAY-2026
OPTSTK,DEMOSTK,25-JUN-2026,1600,CE,8.22,9.98,4.63,6.72,6.72,1051,1.77,45634,-3179,06-MAY-2026
OPTSTK,DEMOSTK,25-JUN-2026,1600,PE,189.2,192.26,188.16,189.93,189.93,402,19.09,28343,1449,06-MAY-2026
OPTSTK,DEMOSTK,25-JUN-2026,1620,CE,6.45,7.11,4.41,5.99,5.99,1479,2.21,28785,2250,06-MAY-2026
OPTSTK,DEMOSTK,25-JUN-2026,1620,PE,215.12,217.34,211.86,214.35,214.35,2622,140.51,42022,2418,06-MAY-2026
OPTSTK,DEMOSTK,25-JUN-2026,1640,CE,4.16,4.78,1.43,3.45,3.45,572,0.49,33080,-1899,06-MAY-2026
OPTSTK,DEMOSTK,25-JUN-2026,1640,PE,230.55,232.97,228.96,229.74,229.74,2288,131.41,11727,-1134,06-MAY-2026
OPTSTK,DEMOSTK,25-JUN-2026,1660,CE,2.63,3.81,1.56,3.63,3.63,1736,1.58,7064,-1701,06-MAY-2026
OPTSTK,DEMOSTK,25-JUN-2026,1660,PE,251.37,254.88,249.91,252.82,252.82,2027,128.12,16589,-1040,06-MAY-2026
OPTSTK,DEMOSTK,25-JUN-2026,1680,CE,1.6,2.0,0.05,0.83,0.83,2909,0.6,20619,-2815,06-MAY-2026
OPTSTK,DEMOSTK,25-JUN-2026,1680,PE,272.68,275.8,271.68,274.11,274.11,533,36.53,36930,1957,06-MAY-2026
OPTSTK,DEMOSTK,25-JUN-2026,1700,CE,3.43,6.75,1.63,4.75,4.75,1938,2.3,27614,-1620,06-MAY-2026
OPTSTK,DEMOSTK,25-JUN-2026,1700,PE,289.27,291.19,288.65,290.11,290.11,297,21.54,19407,-21,06-MAY-2026
OPTSTK,DEMOSTK,28-MAY-2026,1300,CE,119.35,120.69,118.2,118.54,118.54,1379,40.87,30168,2678,07-MAY-2026
OPTSTK,DEMOSTK,28-MAY-2026,1300,PE,6.26,8.77,6.12,7.1,7.1,1969,3.49,32819,-3625,07-MAY-2026
OPTSTK,DEMOSTK,28-MAY-2026,1320,CE,104.58,107.47,103.79,105.25,105.25,2692,70.83,33038,2114,07-MAY-2026
OPTSTK,DEMOSTK,28-MAY-2026,1320,PE,8.38,9.35,6.16,7.24,7.24,422,0.76,43238,-315,07-MAY-2026
OPTSTK,DEMOSTK,28-MAY-2026,1340,CE,86.78,88.74,84.29,85.04,85.04,1057,22.47,6121,-2729,07-MAY-2026
OPTSTK,DEMOSTK,28-MAY-2026,1340,PE,9.58,12.67,9.14,11.48,11.48,1556,4.47,13172,3608,07-MAY-2026
OPTSTK,DEMOSTK,28-MAY-2026,1360,CE,70.98,71.49,66.92,69.27,69.27,1321,22.88,49648,352,07-MAY-2026
OPTSTK,DEMOSTK,28-MAY-2026,1360,PE,8.16,9.23,6.88,7.57,7.57,608,1.15,37119,1050,07-MAY-2026
OPTSTK,DEMOSTK,28-MAY-2026,1380,CE,49.62,50.78,49.3,50.61,50.61,2623,33.19,47240,1606,07-MAY-2026
OPTSTK,DEMOSTK,28-MAY-2026,1380,PE,18.35,19.83,15.07,16.57,16.57,695,2.88,20632,4873,07-MAY-2026
OPTSTK,DEMOSTK,28-MAY-2026,1400,CE,25.98,29.72,25.49,27.66,27.66,1865,12.9,42730,1576,07-MAY-2026
OPTSTK,DEMOSTK,28-MAY-2026,1400,PE,2.32,5.48,1.75,4.16,4.16,1575,1.64,1183,-4476,07-MAY-2026
OPTSTK,DEMOSTK,28-MAY-2026,1420,CE,19.17,21.53,16.47,17.75,17.75,1210,5.37,5718,-4094,07-MAY-2026
OPTSTK,DEMOSTK,28-MAY-2026,1420,PE,16.52,17.86,15.2,16.84,16.84,2778,11.7,12552,-2306,07-MAY-2026
OPTSTK,DEMOSTK,28-MAY-2026,1440,CE,6.75,11.14,4.72,8.73,8.73,2374,5.18,13806,2681,07-MAY-2026
OPTSTK,DEMOSTK,28-MAY-2026,1440,PE,28.11,30.2,25.2,28.82,28.82,2612,18.82,11116,1575,07-MAY-2026
OPTSTK,DEMOSTK,28-MAY-2026,1460,CE,17.14,19.57,16.48,16.66,16.66,2820,11.75,22727,4980,07-MAY-2026
OPTSTK,DEMOSTK,28-MAY-2026,1460,PE,57.3,58.56,55.93,57.04,57.04,2739,39.06,43425,-2758,07-MAY-2026
OPTSTK,DEMOSTK,28-MAY-2026,1480,CE,5.48,8.77,5.4,6.11,6.11,823,1.26,15580,2329,07-MAY-2026
OPTSTK,DEMOSTK,28-MAY-2026,1480,PE,74.89,78.04,73.23,76.3,76.3,1755,33.48,24593,3683,07-MAY-2026
OPTSTK,DEMOSTK,28-MAY-2026,1500,CE,4.51,5.52,3.83,4.74,4.74,880,1.04,36921,-3161,07-MAY-2026
OPTSTK,DEMOSTK,28-MAY-2026,1500,PE,90.77,92.72,88.86,89.42,89.42,2795,62.48,17485,3016,07-MAY-2026
OPTSTK,DEMOSTK,28-MAY-2026,1520,CE,3.85,5.64,1.76,4.02,4.02,2152,2.16,39565,4287,07-MAY-2026
OPTSTK,DEMOSTK,28-MAY-2026,1520,PE,107.01,107.6,105.69,107.38,107.38,2110,56.64,37081,3310,07-MAY-2026
OPTSTK,DEMOSTK,28-MAY-2026,1540,CE,8.94,9.28,4.94,7.91,7.91,2160,4.27,7690,2536,07-MAY-2026
OPTSTK,DEMOSTK,28-MAY-2026,1540,PE,133.44,134.38,130.56,133.87,133.87,2356,78.85,32136,-3475,07-MAY-2026
OPTSTK,DEMOSTK,28-MAY-2026,1560,CE,3.32,3.49,1.51,2.22,2.22,1575,0.87,3735,-4752,07-MAY-2026
OPTSTK,DEMOSTK,28-MAY-2026,1560,PE,153.28,154.66,151.1,151.46,151.46,605,22.91,28916,-3564,07-MAY-2026
OPTSTK,DEMOSTK,28-MAY-2026,1580,CE,6.29,7.98,2.05,4.8,4.8,1502,1.8,12010,1012,07-MAY-2026
OPTSTK,DEMOSTK,28-MAY-2026,1580,PE,169.85,172.77,167.81,170.48,170.48,1097,46.75,9042,-1080,07-MAY-2026
OPTSTK,DEMOSTK,28-MAY-2026,1600,CE,3.45,6.29,0.33,2.5,2.5,228,0.14,40570,790,07-MAY-2026
OPTSTK,DEMOSTK,28-MAY-2026,1600,PE,186.31,188.72,185.77,186.11,186.11,2815,130.97,16889,-829,07-MAY-2026
OPTSTK,DEMOSTK,28-MAY-2026,1620,CE,2.63,2.69,0.05,1.85,1.85,1851,0.86,8443,-4657,07-MAY-2026
OPTSTK,DEMOSTK,28-MAY-2026,1620,PE,205.55,208.03,205.1,207.25,207.25,1237,64.09,46033,1239,07-MAY-2026
OPTSTK,DEMOSTK,28-MAY-2026,1640,CE,3.95,4.7,0.61,3.6,3.6,1150,1.03,30103,-4774,07-MAY-2026
OPTSTK,DEMOSTK,28-MAY-2026,1640,PE,227.54,229.0,224.11,225.56,225.56,179,10.09,3323,-3778,07-MAY-2026
OPTSTK,DEMOSTK,28-MAY-2026,1660,CE,2.49,4.53,0.05,1.22,1.22,1998,0.61,11373,2349,07-MAY-2026
OPTSTK,DEMOSTK,28-MAY-2026,1660,PE,248.39,250.22,246.67,246.9,246.9,1398,86.29,35620,-1456,07-MAY-2026
OPTSTK,DEMOSTK,28-MAY-2026,1680,CE,0.21,3.56,0.05,1.69,1.69,1528,0.65,48660,2663,07-MAY-2026
OPTSTK,DEMOSTK,28-MAY-2026,1680,PE,266.55,269.49,265.61,266.68,266.68,1424,94.94,38955,2920,07-MAY-2026
OPTSTK,DEMOSTK,28-MAY-2026,1700,CE,-0.15,3.15,0.05,1.77,1.77,235,0.1,42344,-2611,07-MAY-2026
OPTSTK,DEMOSTK,28-MAY-2026,1700,PE,286.69,289.27,286.5,288.12,288.12,1123,80.89,24385,4321,07-MAY-2026
OPTSTK,DEMOSTK,25-JUN-2026,1300,CE,125.64,126.06,123.2,125.3,125.3,2346,73.49,7242,-1736,07-MAY-2026
OPTSTK,DEMOSTK,25-JUN-2026,1300,PE,13.55,15.45,11.93,13.02,13.02,1203,3.92,16600,-2688,07-MAY-2026
OPTSTK,DEMOSTK,25-JUN-2026,1320,CE,107.77,110.84,105.55,108.55,108.55,2134,57.91,42629,-983,07-MAY-2026
OPTSTK,DEMOSTK,25-JUN-2026,1320,PE,8.32,9.54,7.94,8.12,8.12,1431,2.9,45024,295,07-MAY-2026
OPTSTK,DEMOSTK,25-JUN-2026,1340,CE,95.09,96.6,91.28,93.96,93.96,1011,23.75,23887,-2530,07-MAY-2026
OPTSTK,DEMOSTK,25-JUN-2026,1340,PE,3.3,7.88,1.94,5.27,5.27,1874,2.47,26957,4318,07-MAY-2026
OPTSTK,DEMOSTK,25-JUN-2026,1360,CE,75.58,77.34,73.43,73.86,73.86,2998,55.36,21217,-870,07-MAY-2026
OPTSTK,DEMOSTK,25-JUN-2026,1360,PE,18.06,20.87,16.83,17.85,17.85,829,3.7,39230,-3689,07-MAY-2026
OPTSTK,DEMOSTK,25-JUN-2026,1380,CE,50.82,52.66,49.42,51.6,51.6,2877,37.11,29067,-3891,07-MAY-2026
OPTSTK,DEMOSTK,25-JUN-2026,1380,PE,21.46,22.71,18.77,22.18,22.18,2288,12.69,2512,-2304,07-MAY-2026
OPTSTK,DEMOSTK,25-JUN-2026,1400,CE,33.1,34.21,32.96,34.15,34.15,1884,16.08,14129,4877,07-MAY-2026
OPTSTK,DEMOSTK,25-JUN-2026,1400,PE,10.67,10.97,9.93,10.66,10.66,282,0.75,9455,4847,07-MAY-2026
OPTSTK,DEMOSTK,25-JUN-2026,1420,CE,3.45,7.61,1.72,5.16,5.16,2995,3.86,9956,-4918,07-MAY-2026
OPTSTK,DEMOSTK,25-JUN-2026,1420,PE,13.78,16.41,11.71,13.63,13.63,162,0.55,14908,268,07-MAY-2026
OPTSTK,DEMOSTK,25-JUN-2026,1440,CE,12.25,14.2,10.03,11.25,11.25,2831,7.96,23136,-2141,07-MAY-2026
OPTSTK,DEMOSTK,25-JUN-2026,1440,PE,29.52,30.0,27.64,29.86,29.86,1420,10.6,33398,4795,07-MAY-2026
OPTSTK,DEMOSTK,25-JUN-2026,1460,CE,13.56,16.18,11.72,11.8,11.8,1347,3.97,37971,135,07-MAY-2026
OPTSTK,DEMOSTK,25-JUN-2026,1460,PE,49.85,52.02,48.4,49.39,49.39,432,5.33,2219,-2441,07-MAY-2026
OPTSTK,DEMOSTK,25-JUN-2026,1480,CE,7.13,9.65,5.94,7.01,7.01,1531,2.68,28736,637,07-MAY-2026
OPTSTK,DEMOSTK,25-JUN-2026,1480,PE,78.59,80.25,76.27,78.24,78.24,2514,49.17,38681,420,07-MAY-2026
OPTSTK,DEMOSTK,25-JUN-2026,1500,CE,7.06,9.5,5.16,6.59,6.59,179,0.29,43421,66,07-MAY-2026
OPTSTK,DEMOSTK,25-JUN-2026,1500,PE,98.94,101.06,97.06,98.74,98.74,1530,37.77,35296,3677,07-MAY-2026
OPTSTK,DEMOSTK,25-JUN-2026,1520,CE,15.05,16.55,13.62,16.52,16.52,2734,11.29,24756,-2533,07-MAY-2026
OPTSTK,DEMOSTK,25-JUN-2026,1520,PE,121.07,124.43,120.8,122.16,122.16,164,5.01,41935,-2803,07-MAY-2026
OPTSTK,DEMOSTK,25-JUN-2026,1540,CE,3.76,4.37,1.26,3.59,3.59,1111,1.0,40719,990,07-MAY-2026
OPTSTK,DEMOSTK,25-JUN-2026,1540,PE,138.12,140.73,133.94,136.51,136.51,713,24.33,35635,-4525,07-MAY-2026
OPTSTK,DEMOSTK,25-JUN-2026,1560,CE,6.36,7.68,2.94,5.52,5.52,923,1.27,42689,639,07-MAY-2026
OPTSTK,DEMOSTK,25-JUN-2026,1560,PE,156.0,157.08,153.63,156.44,156.44,158,6.18,8065,-4748,07-MAY-2026
OPTSTK,DEMOSTK,25-JUN-2026,1580,CE,2.52,3.73,0.05,1.94,1.94,295,0.14,15949,4243,07-MAY-2026
OPTSTK,DEMOSTK,25-JUN-2026,1580,PE,171.23,172.36,167.63,169.6,169.6,967,41.0,3012,-873,07-MAY-2026
OPTSTK,DEMOSTK,25-JUN-2026,1600,CE,2.02,2.75,0.12,1.18,1.18,1385,0.41,28892,-435,07-MAY-2026
OPTSTK,DEMOSTK,25-JUN-2026,1600,PE,189.95,190.6,186.26,187.97,187.97,691,32.47,32284,-621,07-MAY-2026
OPTSTK,DEMOSTK,25-JUN-2026,1620,CE,4.31,6.66,4.04,5.76,5.76,66,0.1,32821,-909,07-MAY-2026
OPTSTK,DEMOSTK,25-JUN-2026,1620,PE,207.28,209.07,205.19,206.55,206.55,2422,125.07,4416,-1563,07-MAY-2026
OPTSTK,DEMOSTK,25-JUN-2026,1640,CE,6.17,6.31,2.91,5.23,5.23,1848,2.42,12947,2123,07-MAY-2026
OPTSTK,DEMOSTK,25-JUN-2026,1640,PE,232.18,233.07,230.13,230.2,230.2,506,29.12,10956,-4846,07-MAY-2026
OPTSTK,DEMOSTK,25-JUN-2026,1660,CE,0.7,3.0,0.05,1.49,1.49,741,0.28,31440,1507,07-MAY-2026
OPTSTK,DEMOSTK,25-JUN-2026,1660,PE,245.54,248.94,243.39,246.18,246.18,1424,87.64,3157,4589,07-MAY-2026
OPTSTK,DEMOSTK,25-JUN-2026,1680,CE,3.19,5.26,1.91,2.02,2.02,2117,1.07,40005,-1205,07-MAY-2026
OPTSTK,DEMOSTK,25-JUN-2026,1680,PE,269.49,271.68,268.56,268.7,268.7,1346,90.42,5230,-3193,07-MAY-2026
OPTSTK,DEMOSTK,25-JUN-2026,1700,CE,1.38,1.84,0.09,1.43,1.43,783,0.28,15674,3854,07-MAY-2026
OPTSTK,DEMOSTK,25-JUN-2026,1700,PE,287.43,288.93,286.14,286.48,286.48,1498,107.29,33523,-3734,07-MAY-2026
OPTSTK,DEMOSTK,28-MAY-2026,1300,CE,120.05,124.09,117.4,121.19,121.19,346,10.48,18889,-2097,08-MAY-2026
OPTSTK,DEMOSTK,28-MAY-2026,1300,PE,0.64,4.46,0.05,1.56,1.56,246,0.1,27746,4119,08-MAY-2026
OPTSTK,DEMOSTK,28-MAY-2026,1320,CE,107.37,109.28,107.25,108.3,108.3,1908,51.66,36649,-378,08-MAY-2026
OPTSTK,DEMOSTK,28-MAY-2026,1320,PE,8.24,11.19,4.86,7.48,7.48,2989,5.59,18602,1541,08-MAY-2026
OPTSTK,DEMOSTK,28-MAY-2026,1340,CE,83.62,84.77,83.01,83.46,83.46,1628,33.97,27867,-2657,08-MAY-2026
OPTSTK,DEMOSTK,28-MAY-2026,1340,PE,13.19,13.91,11.15,12.65,12.65,1093,3.46,46460,1176,08-MAY-2026
OPTSTK,DEMOSTK,28-MAY-2026,1360,CE,73.19,75.18,71.63,71.89,71.89,2592,46.58,3205,-4189,08-MAY-2026
OPTSTK,DEMOSTK,28-MAY-2026,1360,PE,7.74,9.79,6.18,7.51,7.51,2786,5.23,21684,2462,08-MAY-2026
OPTSTK,DEMOSTK,28-MAY-2026,1380,CE,51.19,55.43,48.63,53.19,53.19,2139,28.44,23436,4704,08-MAY-2026
OPTSTK,DEMOSTK,28-MAY-2026,1380,PE,9.88,12.83,7.51,10.36,10.36,1601,4.15,24278,-3950,08-MAY-2026
OPTSTK,DEMOSTK,28-MAY-2026,1400,CE,25.5,27.34,23.36,25.39,25.39,1369,8.69,5718,3897,08-MAY-2026
OPTSTK,DEMOSTK,28-MAY-2026,1400,PE,14.94,17.24,12.45,13.24,13.24,1988,6.58,48288,697,08-MAY-2026
OPTSTK,DEMOSTK,28-MAY-2026,1420,CE,11.46,12.21,11.03,11.55,11.55,2215,6.4,24861,3584,08-MAY-2026
OPTSTK,DEMOSTK,28-MAY-2026,1420,PE,8.28,10.7,6.26,9.6,9.6,674,1.62,44372,2541,08-MAY-2026
OPTSTK,DEMOSTK,28-MAY-2026,1440,CE,7.0,9.57,3.25,5.21,5.21,227,0.3,22100,1246,08-MAY-2026
OPTSTK,DEMOSTK,28-MAY-2026,1440,PE,33.02,34.3,30.34,31.57,31.57,2927,23.1,17481,1146,08-MAY-2026
OPTSTK,DEMOSTK,28-MAY-2026,1460,CE,3.11,6.09,1.55,3.68,3.68,1904,1.75,44400,-3559,08-MAY-2026
OPTSTK,DEMOSTK,28-MAY-2026,1460,PE,48.77,50.95,48.43,49.61,49.61,2649,32.85,32348,-2141,08-MAY-2026
OPTSTK,DEMOSTK,28-MAY-2026,1480,CE,10.4,13.84,9.3,11.8,11.8,2182,6.44,44271,-1107,08-MAY-2026
OPTSTK,DEMOSTK,28-MAY-2026,1480,PE,73.6,76.0,72.75,73.51,73.51,2328,42.78,14163,-4987,08-MAY-2026
OPTSTK,DEMOSTK,28-MAY-2026,1500,CE,6.59,8.9,4.44,8.36,8.36,1174,2.45,22234,-812,08-MAY-2026
OPTSTK,DEMOSTK,28-MAY-2026,1500,PE,89.38,89.65,86.13,88.04,88.04,413,9.09,14217,-2898,08-MAY-2026
OPTSTK,DEMOSTK,28-MAY-2026,1520,CE,7.03,8.88,4.75,5.86,5.86,229,0.34,48015,2250,08-MAY-2026
OPTSTK,DEMOSTK,28-MAY-2026,1520,PE,107.02,111.11,104.11,108.85,108.85,1815,49.39,43479,4952,08-MAY-2026
OPTSTK,DEMOSTK,28-MAY-2026,1540,CE,7.87,9.62,6.13,8.46,8.46,2583,5.46,13557,4506,08-MAY-2026
OPTSTK,DEMOSTK,28-MAY-2026,1540,PE,128.75,129.74,127.88,128.09,128.09,1874,60.01,25864,1443,08-MAY-2026
OPTSTK,DEMOSTK,28-MAY-2026,1560,CE,5.01,7.72,2.74,5.02,5.02,154,0.19,8065,4712,08-MAY-2026
OPTSTK,DEMOSTK,28-MAY-2026,1560,PE,150.51,152.61,147.46,148.77,148.77,1989,73.98,12549,-3934,08-MAY-2026
OPTSTK,DEMOSTK,28-MAY-2026,1580,CE,3.53,5.1,1.06,3.56,3.56,2795,2.49,16231,-1720,08-MAY-2026
OPTSTK,DEMOSTK,28-MAY-2026,1580,PE,164.96,168.84,163.3,166.8,166.8,1637,68.26,31139,-3065,08-MAY-2026
OPTSTK,DEMOSTK,28-MAY-2026,1600,CE,2.52,4.23,1.08,1.13,1.13,2085,0.59,6783,-1468,08-MAY-2026
OPTSTK,DEMOSTK,28-MAY-2026,1600,PE,185.0,188.82,182.87,186.78,186.78,2027,94.65,4589,4017,08-MAY-2026
OPTSTK,DEMOSTK,28-MAY-2026,1620,CE,2.6,4.68,0.05,2.93,2.93,255,0.19,42059,-2616,08-MAY-2026
OPTSTK,DEMOSTK,28-MAY-2026,1620,PE,203.87,208.06,203.31,205.11,205.11,2257,115.73,19000,3519,08-MAY-2026
OPTSTK,DEMOSTK,28-MAY-2026,1640,CE,0.69,2.21,0.05,1.44,1.44,2326,0.84,26872,3371,08-MAY-2026
OPTSTK,DEMOSTK,28-MAY-2026,1640,PE,227.79,228.71,226.32,227.07,227.07,1607,91.23,29580,3840,08-MAY-2026
OPTSTK,DEMOSTK,28-MAY-2026,1660,CE,0.23,1.58,0.05,1.42,1.42,1581,0.56,31423,3011,08-MAY-2026
OPTSTK,DEMOSTK,28-MAY-2026,1660,PE,245.03,249.25,244.0,246.46,246.46,1919,118.24,47328,4111,08-MAY-2026
OPTSTK,DEMOSTK,28-MAY-2026,1680,CE,3.75,3.78,2.63,2.83,2.83,2363,1.67,22204,-4422,08-MAY-2026
OPTSTK,DEMOSTK,28-MAY-2026,1680,PE,266.13,267.0,262.82,264.95,264.95,2475,163.94,41024,2448,08-MAY-2026
OPTSTK,DEMOSTK,28-MAY-2026,1700,CE,2.85,3.46,1.33,1.94,1.94,787,0.38,29424,-2961,08-MAY-2026
OPTSTK,DEMOSTK,28-MAY-2026,1700,PE,285.62,285.84,282.38,284.17,284.17,787,55.91,1930,4192,08-MAY-2026
OPTSTK,DEMOSTK,25-JUN-2026,1300,CE,127.56,129.56,125.4,128.9,128.9,1257,40.51,14829,3756,08-MAY-2026
OPTSTK,DEMOSTK,25-JUN-2026,1300,PE,12.35,16.52,11.73,13.77,13.77,463,1.59,31517,-3440,08-MAY-2026
OPTSTK,DEMOSTK,25-JUN-2026,1320,CE,100.57,102.35,99.9,102.2,102.2,1105,28.23,47282,2248,08-MAY-2026
OPTSTK,DEMOSTK,25-JUN-2026,1320,PE,12.02,13.57,9.93,13.4,13.4,221,0.74,11495,2312,08-MAY-2026
OPTSTK,DEMOSTK,25-JUN-2026,1340,CE,83.53,86.35,82.57,84.6,84.6,2346,49.62,48143,-2478,08-MAY-2026
OPTSTK,DEMOSTK,25-JUN-2026,1340,PE,7.39,10.01,6.75,8.36,8.36,2775,5.8,16126,1414,08-MAY-2026
OPTSTK,DEMOSTK,25-JUN-2026,1360,CE,78.54,79.7,77.67,79.23,79.23,2732,54.11,36764,-3467,08-MAY-2026
OPTSTK,DEMOSTK,25-JUN-2026,1360,PE,5.68,7.63,4.68,7.08,7.08,1694,3.0,8495,-4365,08-MAY-2026
OPTSTK,DEMOSTK,25-JUN-2026,1380,CE,56.83,61.11,53.84,58.34,58.34,2197,32.04,35493,-3806,08-MAY-2026
OPTSTK,DEMOSTK,25-JUN-2026,1380,PE,9.26,12.12,7.77,9.87,9.87,430,1.06,14140,2942,08-MAY-2026
OPTSTK,DEMOSTK,25-JUN-2026,1400,CE,26.27,28.81,24.0,27.06,27.06,874,5.91,10155,2707,08-MAY-2026
OPTSTK,DEMOSTK,25-JUN-2026,1400,PE,11.89,14.43,9.64,10.32,10.32,1278,3.3,3123,4504,08-MAY-2026
OPTSTK,DEMOSTK,25-JUN-2026,1420,CE,21.17,22.2,16.47,19.3,19.3,2739,13.22,20662,-4180,08-MAY-2026
OPTSTK,DEMOSTK,25-JUN-2026,1420,PE,11.22,13.26,10.23,11.82,11.82,1541,4.55,12721,-3204,08-MAY-2026
OPTSTK,DEMOSTK,25-JUN-2026,1440,CE,21.37,22.39,19.69,22.18,22.18,441,2.45,49952,4036,08-MAY-2026
OPTSTK,DEMOSTK,25-JUN-2026,1440,PE,28.41,30.94,28.3,29.76,29.76,212,1.58,34643,4490,08-MAY-2026
OPTSTK,DEMOSTK,25-JUN-2026,1460,CE,5.98,6.38,3.66,5.39,5.39,1495,2.01,5996,1139,08-MAY-2026
OPTSTK,DEMOSTK,25-JUN-2026,1460,PE,63.34,64.42,60.41,62.4,62.4,418,6.52,22733,-4919,08-MAY-2026
OPTSTK,DEMOSTK,25-JUN-2026,1480,CE,20.81,22.25,18.87,19.32,19.32,435,2.1,7981,-1089,08-MAY-2026
OPTSTK,DEMOSTK,25-JUN-2026,1480,PE,68.71,70.34,68.36,68.73,68.73,1966,33.78,17119,-2313,08-MAY-2026
OPTSTK,DEMOSTK,25-JUN-2026,1500,CE,10.68,13.28,7.83,12.51,12.51,1211,3.79,27458,4097,08-MAY-2026
OPTSTK,DEMOSTK,25-JUN-2026,1500,PE,88.17,90.38,85.56,89.66,89.66,2105,47.18,16705,-3444,08-MAY-2026
OPTSTK,DEMOSTK,25-JUN-2026,1520,CE,4.34,5.81,0.2,2.57,2.57,2386,1.53,14823,-1244,08-MAY-2026
OPTSTK,DEMOSTK,25-JUN-2026,1520,PE,105.83,109.66,102.84,107.14,107.14,1786,47.84,26773,3488,08-MAY-2026
OPTSTK,DEMOSTK,25-JUN-2026,1540,CE,3.75,4.11,1.48,3.47,3.47,941,0.82,16330,-1010,08-MAY-2026
OPTSTK,DEMOSTK,25-JUN-2026,1540,PE,134.47,136.6,133.14,133.33,133.33,1056,35.2,5787,4816,08-MAY-2026
OPTSTK,DEMOSTK,25-JUN-2026,1560,CE,3.83,6.08,1.51,5.44,5.44,765,1.04,20897,604,08-MAY-2026
OPTSTK,DEMOSTK,25-JUN-2026,1560,PE,147.15,148.93,145.56,146.11,146.11,1350,49.31,27998,1670,08-MAY-2026
OPTSTK,DEMOSTK,25-JUN-2026,1580,CE,2.82,3.26,0.14,1.67,1.67,734,0.31,10911,641,08-MAY-2026
OPTSTK,DEMOSTK,25-JUN-2026,1580,PE,170.6,174.56,168.54,171.79,171.79,2952,126.78,5383,-4954,08-MAY-2026
OPTSTK,DEMOSTK,25-JUN-2026,1600,CE,6.46,8.03,4.12,6.54,6.54,332,0.54,40551,-3974,08-MAY-2026
OPTSTK,DEMOSTK,25-JUN-2026,1600,PE,186.41,188.95,183.55,185.91,185.91,428,19.89,43660,721,08-MAY-2026
OPTSTK,DEMOSTK,25-JUN-2026,1620,CE,5.04,6.52,1.51,3.83,3.83,2082,1.99,9843,-752,08-MAY-2026
OPTSTK,DEMOSTK,25-JUN-2026,1620,PE,210.33,213.04,206.35,208.58,208.58,2835,147.83,39691,-2302,08-MAY-2026
OPTSTK,DEMOSTK,25-JUN-2026,1640,CE,4.36,6.71,0.45,3.06,3.06,1274,0.97,39901,3710,08-MAY-2026
OPTSTK,DEMOSTK,25-JUN-2026,1640,PE,228.21,228.41,225.33,227.68,227.68,1082,61.59,16210,-1067,08-MAY-2026
OPTSTK,DEMOSTK,25-JUN-2026,1660,CE,1.66,2.54,0.18,1.83,1.83,2857,1.31,47556,-4178,08-MAY-2026
OPTSTK,DEMOSTK,25-JUN-2026,1660,PE,247.45,249.83,244.26,246.31,246.31,1453,89.47,25839,1655,08-MAY-2026
OPTSTK,DEMOSTK,25-JUN-2026,1680,CE,4.64,7.75,2.26,5.73,5.73,2766,3.96,39985,1989,08-MAY-2026
OPTSTK,DEMOSTK,25-JUN-2026,1680,PE,266.41,269.86,266.36,268.39,268.39,503,33.75,32154,1859,08-MAY-2026
OPTSTK,DEMOSTK,25-JUN-2026,1700,CE,2.14,3.38,0.5,2.94,2.94,390,0.29,24181,1453,08-MAY-2026
OPTSTK,DEMOSTK,25-JUN-2026,1700,PE,289.14,290.02,288.4,288.66,288.66,1160,83.71,13274,2242,08-MAY-2026
OPTSTK,DEMOSTK,28-MAY-2026,1300,CE,125.14,125.87,124.34,124.99,124.99,2618,81.81,3721,1154,11-MAY-2026
OPTSTK,DEMOSTK,28-MAY-2026,1300,PE,6.18,8.25,3.31,7.44,7.44,1534,2.85,11971,-1327,11-MAY-2026
OPTSTK,DEMOSTK,28-MAY-2026,1320,CE,106.42,109.07,102.28,105.16,105.16,1313,34.52,33746,218,11-MAY-2026
OPTSTK,DEMOSTK,28-MAY-2026,1320,PE,9.79,12.76,9.19,9.76,9.76,714,1.74,26620,3637,11-MAY-2026
OPTSTK,DEMOSTK,28-MAY-2026,1340,CE,83.75,84.06,81.6,82.34,82.34,2365,48.68,44066,-891,11-MAY-2026
OPTSTK,DEMOSTK,28-MAY-2026,1340,PE,9.58,12.53,6.68,8.88,8.88,2154,4.78,44654,1171,11-MAY-2026
OPTSTK,DEMOSTK,28-MAY-2026,1360,CE,64.94,65.7,62.68,63.93,63.93,2156,34.46,41895,425,11-MAY-2026
OPTSTK,DEMOSTK,28-MAY-2026,1360,PE,8.5,9.59,4.69,6.67,6.67,2638,4.4,45978,1158,11-MAY-2026
OPTSTK,DEMOSTK,28-MAY-2026,1380,CE,55.4,55.58,52.21,54.17,54.17,2070,28.03,24836,-4706,11-MAY-2026
OPTSTK,DEMOSTK,28-MAY-2026,1380,PE,3.94,5.99,0.93,2.6,2.6,1883,1.22,21391,3396,11-MAY-2026
OPTSTK,DEMOSTK,28-MAY-2026,1400,CE,35.75,38.0,34.72,34.83,34.83,1382,12.03,32619,-2756,11-MAY-2026
OPTSTK,DEMOSTK,28-MAY-2026,1400,PE,3.92,4.73,1.61,2.17,2.17,2412,1.31,34291,-4236,11-MAY-2026
OPTSTK,DEMOSTK,28-MAY-2026,1420,CE,16.32,19.4,13.37,17.63,17.63,2619,11.54,16842,-230,11-MAY-2026
OPTSTK,DEMOSTK,28-MAY-2026,1420,PE,11.71,15.25,10.49,13.61,13.61,395,1.34,45334,1233,11-MAY-2026
OPTSTK,DEMOSTK,28-MAY-2026,1440,CE,10.69,11.77,6.08,8.79,8.79,1377,3.03,11608,4423,11-MAY-2026
OPTSTK,DEMOSTK,28-MAY-2026,1440,PE,26.31,29.72,23.63,28.12,28.12,872,6.13,34816,-3990,11-MAY-2026
OPTSTK,DEMOSTK,28-MAY-2026,1460,CE,4.87,5.38,2.98,3.92,3.92,269,0.26,39487,-124,11-MAY-2026
OPTSTK,DEMOSTK,28-MAY-2026,1460,PE,54.37,55.45,51.18,53.26,53.26,1165,15.51,21277,2778,11-MAY-2026
OPTSTK,DEMOSTK,28-MAY-2026,1480,CE,3.23,5.26,2.9,3.95,3.95,1115,1.1,24710,1454,11-MAY-2026
OPTSTK,DEMOSTK,28-MAY-2026,1480,PE,65.78,67.2,64.27,64.61,64.61,2600,42.0,30506,3212,11-MAY-2026
OPTSTK,DEMOSTK,28-MAY-2026,1500,CE,10.52,12.86,9.03,9.97,9.97,672,1.67,19278,3776,11-MAY-2026
OPTSTK,DEMOSTK,28-MAY-2026,1500,PE,85.8,87.81,83.31,85.57,85.57,1177,25.18,26666,943,11-MAY-2026
OPTSTK,DEMOSTK,28-MAY-2026,1520,CE,7.32,10.17,4.77,7.74,7.74,546,1.06,18021,2367,11-MAY-2026
OPTSTK,DEMOSTK,28-MAY-2026,1520,PE,105.68,109.99,103.98,107.51,107.51,1498,40.26,40462,895,11-MAY-2026
OPTSTK,DEMOSTK,28-MAY-2026,1540,CE,2.2,3.44,0.55,3.23,3.23,2518,2.03,45437,1762,11-MAY-2026
OPTSTK,DEMOSTK,28-MAY-2026,1540,PE,127.75,130.54,126.4,126.9,126.9,772,24.49,48377,-3070,11-MAY-2026
OPTSTK,DEMOSTK,28-MAY-2026,1560,CE,5.64,8.88,3.41,6.06,6.06,1449,2.2,27212,1431,11-MAY-2026
OPTSTK,DEMOSTK,28-MAY-2026,1560,PE,142.9,146.15,140.76,143.55,143.55,637,22.86,35851,3539,11-MAY-2026
OPTSTK,DEMOSTK,28-MAY-2026,1580,CE,4.74,5.61,2.39,3.03,3.03,2843,2.15,5322,1769,11-MAY-2026
OPTSTK,DEMOSTK,28-MAY-2026,1580,PE,158.48,162.19,157.77,160.47,160.47,1821,73.05,27455,-1495,11-MAY-2026
OPTSTK,DEMOSTK,28-MAY-2026,1600,CE,2.13,5.56,0.05,3.03,3.03,592,0.45,10906,-1360,11-MAY-2026
OPTSTK,DEMOSTK,28-MAY-2026,1600,PE,183.75,185.25,180.03,182.73,182.73,187,8.54,49693,1241,11-MAY-2026
OPTSTK,DEMOSTK,28-MAY-2026,1620,CE,1.62,5.2,0.05,3.09,3.09,2558,1.98,19027,-3898,11-MAY-2026
OPTSTK,DEMOSTK,28-MAY-2026,1620,PE,202.48,204.01,200.24,202.06,202.06,966,48.8,21267,-3463,11-MAY-2026
OPTSTK,DEMOSTK,28-MAY-2026,1640,CE,1.79,4.46,1.27,1.51,1.51,145,0.05,46838,3474,11-MAY-2026
OPTSTK,DEMOSTK,28-MAY-2026,1640,PE,221.31,222.29,219.95,219.96,219.96,2627,144.46,10093,2321,11-MAY-2026
OPTSTK,DEMOSTK,28-MAY-2026,1660,CE,-0.5,2.6,0.05,1.26,1.26,182,0.06,3595,3812,11-MAY-2026
OPTSTK,DEMOSTK,28-MAY-2026,1660,PE,240.62,242.85,238.73,242.18,242.18,1443,87.37,22694,3694,11-MAY-2026
OPTSTK,DEMOSTK,28-MAY-2026,1680,CE,1.0,4.51,0.37,2.13,2.13,2415,1.29,36197,-4501,11-MAY-2026
OPTSTK,DEMOSTK,28-MAY-2026,1680,PE,259.09,262.83,258.29,260.4,260.4,1583,103.05,5132,-516,11-MAY-2026
OPTSTK,DEMOSTK,28-MAY-2026,1700,CE,2.93,4.13,1.05,2.59,2.59,2461,1.59,27806,-1293,11-MAY-2026
OPTSTK,DEMOSTK,28-MAY-2026,1700,PE,283.24,283.4,280.6,281.71,281.71,2227,156.84,22589,-876,11-MAY-2026
OPTSTK,DEMOSTK,25-JUN-2026,1300,CE,123.65,124.14,122.29,123.74,123.74,2846,88.04,47426,2449,11-MAY-2026
OPTSTK,DEMOSTK,25-JUN-2026,1300,PE,5.09,5.43,4.13,4.63,4.63,845,0.98,6010,3457,11-MAY-2026
OPTSTK,DEMOSTK,25-JUN-2026,1320,CE,104.47,106.84,101.13,103.36,103.36,1137,29.38,14184,4179,11-MAY-2026
OPTSTK,DEMOSTK,25-JUN-2026,1320,PE,15.47,16.36,11.76,14.12,14.12,143,0.5,49453,-4742,11-MAY-2026
OPTSTK,DEMOSTK,25-JUN-2026,1340,CE,83.34,84.56,80.75,84.52,84.52,2631,55.59,36241,-679,11-MAY-2026
OPTSTK,DEMOSTK,25-JUN-2026,1340,PE,13.04,14.74,11.58,12.53,12.53,1502,4.71,21037,-3276,11-MAY-2026
OPTSTK,DEMOSTK,25-JUN-2026,1360,CE,63.31,65.68,60.61,64.61,64.61,2971,47.99,30822,-3327,11-MAY-2026
OPTSTK,DEMOSTK,25-JUN-2026,1360,PE,11.21,12.3,7.13,9.78,9.78,2040,4.99,6422,531,11-MAY-2026
OPTSTK,DEMOSTK,25-JUN-2026,1380,CE,61.26,63.83,60.88,61.36,61.36,495,7.59,35622,4231,11-MAY-2026
OPTSTK,DEMOSTK,25-JUN-2026,1380,PE,8.38,9.88,6.41,8.82,8.82,840,1.85,47544,-441,11-MAY-2026
OPTSTK,DEMOSTK,25-JUN-2026,1400,CE,48.84,50.15,44.72,46.92,46.92,1623,19.04,11548,2154,11-MAY-2026
OPTSTK,DEMOSTK,25-JUN-2026,1400,PE,4.91,7.5,3.15,6.86,6.86,1602,2.75,2809,-4851,11-MAY-2026
OPTSTK,DEMOSTK,25-JUN-2026,1420,CE,27.67,27.93,23.44,25.78,25.78,885,5.7,38541,3752,11-MAY-2026
OPTSTK,DEMOSTK,25-JUN-2026,1420,PE,29.11,30.13,26.0,27.68,27.68,1941,13.43,32754,-1630,11-MAY-2026
OPTSTK,DEMOSTK,25-JUN-2026,1440,CE,2.69,4.93,0.05,3.87,3.87,451,0.44,39746,-2932,11-MAY-2026
OPTSTK,DEMOSTK,25-JUN-2026,1440,PE,45.41,47.37,42.65,45.65,45.65,2857,32.61,47333,2202,11-MAY-2026
OPTSTK,DEMOSTK,25-JUN-2026,1460,CE,20.34,22.5,17.47,20.06,20.06,742,3.72,27228,-1072,11-MAY-2026
OPTSTK,DEMOSTK,25-JUN-2026,1460,PE,58.25,61.01,56.43,58.37,58.37,534,7.79,33635,4815,11-MAY-2026
OPTSTK,DEMOSTK,25-JUN-2026,1480,CE,11.42,13.82,7.95,10.62,10.62,70,0.19,26710,4274,11-MAY-2026
OPTSTK,DEMOSTK,25-JUN-2026,1480,PE,79.27,81.17,75.75,77.97,77.97,206,4.02,16900,-3464,11-MAY-2026
OPTSTK,DEMOSTK,25-JUN-2026,1500,CE,17.65,18.85,16.25,18.85,18.85,1696,7.99,16758,-1403,11-MAY-2026
OPTSTK,DEMOSTK,25-JUN-2026,1500,PE,93.97,97.46,92.24,95.79,95.79,1744,41.76,18233,-4323,11-MAY-2026
OPTSTK,DEMOSTK,25-JUN-2026,1520,CE,2.89,7.09,2.58,4.82,4.82,2958,3.56,7329,-1938,11-MAY-2026
OPTSTK,DEMOSTK,25-JUN-2026,1520,PE,104.07,105.92,102.98,103.95,103.95,2138,55.56,26009,-4963,11-MAY-2026
OPTSTK,DEMOSTK,25-JUN-2026,1540,CE,1.19,5.01,0.93,3.07,3.07,2350,1.8,41622,4741,11-MAY-2026
OPTSTK,DEMOSTK,25-JUN-2026,1540,PE,132.3,134.42,130.17,132.15,132.15,2569,84.87,20068,2488,11-MAY-2026
OPTSTK,DEMOSTK,25-JUN-2026,1560,CE,4.37,8.57,4.3,6.34,6.34,2126,3.37,31014,-1580,11-MAY-2026
OPTSTK,DEMOSTK,25-JUN-2026,1560,PE,143.07,143.69,141.18,142.47,142.47,502,17.88,41152,-3586,11-MAY-2026
OPTSTK,DEMOSTK,25-JUN-2026,1580,CE,6.01,6.88,3.82,6.6,6.6,465,0.77,6884,1022,11-MAY-2026
OPTSTK,DEMOSTK,25-JUN-2026,1580,PE,162.57,164.22,161.09,163.33,163.33,2410,98.41,22944,-1854,11-MAY-2026
OPTSTK,DEMOSTK,25-JUN-2026,1600,CE,-0.52,1.52,0.05,1.18,1.18,2502,0.74,15016,3521,11-MAY-2026
OPTSTK,DEMOSTK,25-JUN-2026,1600,PE,185.19,187.96,181.54,183.26,183.26,913,41.83,49017,-3693,11-MAY-2026
OPTSTK,DEMOSTK,25-JUN-2026,1620,CE,6.98,9.13,5.54,5.63,5.63,2838,3.99,9849,2057,11-MAY-2026
OPTSTK,DEMOSTK,25-JUN-2026,1620,PE,202.55,206.19,201.67,204.33,204.33,1096,55.99,47300,-2803,11-MAY-2026
OPTSTK,DEMOSTK,25-JUN-2026,1640,CE,1.31,3.16,0.34,2.11,2.11,437,0.23,11625,2256,11-MAY-2026
OPTSTK,DEMOSTK,25-JUN-2026,1640,PE,222.73,224.7,219.52,220.94,220.94,2602,143.72,22362,-508,11-MAY-2026
OPTSTK,DEMOSTK,25-JUN-2026,1660,CE,3.03,6.59,2.01,4.98,4.98,2278,2.84,24382,385,11-MAY-2026
OPTSTK,DEMOSTK,25-JUN-2026,1660,PE,241.18,241.9,239.07,240.1,240.1,374,22.45,35866,-2358,11-MAY-2026
OPTSTK,DEMOSTK,25-JUN-2026,1680,CE,2.65,3.59,0.05,1.35,1.35,1553,0.52,5211,3802,11-MAY-2026
OPTSTK,DEMOSTK,25-JUN-2026,1680,PE,260.55,261.35,260.39,260.72,260.72,2767,180.35,36285,-987,11-MAY-2026
OPTSTK,DEMOSTK,25-JUN-2026,1700,CE,5.31,8.42,3.24,5.68,5.68,2636,3.74,6874,-1521,11-MAY-2026
OPTSTK,DEMOSTK,25-JUN-2026,1700,PE,282.24,284.9,279.08,281.22,281.22,1816,127.67,47911,-3062,11-MAY-2026
OPTSTK,DEMOSTK,28-MAY-2026,1300,CE,130.22,132.82,128.16,131.51,131.51,2878,94.62,49891,-342,12-MAY-2026
OPTSTK,DEMOSTK,28-MAY-2026,1300,PE,5.35,7.13,5.27,6.36,6.36,2880,4.58,14711,-749,12-MAY-2026
OPTSTK,DEMOSTK,28-MAY-2026,1320,CE,110.38,112.6,109.33,109.76,109.76,334,9.16,40181,-3888,12-MAY-2026
OPTSTK,DEMOSTK,28-MAY-2026,1320,PE,6.12,7.09,5.92,6.9,6.9,109,0.19,5813,922,12-MAY-2026
OPTSTK,DEMOSTK,28-MAY-2026,1340,CE,85.83,88.0,83.65,85.6,85.6,2140,45.8,46058,-520,12-MAY-2026
OPTSTK,DEMOSTK,28-MAY-2026,1340,PE,9.72,12.62,8.96,9.92,9.92,1667,4.13,27800,-2162,12-MAY-2026
OPTSTK,DEMOSTK,28-MAY-2026,1360,CE,70.59,70.87,66.88,69.68,69.68,1452,25.29,22147,-1625,12-MAY-2026
OPTSTK,DEMOSTK,28-MAY-2026,1360,PE,3.23,3.91,0.05,1.91,1.91,1486,0.71,44956,497,12-MAY-2026
OPTSTK,DEMOSTK,28-MAY-2026,1380,CE,46.47,49.0,43.76,48.43,48.43,697,8.44,44204,4617,12-MAY-2026
OPTSTK,DEMOSTK,28-MAY-2026,1380,PE,4.39,5.48,2.95,5.34,5.34,284,0.38,26101,-840,12-MAY-2026
OPTSTK,DEMOSTK,28-MAY-2026,1400,CE,33.9,34.57,33.43,33.62,33.62,110,0.92,18585,-2869,12-MAY-2026
OPTSTK,DEMOSTK,28-MAY-2026,1400,PE,13.11,15.32,12.58,13.69,13.69,1562,5.35,49311,-878,12-MAY-2026
OPTSTK,DEMOSTK,28-MAY-2026,1420,CE,9.32,12.65,6.7,10.66,10.66,729,1.94,19696,1238,12-MAY-2026
OPTSTK,DEMOSTK,28-MAY-2026,1420,PE,12.97,16.8,10.31,14.85,14.85,1623,6.03,24943,-1054,12-MAY-2026
OPTSTK,DEMOSTK,28-MAY-2026,1440,CE,10.19,12.91,10.04,10.3,10.3,2768,7.13,25734,1051,12-MAY-2026
OPTSTK,DEMOSTK,28-MAY-2026,1440,PE,19.66,22.86,19.31,21.54,21.54,1933,10.41,37392,3063,12-MAY-2026
OPTSTK,DEMOSTK,28-MAY-2026,1460,CE,1.4,4.37,0.88,2.93,2.93,995,0.73,28907,2213,12-MAY-2026
OPTSTK,DEMOSTK,28-MAY-2026,1460,PE,37.81,39.85,36.48,39.05,39.05,1029,10.05,23187,4089,12-MAY-2026
OPTSTK,DEMOSTK,28-MAY-2026,1480,CE,2.31,3.76,1.62,2.27,2.27,2553,1.45,25655,-3197,12-MAY-2026
OPTSTK,DEMOSTK,28-MAY-2026,1480,PE,58.53,58.97,56.97,58.8,58.8,2140,31.46,21727,-1521,12-MAY-2026
OPTSTK,DEMOSTK,28-MAY-2026,1500,CE,2.37,3.87,0.05,2.46,2.46,589,0.36,5878,2422,12-MAY-2026
OPTSTK,DEMOSTK,28-MAY-2026,1500,PE,82.45,84.9,80.08,84.06,84.06,329,6.91,8845,2781,12-MAY-2026
OPTSTK,DEMOSTK,28-MAY-2026,1520,CE,4.13,5.44,2.17,5.41,5.41,2158,2.92,2603,2705,12-MAY-2026
OPTSTK,DEMOSTK,28-MAY-2026,1520,PE,101.8,105.62,99.48,103.67,103.67,2771,71.82,40644,-2718,12-MAY-2026
OPTSTK,DEMOSTK,28-MAY-2026,1540,CE,4.54,8.37,1.7,5.96,5.96,221,0.33,25099,-2023,12-MAY-2026
OPTSTK,DEMOSTK,28-MAY-2026,1540,PE,120.89,124.21,118.72,122.83,122.83,1890,58.04,15219,-4412,12-MAY-2026
OPTSTK,DEMOSTK,28-MAY-2026,1560,CE,4.66,7.18,1.85,2.76,2.76,1336,0.92,39227,-1734,12-MAY-2026
OPTSTK,DEMOSTK,28-MAY-2026,1560,PE,143.0,145.43,142.96,143.39,143.39,2033,72.88,16276,-3922,12-MAY-2026
OPTSTK,DEMOSTK,28-MAY-2026,1580,CE,3.32,6.16,1.79,3.27,3.27,919,0.75,41712,-1455,12-MAY-2026
OPTSTK,DEMOSTK,28-MAY-2026,1580,PE,158.19,159.24,155.84,158.31,158.31,1159,45.87,15829,272,12-MAY-2026
OPTSTK,DEMOSTK,28-MAY-2026,1600,CE,-0.53,2.0,0.05,0.76,0.76,2378,0.45,25506,-2345,12-MAY-2026
OPTSTK,DEMOSTK,28-MAY-2026,1600,PE,179.46,179.92,175.67,178.11,178.11,2534,112.83,30763,2783,12-MAY-2026
OPTSTK,DEMOSTK,28-MAY-2026,1620,CE,2.97,3.38,1.4,2.12,2.12,543,0.29,18949,1816,12-MAY-2026
OPTSTK,DEMOSTK,28-MAY-2026,1620,PE,195.96,198.98,194.22,197.41,197.41,283,13.97,11993,-1162,12-MAY-2026
OPTSTK,DEMOSTK,28-MAY-2026,1640,CE,-0.08,4.06,0.05,1.6,1.6,1087,0.43,38366,-1347,12-MAY-2026
OPTSTK,DEMOSTK,28-MAY-2026,1640,PE,221.15,221.96,216.49,219.32,219.32,1720,94.31,7215,-4155,12-MAY-2026
OPTSTK,DEMOSTK,28-MAY-2026,1660,CE,2.91,5.81,0.05,1.63,1.63,338,0.14,19937,-2130,12-MAY-2026
OPTSTK,DEMOSTK,28-MAY-2026,1660,PE,239.03,240.94,236.48,239.35,239.35,2766,165.51,43822,3401,12-MAY-2026
OPTSTK,DEMOSTK,28-MAY-2026,1680,CE,1.83,3.54,0.24,2.04,2.04,2834,1.45,25219,3550,12-MAY-2026
OPTSTK,DEMOSTK,28-MAY-2026,1680,PE,258.38,259.84,255.69,259.61,259.61,2386,154.86,26034,-2026,12-MAY-2026
OPTSTK,DEMOSTK,28-MAY-2026,1700,CE,4.64,6.57,1.57,2.81,2.81,2195,1.54,17871,-3798,12-MAY-2026
OPTSTK,DEMOSTK,28-MAY-2026,1700,PE,277.11,280.93,276.47,278.88,278.88,1393,97.12,1629,2289,12-MAY-2026
OPTSTK,DEMOSTK,25-JUN-2026,1300,CE,132.48,134.61,129.83,131.77,131.77,788,25.96,31507,312,12-MAY-2026
OPTSTK,DEMOSTK,25-JUN-2026,1300,PE,11.29,13.65,8.42,12.36,12.36,898,2.77,36556,1702,12-MAY-2026
OPTSTK,DEMOSTK,25-JUN-2026,1320,CE,110.48,114.18,109.37,111.94,111.94,2950,82.56,24571,1227,12-MAY-2026
OPTSTK,DEMOSTK,25-JUN-2026,1320,PE,13.52,13.9,11.78,12.45,12.45,930,2.89,18434,-3148,12-MAY-2026
OPTSTK,DEMOSTK,25-JUN-2026,1340,CE,85.31,87.99,84.05,86.77,86.77,368,7.98,31773,4541,12-MAY-2026
OPTSTK,DEMOSTK,25-JUN-2026,1340,PE,9.86,12.16,8.82,10.53,10.53,1840,4.84,21610,-2126,12-MAY-2026
OPTSTK,DEMOSTK,25-JUN-2026,1360,CE,82.98,85.01,79.87,82.21,82.21,1663,34.18,25229,-3081,12-MAY-2026
OPTSTK,DEMOSTK,25-JUN-2026,1360,PE,22.72,25.23,19.72,21.65,21.65,2649,14.34,17290,4702,12-MAY-2026
OPTSTK,DEMOSTK,25-JUN-2026,1380,CE,66.34,69.85,65.44,67.55,67.55,1097,18.53,11709,-3940,12-MAY-2026
OPTSTK,DEMOSTK,25-JUN-2026,1380,PE,17.61,20.24,14.44,16.21,16.21,862,3.49,1983,4756,12-MAY-2026
OPTSTK,DEMOSTK,25-JUN-2026,1400,CE,40.61,41.43,39.5,39.71,39.71,69,0.68,12351,-3595,12-MAY-2026
OPTSTK,DEMOSTK,25-JUN-2026,1400,PE,18.04,20.71,17.24,20.02,20.02,2962,14.82,16490,-4684,12-MAY-2026
OPTSTK,DEMOSTK,25-JUN-2026,1420,CE,6.38,8.32,5.78,8.05,8.05,1974,3.97,22977,-3799,12-MAY-2026
OPTSTK,DEMOSTK,25-JUN-2026,1420,PE,16.62,18.59,15.18,17.34,17.34,1108,4.8,22824,-4100,12-MAY-2026
OPTSTK,DEMOSTK,25-JUN-2026,1440,CE,25.31,27.05,25.12,26.25,26.25,264,1.73,46654,-692,12-MAY-2026
OPTSTK,DEMOSTK,25-JUN-2026,1440,PE,24.92,25.91,21.94,23.45,23.45,627,3.68,13346,4915,12-MAY-2026
OPTSTK,DEMOSTK,25-JUN-2026,1460,CE,24.28,24.43,23.58,24.04,24.04,2887,17.35,28709,1311,12-MAY-2026
OPTSTK,DEMOSTK,25-JUN-2026,1460,PE,44.55,47.41,44.33,46.48,46.48,1985,23.07,7174,-3925,12-MAY-2026
OPTSTK,DEMOSTK,25-JUN-2026,1480,CE,13.66,17.01,11.25,14.89,14.89,997,3.71,41792,-3472,12-MAY-2026
OPTSTK,DEMOSTK,25-JUN-2026,1480,PE,76.09,77.51,76.05,76.2,76.2,2435,46.39,15141,-3233,12-MAY-2026
OPTSTK,DEMOSTK,25-JUN-2026,1500,CE,17.76,20.18,16.26,17.93,17.93,2187,9.8,35940,436,12-MAY-2026
OPTSTK,DEMOSTK,25-JUN-2026,1500,PE,90.48,94.53,89.82,92.36,92.36,1241,28.65,14858,2442,12-MAY-2026
OPTSTK,DEMOSTK,25-JUN-2026,1520,CE,13.88,14.49,11.34,12.27,12.27,2763,8.48,18090,-2850,12-MAY-2026
OPTSTK,DEMOSTK,25-JUN-2026,1520,PE,100.39,103.79,97.91,101.48,101.48,2983,75.68,45643,73,12-MAY-2026
OPTSTK,DEMOSTK,25-JUN-2026,1540,CE,7.73,8.65,5.32,7.64,7.64,1342,2.56,6841,-192,12-MAY-2026
OPTSTK,DEMOSTK,25-JUN-2026,1540,PE,119.38,119.83,116.54,119.33,119.33,1054,31.44,31261,-4505,12-MAY-2026
OPTSTK,DEMOSTK,25-JUN-2026,1560,CE,2.63,5.67,1.07,4.15,4.15,1536,1.59,45942,2806,12-MAY-2026
OPTSTK,DEMOSTK,25-JUN-2026,1560,PE,145.67,145.99,144.36,144.57,144.57,1635,59.09,29658,2922,12-MAY-2026
OPTSTK,DEMOSTK,25-JUN-2026,1580,CE,3.35,4.89,0.79,2.14,2.14,2003,1.07,47683,1855,12-MAY-2026
OPTSTK,DEMOSTK,25-JUN-2026,1580,PE,164.99,166.84,162.21,165.5,165.5,1338,55.36,41550,-4164,12-MAY-2026
OPTSTK,DEMOSTK,25-JUN-2026,1600,CE,1.8,3.89,0.96,1.98,1.98,203,0.1,37539,-2888,12-MAY-2026
OPTSTK,DEMOSTK,25-JUN-2026,1600,PE,178.91,179.02,176.2,178.17,178.17,2755,122.71,23334,2165,12-MAY-2026
OPTSTK,DEMOSTK,25-JUN-2026,1620,CE,2.33,5.84,0.18,3.75,3.75,259,0.24,3089,-281,12-MAY-2026
OPTSTK,DEMOSTK,25-JUN-2026,1620,PE,203.11,204.7,200.33,202.43,202.43,1344,68.02,11746,3713,12-MAY-2026
OPTSTK,DEMOSTK,25-JUN-2026,1640,CE,3.57,4.66,2.41,3.94,3.94,1794,1.77,47393,538,12-MAY-2026
OPTSTK,DEMOSTK,25-JUN-2026,1640,PE,220.75,222.12,217.53,219.19,219.19,425,23.29,18011,1335,12-MAY-2026
OPTSTK,DEMOSTK,25-JUN-2026,1660,CE,5.09,6.9,2.39,3.26,3.26,1955,1.59,26768,-1693,12-MAY-2026
OPTSTK,DEMOSTK,25-JUN-2026,1660,PE,239.65,241.71,236.78,241.13,241.13,488,29.42,34622,551,12-MAY-2026
OPTSTK,DEMOSTK,25-JUN-2026,1680,CE,3.08,6.51,0.64,4.97,4.97,2898,3.6,10733,263,12-MAY-2026
OPTSTK,DEMOSTK,25-JUN-2026,1680,PE,259.86,262.41,256.89,258.94,258.94,2751,178.09,28421,-4077,12-MAY-2026
OPTSTK,DEMOSTK,25-JUN-2026,1700,CE,6.52,8.24,5.04,5.07,5.07,1091,1.38,40749,-4356,12-MAY-2026
OPTSTK,DEMOSTK,25-JUN-2026,1700,PE,283.8,284.78,279.44,281.99,281.99,1139,80.3,24975,-60,12-MAY-2026
OPTSTK,DEMOSTK,28-MAY-2026,1300,CE,129.8,131.52,129.47,130.39,130.39,980,31.95,1825,1726,13-MAY-2026
OPTSTK,DEMOSTK,28-MAY-2026,1300,PE,6.9,8.6,3.08,5.82,5.82,2688,3.91,4422,-2192,13-MAY-2026
OPTSTK,DEMOSTK,28-MAY-2026,1320,CE,115.02,115.78,111.8,113.77,113.77,1609,45.76,29638,31,13-MAY-2026
OPTSTK,DEMOSTK,28-MAY-2026,1320,PE,2.3,3.31,0.05,2.14,2.14,1464,0.78,12315,238,13-MAY-2026
OPTSTK,DEMOSTK,28-MAY-2026,1340,CE,94.32,98.57,92.09,95.76,95.76,2822,67.56,36559,-4214,13-MAY-2026
OPTSTK,DEMOSTK,28-MAY-2026,1340,PE,9.4,12.34,5.19,8.03,8.03,1976,3.97,31263,-1492,13-MAY-2026
OPTSTK,DEMOSTK,28-MAY-2026,1360,CE,74.85,75.6,74.49,75.41,75.41,156,2.94,2675,-1280,13-MAY-2026
OPTSTK,DEMOSTK,28-MAY-2026,1360,PE,5.44,6.93,4.82,4.98,4.98,1942,2.42,42947,1583,13-MAY-2026
OPTSTK,DEMOSTK,28-MAY-2026,1380,CE,51.83,53.05,49.91,51.92,51.92,2412,31.31,31832,218,13-MAY-2026
OPTSTK,DEMOSTK,28-MAY-2026,1380,PE,12.05,12.98,8.5,11.12,11.12,2398,6.67,7939,4828,13-MAY-2026
OPTSTK,DEMOSTK,28-MAY-2026,1400,CE,36.93,38.49,34.16,35.61,35.61,1755,15.62,1773,-1280,13-MAY-2026
OPTSTK,DEMOSTK,28-MAY-2026,1400,PE,3.65,5.29,0.77,4.2,4.2,2900,3.04,9182,4312,13-MAY-2026
OPTSTK,DEMOSTK,28-MAY-2026,1420,CE,9.75,11.05,7.24,9.39,9.39,1808,4.24,7051,-1989,13-MAY-2026
OPTSTK,DEMOSTK,28-MAY-2026,1420,PE,9.84,12.21,7.49,8.56,8.56,960,2.05,49812,4892,13-MAY-2026
OPTSTK,DEMOSTK,28-MAY-2026,1440,CE,10.66,14.43,7.68,11.78,11.78,1825,5.37,11337,1235,13-MAY-2026
OPTSTK,DEMOSTK,28-MAY-2026,1440,PE,21.05,23.99,20.07,22.74,22.74,1397,7.94,34786,-1940,13-MAY-2026
OPTSTK,DEMOSTK,28-MAY-2026,1460,CE,8.29,8.32,4.67,7.28,7.28,2527,4.6,25772,4193,13-MAY-2026
OPTSTK,DEMOSTK,28-MAY-2026,1460,PE,43.54,44.93,41.59,44.88,44.88,512,5.74,38296,926,13-MAY-2026
OPTSTK,DEMOSTK,28-MAY-2026,1480,CE,0.34,3.63,0.05,2.12,2.12,2976,1.58,47694,-1476,13-MAY-2026
OPTSTK,DEMOSTK,28-MAY-2026,1480,PE,61.53,63.21,59.37,59.8,59.8,2634,39.38,29722,-4502,13-MAY-2026
OPTSTK,DEMOSTK,28-MAY-2026,1500,CE,5.73,6.51,4.49,5.32,5.32,1771,2.36,15184,3408,13-MAY-2026
OPTSTK,DEMOSTK,28-MAY-2026,1500,PE,78.41,82.51,76.0,80.19,80.19,2986,59.86,11841,-1117,13-MAY-2026
OPTSTK,DEMOSTK,28-MAY-2026,1520,CE,4.58,8.12,3.88,5.65,5.65,766,1.08,14238,4593,13-MAY-2026
OPTSTK,DEMOSTK,28-MAY-2026,1520,PE,98.58,101.53,96.8,100.14,100.14,934,23.38,18861,1953,13-MAY-2026
OPTSTK,DEMOSTK,28-MAY-2026,1540,CE,5.9,10.52,4.57,7.69,7.69,403,0.77,5563,4163,13-MAY-2026
OPTSTK,DEMOSTK,28-MAY-2026,1540,PE,117.48,120.29,115.56,118.91,118.91,2274,67.6,23023,1688,13-MAY-2026
OPTSTK,DEMOSTK,28-MAY-2026,1560,CE,4.58,6.2,4.1,5.6,5.6,1729,2.42,24366,2143,13-MAY-2026
OPTSTK,DEMOSTK,28-MAY-2026,1560,PE,134.42,136.43,134.17,135.77,135.77,841,28.55,39648,173,13-MAY-2026
OPTSTK,DEMOSTK,28-MAY-2026,1580,CE,0.58,2.65,0.05,1.4,1.4,2475,0.87,32866,2750,13-MAY-2026
OPTSTK,DEMOSTK,28-MAY-2026,1580,PE,158.42,159.12,156.64,158.53,158.53,642,25.44,33779,-2228,13-MAY-2026
OPTSTK,DEMOSTK,28-MAY-2026,1600,CE,0.96,2.7,0.75,1.55,1.55,461,0.18,24205,1965,13-MAY-2026
OPTSTK,DEMOSTK,28-MAY-2026,1600,PE,175.77,178.29,173.01,174.95,174.95,1955,85.51,38524,3976,13-MAY-2026
OPTSTK,DEMOSTK,28-MAY-2026,1620,CE,1.88,4.07,0.05,0.48,0.48,2630,0.32,47678,1580,13-MAY-2026
OPTSTK,DEMOSTK,28-MAY-2026,1620,PE,196.75,197.22,194.31,196.27,196.27,66,3.24,45990,-2620,13-MAY-2026
OPTSTK,DEMOSTK,28-MAY-2026,1640,CE,2.74,3.94,1.05,2.03,2.03,2390,1.21,45384,-1401,13-MAY-2026
OPTSTK,DEMOSTK,28-MAY-2026,1640,PE,216.05,217.7,213.06,214.27,214.27,797,42.69,19720,-3109,13-MAY-2026
OPTSTK,DEMOSTK,28-MAY-2026,1660,CE,2.37,5.3,0.05,0.75,0.75,2014,0.38,29889,3121,13-MAY-2026
OPTSTK,DEMOSTK,28-MAY-2026,1660,PE,234.19,234.25,232.45,234.1,234.1,1381,80.82,42888,2813,13-MAY-2026
OPTSTK,DEMOSTK,28-MAY-2026,1680,CE,-0.28,2.53,0.05,0.7,0.7,1117,0.2,2098,1070,13-MAY-2026
OPTSTK,DEMOSTK,28-MAY-2026,1680,PE,253.74,257.9,251.86,255.47,255.47,99,6.32,19076,445,13-MAY-2026
OPTSTK,DEMOSTK,28-MAY-2026,1700,CE,1.13,3.97,0.05,1.15,1.15,360,0.1,13658,-1565,13-MAY-2026
OPTSTK,DEMOSTK,28-MAY-2026,1700,PE,274.76,275.2,272.86,273.54,273.54,285,19.49,29614,-678,13-MAY-2026
OPTSTK,DEMOSTK,25-JUN-2026,1300,CE,132.42,135.14,130.22,130.54,130.54,639,20.85,37103,4024,13-MAY-2026
OPTSTK,DEMOSTK,25-JUN-2026,1300,PE,12.12,16.54,10.82,13.76,13.76,840,2.89,3612,3140,13-MAY-2026
OPTSTK,DEMOSTK,25-JUN-2026,1320,CE,121.61,122.35,118.99,122.07,122.07,785,23.96,40124,-2931,13-MAY-2026
OPTSTK,DEMOSTK,25-JUN-2026,1320,PE,14.96,16.98,14.59,16.81,16.81,139,0.58,22483,-2240,13-MAY-2026
OPTSTK,DEMOSTK,25-JUN-2026,1340,CE,90.17,92.06,88.34,91.52,91.52,2804,64.16,13978,908,13-MAY-2026
OPTSTK,DEMOSTK,25-JUN-2026,1340,PE,6.09,7.07,3.43,4.66,4.66,1877,2.19,16246,2914,13-MAY-2026
OPTSTK,DEMOSTK,25-JUN-2026,1360,CE,90.47,92.59,87.96,88.49,88.49,786,17.39,10977,751,13-MAY-2026
OPTSTK,DEMOSTK,25-JUN-2026,1360,PE,15.46,16.8,12.97,14.84,14.84,187,0.69,29808,3967,13-MAY-2026
OPTSTK,DEMOSTK,25-JUN-2026,1380,CE,67.25,68.6,64.31,66.95,66.95,2511,42.03,42505,521,13-MAY-2026
OPTSTK,DEMOSTK,25-JUN-2026,1380,PE,17.24,17.68,17.05,17.19,17.19,2347,10.09,34851,-2666,13-MAY-2026
OPTSTK,DEMOSTK,25-JUN-2026,1400,CE,42.85,43.32,40.16,42.1,42.1,2099,22.09,46987,3435,13-MAY-2026
OPTSTK,DEMOSTK,25-JUN-2026,1400,PE,26.72,27.81,23.22,25.34,25.34,824,5.22,38347,1234,13-MAY-2026
OPTSTK,DEMOSTK,25-JUN-2026,1420,CE,28.94,32.18,26.07,29.3,29.3,2569,18.82,11568,183,13-MAY-2026
OPTSTK,DEMOSTK,25-JUN-2026,1420,PE,25.27,29.49,24.64,26.51,26.51,2770,18.36,41278,-4930,13-MAY-2026
OPTSTK,DEMOSTK,25-JUN-2026,1440,CE,28.96,29.91,25.94,28.21,28.21,1124,7.93,41034,518,13-MAY-2026
OPTSTK,DEMOSTK,25-JUN-2026,1440,PE,22.12,23.59,19.86,20.69,20.69,389,2.01,33246,-4240,13-MAY-2026
OPTSTK,DEMOSTK,25-JUN-2026,1460,CE,7.88,9.6,4.12,6.84,6.84,2452,4.19,34266,2000,13-MAY-2026
OPTSTK,DEMOSTK,25-JUN-2026,1460,PE,50.39,54.14,49.99,52.37,52.37,1591,20.83,19129,-3138,13-MAY-2026
OPTSTK,DEMOSTK,25-JUN-2026,1480,CE,15.31,18.22,12.88,15.57,15.57,383,1.49,48862,2354,13-MAY-2026
OPTSTK,DEMOSTK,25-JUN-2026,1480,PE,67.82,70.91,65.65,69.43,69.43,928,16.11,5262,-771,13-MAY-2026
OPTSTK,DEMOSTK,25-JUN-2026,1500,CE,7.43,10.71,4.6,7.95,7.95,2208,4.39,28967,4367,13-MAY-2026
OPTSTK,DEMOSTK,25-JUN-2026,1500,PE,89.16,89.99,86.64,88.57,88.57,1351,29.91,27296,2745,13-MAY-2026
OPTSTK,DEMOSTK,25-JUN-2026,1520,CE,16.35,20.67,13.92,18.16,18.16,1259,5.72,4507,4861,13-MAY-2026
OPTSTK,DEMOSTK,25-JUN-2026,1520,PE,111.8,114.02,111.25,111.64,111.64,2658,74.18,25675,-919,13-MAY-2026
OPTSTK,DEMOSTK,25-JUN-2026,1540,CE,5.92,7.25,5.81,5.89,5.89,385,0.57,3255,-1471,13-MAY-2026
OPTSTK,DEMOSTK,25-JUN-2026,1540,PE,121.68,123.96,119.49,121.8,121.8,1455,44.3,40895,-1964,13-MAY-2026
OPTSTK,DEMOSTK,25-JUN-2026,1560,CE,14.1,16.37,11.58,13.52,13.52,2098,7.09,18057,510,13-MAY-2026
OPTSTK,DEMOSTK,25-JUN-2026,1560,PE,138.49,139.16,134.29,136.86,136.86,966,33.05,17396,-748,13-MAY-2026
OPTSTK,DEMOSTK,25-JUN-2026,1580,CE,9.64,13.48,7.8,10.76,10.76,308,0.83,42341,1277,13-MAY-2026
OPTSTK,DEMOSTK,25-JUN-2026,1580,PE,161.34,162.67,159.62,159.92,159.92,1973,78.88,21496,-4010,13-MAY-2026
OPTSTK,DEMOSTK,25-JUN-2026,1600,CE,6.13,8.59,3.66,7.2,7.2,852,1.53,17960,-2371,13-MAY-2026
OPTSTK,DEMOSTK,25-JUN-2026,1600,PE,176.87,179.34,174.2,178.39,178.39,611,27.25,31820,2693,13-MAY-2026
OPTSTK,DEMOSTK,25-JUN-2026,1620,CE,2.91,4.94,1.25,3.84,3.84,2464,2.37,22528,-2344,13-MAY-2026
OPTSTK,DEMOSTK,25-JUN-2026,1620,PE,194.31,197.07,193.97,195.93,195.93,624,30.57,33680,4540,13-MAY-2026
OPTSTK,DEMOSTK,25-JUN-2026,1640,CE,1.59,4.0,1.06,2.27,2.27,167,0.09,21829,-1649,13-MAY-2026
OPTSTK,DEMOSTK,25-JUN-2026,1640,PE,218.0,219.37,215.06,216.17,216.17,2857,154.4,46581,936,13-MAY-2026
OPTSTK,DEMOSTK,25-JUN-2026,1660,CE,5.02,5.61,0.43,3.3,3.3,2773,2.29,44901,-2135,13-MAY-2026
OPTSTK,DEMOSTK,25-JUN-2026,1660,PE,236.08,236.98,232.75,235.66,235.66,1050,61.86,47484,4610,13-MAY-2026
OPTSTK,DEMOSTK,25-JUN-2026,1680,CE,-0.83,2.79,0.05,1.13,1.13,2128,0.6,44422,-3065,13-MAY-2026
OPTSTK,DEMOSTK,25-JUN-2026,1680,PE,256.66,258.04,255.8,257.71,257.71,462,29.77,13659,4512,13-MAY-2026
OPTSTK,DEMOSTK,25-JUN-2026,1700,CE,2.52,4.66,1.24,4.51,4.51,1198,1.35,21512,4313,13-MAY-2026
OPTSTK,DEMOSTK,25-JUN-2026,1700,PE,277.45,278.5,275.26,277.39,277.39,2232,154.78,12844,-4786,13-MAY-2026
OPTSTK,DEMOSTK,28-MAY-2026,1300,CE,138.19,140.91,135.57,136.24,136.24,912,31.06,8970,-619,14-MAY-2026
OPTSTK,DEMOSTK,28-MAY-2026,1300,PE,5.19,8.06,2.21,4.23,4.23,1623,1.72,27546,-4560,14-MAY-2026
OPTSTK,DEMOSTK,28-MAY-2026,1320,CE,114.88,117.82,113.23,113.56,113.56,1157,32.85,34711,-2577,14-MAY-2026
OPTSTK,DEMOSTK,28-MAY-2026,1320,PE,5.37,5.44,3.81,3.89,3.89,273,0.27,29019,3705,14-MAY-2026
OPTSTK,DEMOSTK,28-MAY-2026,1340,CE,96.91,100.45,95.26,98.27,98.27,1520,37.34,25252,-821,14-MAY-2026
OPTSTK,DEMOSTK,28-MAY-2026,1340,PE,3.99,5.8,3.66,5.34,5.34,561,0.75,11488,67,14-MAY-2026
OPTSTK,DEMOSTK,28-MAY-2026,1360,CE,78.05,79.73,76.51,77.75,77.75,2276,44.24,1990,-4049,14-MAY-2026
OPTSTK,DEMOSTK,28-MAY-2026,1360,PE,1.93,6.15,1.91,3.37,3.37,1513,1.27,16825,-3484,14-MAY-2026
OPTSTK,DEMOSTK,28-MAY-2026,1380,CE,61.94,63.23,60.15,61.58,61.58,220,3.39,15569,-4199,14-MAY-2026
OPTSTK,DEMOSTK,28-MAY-2026,1380,PE,5.84,8.61,4.02,5.83,5.83,791,1.15,13990,-3862,14-MAY-2026
OPTSTK,DEMOSTK,28-MAY-2026,1400,CE,37.55,39.81,35.43,36.45,36.45,372,3.39,28760,54,14-MAY-2026
OPTSTK,DEMOSTK,28-MAY-2026,1400,PE,3.53,4.87,0.35,2.41,2.41,754,0.45,21011,2077,14-MAY-2026
OPTSTK,DEMOSTK,28-MAY-2026,1420,CE,19.24,21.36,16.31,17.6,17.6,729,3.21,39473,-4256,14-MAY-2026
OPTSTK,DEMOSTK,28-MAY-2026,1420,PE,9.48,11.68,5.29,7.52,7.52,2610,4.91,4826,-333,14-MAY-2026
OPTSTK,DEMOSTK,28-MAY-2026,1440,CE,7.1,8.07,4.87,7.76,7.76,2985,5.79,13534,3366,14-MAY-2026
OPTSTK,DEMOSTK,28-MAY-2026,1440,PE,13.4,15.11,12.62,14.48,14.48,1909,6.91,6993,-1066,14-MAY-2026
OPTSTK,DEMOSTK,28-MAY-2026,1460,CE,9.4,12.06,8.2,11.39,11.39,862,2.45,27735,-3562,14-MAY-2026
OPTSTK,DEMOSTK,28-MAY-2026,1460,PE,34.51,36.45,33.77,35.36,35.36,2759,24.39,44952,409,14-MAY-2026
OPTSTK,DEMOSTK,28-MAY-2026,1480,CE,3.29,5.76,2.0,3.69,3.69,687,0.63,6559,-3846,14-MAY-2026
OPTSTK,DEMOSTK,28-MAY-2026,1480,PE,48.76,50.78,46.87,49.99,49.99,1616,20.2,33918,3002,14-MAY-2026
OPTSTK,DEMOSTK,28-MAY-2026,1500,CE,2.0,6.37,0.31,3.6,3.6,1884,1.7,20132,-3961,14-MAY-2026
OPTSTK,DEMOSTK,28-MAY-2026,1500,PE,78.79,80.21,77.11,77.53,77.53,2031,39.37,29660,-2919,14-MAY-2026
OPTSTK,DEMOSTK,28-MAY-2026,1520,CE,4.5,6.95,1.54,6.4,6.4,2997,4.8,3963,-3773,14-MAY-2026
OPTSTK,DEMOSTK,28-MAY-2026,1520,PE,89.31,90.18,87.56,90.02,90.02,1148,25.84,23804,-2206,14-MAY-2026
OPTSTK,DEMOSTK,28-MAY-2026,1540,CE,5.33,8.0,4.5,5.86,5.86,1843,2.7,29700,-2057,14-MAY-2026
OPTSTK,DEMOSTK,28-MAY-2026,1540,PE,107.38,111.19,104.79,109.01,109.01,2658,72.44,11182,-730,14-MAY-2026
OPTSTK,DEMOSTK,28-MAY-2026,1560,CE,3.62,6.3,1.61,5.16,5.16,64,0.08,11027,-4307,14-MAY-2026
OPTSTK,DEMOSTK,28-MAY-2026,1560,PE,132.35,134.93,130.58,134.01,134.01,2339,78.36,39550,2241,14-MAY-2026
OPTSTK,DEMOSTK,28-MAY-2026,1580,CE,6.14,8.98,3.86,5.56,5.56,855,1.19,21392,3499,14-MAY-2026
OPTSTK,DEMOSTK,28-MAY-2026,1580,PE,150.6,150.98,148.63,149.69,149.69,2340,87.57,39538,-1354,14-MAY-2026
OPTSTK,DEMOSTK,28-MAY-2026,1600,CE,3.72,4.11,3.01,3.08,3.08,1810,1.39,44526,4794,14-MAY-2026
OPTSTK,DEMOSTK,28-MAY-2026,1600,PE,169.4,170.23,166.96,169.27,169.27,2932,124.07,30220,1143,14-MAY-2026
OPTSTK,DEMOSTK,28-MAY-2026,1620,CE,1.02,4.8,0.05,2.02,2.02,1586,0.8,36654,-243,14-MAY-2026
OPTSTK,DEMOSTK,28-MAY-2026,1620,PE,190.59,190.69,188.5,189.27,189.27,1363,64.49,48914,-1512,14-MAY-2026
OPTSTK,DEMOSTK,28-MAY-2026,1640,CE,3.59,5.72,0.77,2.14,2.14,403,0.22,24617,-1603,14-MAY-2026
OPTSTK,DEMOSTK,28-MAY-2026,1640,PE,212.23,213.53,208.09,210.3,210.3,1097,57.67,42630,1003,14-MAY-2026
OPTSTK,DEMOSTK,28-MAY-2026,1660,CE,1.15,2.24,0.07,2.06,2.06,182,0.09,29669,4967,14-MAY-2026
OPTSTK,DEMOSTK,28-MAY-2026,1660,PE,230.25,233.15,227.16,229.57,229.57,989,56.76,23308,520,14-MAY-2026
OPTSTK,DEMOSTK,28-MAY-2026,1680,CE,2.4,4.61,0.96,1.52,1.52,468,0.18,25200,-1772,14-MAY-2026
OPTSTK,DEMOSTK,28-MAY-2026,1680,PE,248.9,251.09,246.21,248.95,248.95,1770,110.16,29786,-273,14-MAY-2026
OPTSTK,DEMOSTK,28-MAY-2026,1700,CE,0.66,4.32,0.11,1.4,1.4,696,0.24,24083,-398,14-MAY-2026
OPTSTK,DEMOSTK,28-MAY-2026,1700,PE,269.14,269.88,268.33,268.44,268.44,758,50.87,4532,1999,14-MAY-2026
OPTSTK,DEMOSTK,25-JUN-2026,1300,CE,137.78,141.52,136.25,139.17,139.17,506,17.61,18800,2201,14-MAY-2026
OPTSTK,DEMOSTK,25-JUN-2026,1300,PE,10.13,13.1,5.19,8.15,8.15,1655,3.37,26562,-1956,14-MAY-2026
OPTSTK,DEMOSTK,25-JUN-2026,1320,CE,117.77,120.85,115.49,119.73,119.73,1413,42.29,9306,-4426,14-MAY-2026
OPTSTK,DEMOSTK,25-JUN-2026,1320,PE,9.92,11.23,7.9,11.17,11.17,2552,7.13,16186,-187,14-MAY-2026
OPTSTK,DEMOSTK,25-JUN-2026,1340,CE,97.05,99.6,95.5,96.22,96.22,1980,47.63,39403,4415,14-MAY-2026
OPTSTK,DEMOSTK,25-JUN-2026,1340,PE,15.5,18.72,13.95,17.01,17.01,2515,10.7,6898,3356,14-MAY-2026
OPTSTK,DEMOSTK,25-JUN-2026,1360,CE,82.39,84.76,79.41,83.44,83.44,1537,32.06,2008,-1261,14-MAY-2026
OPTSTK,DEMOSTK,25-JUN-2026,1360,PE,6.94,7.66,2.42,4.99,4.99,1047,1.31,22857,4621,14-MAY-2026
OPTSTK,DEMOSTK,25-JUN-2026,1380,CE,60.73,62.29,58.55,60.2,60.2,1294,19.47,18641,2690,14-MAY-2026
OPTSTK,DEMOSTK,25-JUN-2026,1380,PE,19.06,22.1,18.9,19.14,19.14,1607,7.69,31274,-1268,14-MAY-2026
OPTSTK,DEMOSTK,25-JUN-2026,1400,CE,47.84,50.94,46.43,49.14,49.14,1636,20.1,11472,-3287,14-MAY-2026
OPTSTK,DEMOSTK,25-JUN-2026,1400,PE,26.71,28.95,22.85,25.67,25.67,422,2.71,21359,2567,14-MAY-2026
OPTSTK,DEMOSTK,25-JUN-2026,1420,CE,38.21,38.41,34.73,37.44,37.44,802,7.51,25178,-4922,14-MAY-2026
OPTSTK,DEMOSTK,25-JUN-2026,1420,PE,14.54,15.41,12.4,14.51,14.51,2163,7.85,25145,-2228,14-MAY-2026
OPTSTK,DEMOSTK,25-JUN-2026,1440,CE,6.51,6.85,5.53,6.4,6.4,2266,3.63,14730,-1388,14-MAY-2026
OPTSTK,DEMOSTK,25-JUN-2026,1440,PE,33.32,34.9,31.48,33.89,33.89,2357,19.97,18954,-348,14-MAY-2026
OPTSTK,DEMOSTK,25-JUN-2026,1460,CE,21.61,23.76,18.61,21.14,21.14,1549,8.19,44024,3716,14-MAY-2026
OPTSTK,DEMOSTK,25-JUN-2026,1460,PE,44.84,48.31,44.5,46.29,46.29,711,8.23,28355,-4629,14-MAY-2026
OPTSTK,DEMOSTK,25-JUN-2026,1480,CE,22.78,24.55,22.29,23.34,23.34,2763,16.12,13956,3708,14-MAY-2026
OPTSTK,DEMOSTK,25-JUN-2026,1480,PE,60.15,61.23,57.78,60.53,60.53,1922,29.08,11786,1143,14-MAY-2026
OPTSTK,DEMOSTK,25-JUN-2026,1500,CE,16.58,19.48,13.92,18.35,18.35,1363,6.25,45716,1577,14-MAY-2026
OPTSTK,DEMOSTK,25-JUN-2026,1500,PE,83.62,85.05,83.03,83.63,83.63,758,15.85,5421,-2142,14-MAY-2026
OPTSTK,DEMOSTK,25-JUN-2026,1520,CE,13.32,16.22,12.91,14.29,14.29,2561,9.15,12248,3348,14-MAY-2026
OPTSTK,DEMOSTK,25-JUN-2026,1520,PE,104.33,106.77,102.18,105.17,105.17,2575,67.7,8292,-2793,14-MAY-2026
OPTSTK,DEMOSTK,25-JUN-2026,1540,CE,5.52,6.92,2.6,6.32,6.32,2390,3.78,15561,2250,14-MAY-2026
OPTSTK,DEMOSTK,25-JUN-2026,1540,PE,120.45,121.55,117.89,121.17,121.17,2071,62.74,30391,4008,14-MAY-2026
OPTSTK,DEMOSTK,25-JUN-2026,1560,CE,15.56,17.52,13.95,14.27,14.27,2556,9.12,41938,-4457,14-MAY-2026
OPTSTK,DEMOSTK,25-JUN-2026,1560,PE,138.15,139.69,136.95,137.39,137.39,337,11.58,12612,3531,14-MAY-2026
OPTSTK,DEMOSTK,25-JUN-2026,1580,CE,2.35,3.04,1.62,1.88,1.88,2870,1.35,30748,3728,14-MAY-2026
OPTSTK,DEMOSTK,25-JUN-2026,1580,PE,150.82,153.03,148.92,152.09,152.09,2521,95.85,2706,-2843,14-MAY-2026
OPTSTK,DEMOSTK,25-JUN-2026,1600,CE,2.45,4.41,0.58,4.19,4.19,544,0.57,4315,-2384,14-MAY-2026
OPTSTK,DEMOSTK,25-JUN-2026,1600,PE,175.91,176.81,173.02,175.22,175.22,407,17.83,14428,2212,14-MAY-2026
OPTSTK,DEMOSTK,25-JUN-2026,1620,CE,6.77,8.43,4.87,4.89,4.89,291,0.36,48983,-310,14-MAY-2026
OPTSTK,DEMOSTK,25-JUN-2026,1620,PE,188.75,193.16,187.09,190.38,190.38,2558,121.75,40365,-2649,14-MAY-2026
OPTSTK,DEMOSTK,25-JUN-2026,1640,CE,2.96,4.09,0.37,2.79,2.79,855,0.6,15447,-394,14-MAY-2026
OPTSTK,DEMOSTK,25-JUN-2026,1640,PE,211.94,213.47,209.73,210.13,210.13,1301,68.34,26958,-4253,14-MAY-2026
OPTSTK,DEMOSTK,25-JUN-2026,1660,CE,0.84,4.83,0.05,1.97,1.97,2138,1.05,23802,3212,14-MAY-2026
OPTSTK,DEMOSTK,25-JUN-2026,1660,PE,231.74,234.04,228.85,231.24,231.24,2949,170.48,24392,1573,14-MAY-2026
OPTSTK,DEMOSTK,25-JUN-2026,1680,CE,1.28,4.09,0.05,1.89,1.89,1713,0.81,11243,3595,14-MAY-2026
OPTSTK,DEMOSTK,25-JUN-2026,1680,PE,252.39,253.24,249.48,252.69,252.69,908,57.36,13966,-925,14-MAY-2026
OPTSTK,DEMOSTK,25-JUN-2026,1700,CE,3.89,4.17,1.81,2.64,2.64,2653,1.75,8942,2903,14-MAY-2026
OPTSTK,DEMOSTK,25-JUN-2026,1700,PE,270.56,273.09,269.24,270.19,270.19,57,3.85,20834,-840,14-MAY-2026
OPTSTK,DEMOSTK,28-MAY-2026,1300,CE,139.92,143.03,138.23,141.37,141.37,563,19.9,46920,-2216,15-MAY-2026
OPTSTK,DEMOSTK,28-MAY-2026,1300,PE,3.73,6.09,0.25,2.28,2.28,1963,1.12,29618,2156,15-MAY-2026
OPTSTK,DEMOSTK,28-MAY-2026,1320,CE,116.99,119.83,115.46,118.59,118.59,660,19.57,21824,-1377,15-MAY-2026
OPTSTK,DEMOSTK,28-MAY-2026,1320,PE,4.54,5.63,4.24,4.8,4.8,2415,2.9,13448,-2359,15-MAY-2026
OPTSTK,DEMOSTK,28-MAY-2026,1340,CE,101.03,102.35,99.37,100.88,100.88,456,11.5,2095,-1736,15-MAY-2026
OPTSTK,DEMOSTK,28-MAY-2026,1340,PE,5.7,7.64,3.83,4.14,4.14,1833,1.9,15262,20,15-MAY-2026
OPTSTK,DEMOSTK,28-MAY-2026,1360,CE,83.04,85.86,82.14,82.66,82.66,1470,30.38,25356,-3292,15-MAY-2026
OPTSTK,DEMOSTK,28-MAY-2026,1360,PE,3.21,6.88,1.14,4.95,4.95,678,0.84,17545,4022,15-MAY-2026
OPTSTK,DEMOSTK,28-MAY-2026,1380,CE,66.17,66.35,63.24,64.96,64.96,256,4.16,13938,-931,15-MAY-2026
OPTSTK,DEMOSTK,28-MAY-2026,1380,PE,2.16,5.64,1.37,3.14,3.14,797,0.63,17408,-4998,15-MAY-2026
OPTSTK,DEMOSTK,28-MAY-2026,1400,CE,40.75,42.01,38.38,40.9,40.9,1743,17.82,8476,-1339,15-MAY-2026
OPTSTK,DEMOSTK,28-MAY-2026,1400,PE,8.25,12.04,6.89,9.79,9.79,2058,5.04,2512,-1306,15-MAY-2026
OPTSTK,DEMOSTK,28-MAY-2026,1420,CE,18.5,22.62,17.26,20.35,20.35,2235,11.37,26720,-1334,15-MAY-2026
OPTSTK,DEMOSTK,28-MAY-2026,1420,PE,3.2,7.75,1.66,4.91,4.91,1855,2.28,45353,2161,15-MAY-2026
OPTSTK,DEMOSTK,28-MAY-2026,1440,CE,8.33,10.6,7.39,8.21,8.21,1714,3.52,27719,-1542,15-MAY-2026
OPTSTK,DEMOSTK,28-MAY-2026,1440,PE,12.76,14.14,10.8,12.52,12.52,1053,3.3,37530,3333,15-MAY-2026
OPTSTK,DEMOSTK,28-MAY-2026,1460,CE,8.72,11.51,6.08,10.4,10.4,86,0.22,1870,-759,15-MAY-2026
OPTSTK,DEMOSTK,28-MAY-2026,1460,PE,31.97,34.5,30.03,31.44,31.44,586,4.61,20675,2111,15-MAY-2026
OPTSTK,DEMOSTK,28-MAY-2026,1480,CE,8.98,9.59,6.14,8.07,8.07,2740,5.53,1168,-146,15-MAY-2026
OPTSTK,DEMOSTK,28-MAY-2026,1480,PE,44.88,46.08,43.09,45.11,45.11,1429,16.12,5449,-2901,15-MAY-2026
OPTSTK,DEMOSTK,28-MAY-2026,1500,CE,0.02,1.83,0.05,1.7,1.7,2285,0.97,46117,-2340,15-MAY-2026
OPTSTK,DEMOSTK,28-MAY-2026,1500,PE,66.65,66.85,62.92,65.73,65.73,153,2.51,48450,1040,15-MAY-2026
OPTSTK,DEMOSTK,28-MAY-2026,1520,CE,6.9,8.81,4.22,6.44,6.44,551,0.89,8719,3565,15-MAY-2026
OPTSTK,DEMOSTK,28-MAY-2026,1520,PE,88.06,89.44,87.74,88.11,88.11,984,21.68,25908,-1726,15-MAY-2026
OPTSTK,DEMOSTK,28-MAY-2026,1540,CE,3.73,6.23,1.96,3.14,3.14,2328,1.83,19270,-3206,15-MAY-2026
OPTSTK,DEMOSTK,28-MAY-2026,1540,PE,108.97,109.76,105.59,108.36,108.36,678,18.37,29867,1385,15-MAY-2026
OPTSTK,DEMOSTK,28-MAY-2026,1560,CE,4.33,5.69,2.77,5.23,5.23,1792,2.34,10743,-531,15-MAY-2026
OPTSTK,DEMOSTK,28-MAY-2026,1560,PE,128.41,131.14,127.16,129.46,129.46,188,6.08,41231,2280,15-MAY-2026
OPTSTK,DEMOSTK,28-MAY-2026,1580,CE,5.08,7.81,2.6,3.92,3.92,308,0.3,7706,-3212,15-MAY-2026
OPTSTK,DEMOSTK,28-MAY-2026,1580,PE,146.17,148.62,143.72,146.15,146.15,1541,56.3,9299,2755,15-MAY-2026
OPTSTK,DEMOSTK,28-MAY-2026,1600,CE,-0.94,2.46,0.05,0.95,0.95,420,0.1,37225,-1814,15-MAY-2026
OPTSTK,DEMOSTK,28-MAY-2026,1600,PE,164.71,167.3,161.8,166.43,166.43,1856,77.22,17507,4600,15-MAY-2026
OPTSTK,DEMOSTK,28-MAY-2026,1620,CE,2.54,2.68,0.05,1.18,1.18,449,0.13,36594,1688,15-MAY-2026
OPTSTK,DEMOSTK,28-MAY-2026,1620,PE,183.08,185.19,181.8,184.85,184.85,2393,110.59,46453,-1480,15-MAY-2026
OPTSTK,DEMOSTK,28-MAY-2026,1640,CE,2.55,3.38,0.18,1.67,1.67,814,0.34,38645,2161,15-MAY-2026
OPTSTK,DEMOSTK,28-MAY-2026,1640,PE,203.69,204.84,202.04,203.86,203.86,2665,135.82,43105,3341,15-MAY-2026
OPTSTK,DEMOSTK,28-MAY-2026,1660,CE,1.74,3.23,0.05,0.54,0.54,520,0.07,21749,3335,15-MAY-2026
OPTSTK,DEMOSTK,28-MAY-2026,1660,PE,224.86,226.61,224.12,225.69,225.69,2151,121.36,18944,4749,15-MAY-2026
OPTSTK,DEMOSTK,28-MAY-2026,1680,CE,4.13,7.1,0.05,2.56,2.56,1103,0.71,41102,-1658,15-MAY-2026
OPTSTK,DEMOSTK,28-MAY-2026,1680,PE,244.31,244.69,241.69,244.12,244.12,112,6.84,6211,-784,15-MAY-2026
OPTSTK,DEMOSTK,28-MAY-2026,1700,CE,0.99,3.07,0.05,2.29,2.29,844,0.48,27162,2578,15-MAY-2026
OPTSTK,DEMOSTK,28-MAY-2026,1700,PE,264.81,265.71,261.81,264.21,264.21,805,53.17,32171,3661,15-MAY-2026
OPTSTK,DEMOSTK,25-JUN-2026,1300,CE,144.63,147.03,141.75,146.46,146.46,1651,60.45,45902,1960,15-MAY-2026
OPTSTK,DEMOSTK,25-JUN-2026,1300,PE,4.79,6.48,1.19,4.12,4.12,1220,1.26,27368,4331,15-MAY-2026
OPTSTK,DEMOSTK,25-JUN-2026,1320,CE,123.8,125.39,123.38,124.22,124.22,2148,66.71,23127,4112,15-MAY-2026
OPTSTK,DEMOSTK,25-JUN-2026,1320,PE,9.96,10.68,6.37,8.6,8.6,2978,6.4,37599,-2175,15-MAY-2026
OPTSTK,DEMOSTK,25-JUN-2026,1340,CE,113.81,114.61,109.93,112.29,112.29,1996,56.03,22786,119,15-MAY-2026
OPTSTK,DEMOSTK,25-JUN-2026,1340,PE,13.99,16.66,11.5,12.05,12.05,2285,6.88,44874,-2104,15-MAY-2026
OPTSTK,DEMOSTK,25-JUN-2026,1360,CE,81.0,84.08,80.36,82.38,82.38,1428,29.41,7715,3595,15-MAY-2026
OPTSTK,DEMOSTK,25-JUN-2026,1360,PE,6.44,7.11,3.03,5.57,5.57,1397,1.95,19913,-42,15-MAY-2026
OPTSTK,DEMOSTK,25-JUN-2026,1380,CE,60.1,64.04,57.25,61.28,61.28,950,14.55,25897,2640,15-MAY-2026
OPTSTK,DEMOSTK,25-JUN-2026,1380,PE,4.8,5.93,3.35,3.35,3.35,985,0.82,27421,-856,15-MAY-2026
OPTSTK,DEMOSTK,25-JUN-2026,1400,CE,45.65,47.04,44.02,45.28,45.28,2781,31.48,34032,-3522,15-MAY-2026
OPTSTK,DEMOSTK,25-JUN-2026,1400,PE,8.03,11.79,6.91,8.88,8.88,180,0.4,9166,4680,15-MAY-2026
OPTSTK,DEMOSTK,25-JUN-2026,1420,CE,21.62,24.05,18.69,20.78,20.78,2301,11.95,10599,1530,15-MAY-2026
OPTSTK,DEMOSTK,25-JUN-2026,1420,PE,7.64,8.44,6.28,7.48,7.48,833,1.56,6897,4389,15-MAY-2026
OPTSTK,DEMOSTK,25-JUN-2026,1440,CE,24.75,25.76,22.8,24.1,24.1,843,5.08,19983,4285,15-MAY-2026
OPTSTK,DEMOSTK,25-JUN-2026,1440,PE,23.11,26.42,21.59,24.92,24.92,206,1.28,22842,-836,15-MAY-2026
OPTSTK,DEMOSTK,25-JUN-2026,1460,CE,22.0,23.94,18.28,20.27,20.27,1811,9.18,35330,2298,15-MAY-2026
OPTSTK,DEMOSTK,25-JUN-2026,1460,PE,37.55,39.38,34.79,37.68,37.68,2870,27.04,41609,-2129,15-MAY-2026
OPTSTK,DEMOSTK,25-JUN-2026,1480,CE,19.67,22.73,16.99,20.68,20.68,572,2.96,14730,-2777,15-MAY-2026
OPTSTK,DEMOSTK,25-JUN-2026,1480,PE,51.94,52.5,50.27,51.27,51.27,1875,24.03,32591,-4238,15-MAY-2026
OPTSTK,DEMOSTK,25-JUN-2026,1500,CE,13.93,18.16,13.41,15.24,15.24,361,1.38,5408,2414,15-MAY-2026
OPTSTK,DEMOSTK,25-JUN-2026,1500,PE,68.58,70.81,65.54,67.05,67.05,402,6.74,28108,-1200,15-MAY-2026
OPTSTK,DEMOSTK,25-JUN-2026,1520,CE,18.5,20.26,16.67,17.38,17.38,1298,5.64,42313,3052,15-MAY-2026
OPTSTK,DEMOSTK,25-JUN-2026,1520,PE,91.56,95.98,91.53,93.33,93.33,202,4.71,40768,2064,15-MAY-2026
OPTSTK,DEMOSTK,25-JUN-2026,1540,CE,4.77,5.47,4.49,5.43,5.43,277,0.38,28713,3026,15-MAY-2026
OPTSTK,DEMOSTK,25-JUN-2026,1540,PE,118.31,120.82,114.69,116.45,116.45,2427,70.66,21683,-4795,15-MAY-2026
OPTSTK,DEMOSTK,25-JUN-2026,1560,CE,15.15,16.38,11.76,14.64,14.64,2096,7.67,36540,3634,15-MAY-2026
OPTSTK,DEMOSTK,25-JUN-2026,1560,PE,130.41,131.65,130.1,130.44,130.44,1820,59.35,34071,4800,15-MAY-2026
OPTSTK,DEMOSTK,25-JUN-2026,1580,CE,2.91,4.32,0.05,1.98,1.98,1295,0.64,3999,4922,15-MAY-2026
OPTSTK,DEMOSTK,25-JUN-2026,1580,PE,155.57,156.4,152.15,154.91,154.91,1993,77.18,17220,756,15-MAY-2026
OPTSTK,DEMOSTK,25-JUN-2026,1600,CE,6.1,7.47,3.82,6.58,6.58,2575,4.24,4441,436,15-MAY-2026
OPTSTK,DEMOSTK,25-JUN-2026,1600,PE,166.56,170.1,165.36,167.62,167.62,2368,99.23,44244,-4523,15-MAY-2026
OPTSTK,DEMOSTK,25-JUN-2026,1620,CE,5.57,7.47,2.3,4.04,4.04,649,0.66,41848,2831,15-MAY-2026
OPTSTK,DEMOSTK,25-JUN-2026,1620,PE,188.25,188.39,185.77,186.64,186.64,2778,129.62,1912,-2579,15-MAY-2026
OPTSTK,DEMOSTK,25-JUN-2026,1640,CE,3.98,4.16,0.1,2.47,2.47,176,0.11,43479,-2302,15-MAY-2026
OPTSTK,DEMOSTK,25-JUN-2026,1640,PE,207.38,209.57,206.7,208.43,208.43,2936,152.99,48054,3663,15-MAY-2026
OPTSTK,DEMOSTK,25-JUN-2026,1660,CE,6.97,8.81,5.46,5.89,5.89,463,0.68,17200,2198,15-MAY-2026
OPTSTK,DEMOSTK,25-JUN-2026,1660,PE,226.49,227.99,224.08,226.95,226.95,766,43.46,37603,-267,15-MAY-2026
OPTSTK,DEMOSTK,25-JUN-2026,1680,CE,3.73,6.47,2.25,5.66,5.66,550,0.78,11693,-4985,15-MAY-2026
OPTSTK,DEMOSTK,25-JUN-2026,1680,PE,246.53,249.31,246.15,246.34,246.34,1399,86.16,5660,-2448,15-MAY-2026
OPTSTK,DEMOSTK,25-JUN-2026,1700,CE,4.49,6.12,2.65,2.77,2.77,548,0.38,31117,3311,15-MAY-2026
OPTSTK,DEMOSTK,25-JUN-2026,1700,PE,268.12,270.68,267.76,268.17,268.17,680,45.59,21134,-1247,15-MAY-2026
OPTSTK,DEMOSTK,28-MAY-2026,1300,CE,140.26,144.78,139.49,142.04,142.04,795,28.23,29706,3546,18-MAY-2026
OPTSTK,DEMOSTK,28-MAY-2026,1300,PE,5.77,6.75,1.33,3.83,3.83,808,0.77,21547,1432,18-MAY-2026
OPTSTK,DEMOSTK,28-MAY-2026,1320,CE,123.18,124.88,120.95,121.78,121.78,1080,32.88,40639,3893,18-MAY-2026
OPTSTK,DEMOSTK,28-MAY-2026,1320,PE,2.0,3.12,1.08,1.54,1.54,2895,1.11,46693,-4667,18-MAY-2026
OPTSTK,DEMOSTK,28-MAY-2026,1340,CE,100.79,104.64,98.49,102.3,102.3,1304,33.35,22170,-3392,18-MAY-2026
OPTSTK,DEMOSTK,28-MAY-2026,1340,PE,6.4,8.44,2.3,4.72,4.72,2263,2.67,11459,2253,18-MAY-2026
OPTSTK,DEMOSTK,28-MAY-2026,1360,CE,78.89,82.13,78.4,79.49,79.49,350,6.96,1439,-3504,18-MAY-2026
OPTSTK,DEMOSTK,28-MAY-2026,1360,PE,5.94,6.72,4.58,6.34,6.34,265,0.42,27816,2366,18-MAY-2026
OPTSTK,DEMOSTK,28-MAY-2026,1380,CE,59.33,60.34,57.57,59.74,59.74,1834,27.39,47808,682,18-MAY-2026
OPTSTK,DEMOSTK,28-MAY-2026,1380,PE,6.38,8.48,5.87,6.25,6.25,1627,2.54,5391,-201,18-MAY-2026
OPTSTK,DEMOSTK,28-MAY-2026,1400,CE,41.32,42.5,40.01,42.15,42.15,1870,19.71,19508,-1927,18-MAY-2026
OPTSTK,DEMOSTK,28-MAY-2026,1400,PE,8.03,9.47,6.34,7.48,7.48,416,0.78,8777,2367,18-MAY-2026
OPTSTK,DEMOSTK,28-MAY-2026,1420,CE,19.46,20.96,17.98,19.68,19.68,1668,8.21,7757,-1205,18-MAY-2026
OPTSTK,DEMOSTK,28-MAY-2026,1420,PE,6.35,6.82,3.98,5.28,5.28,75,0.1,32535,1264,18-MAY-2026
OPTSTK,DEMOSTK,28-MAY-2026,1440,CE,10.37,11.4,6.59,8.51,8.51,2331,4.96,42717,-3620,18-MAY-2026
OPTSTK,DEMOSTK,28-MAY-2026,1440,PE,11.96,12.88,9.78,11.32,11.32,1228,3.48,22265,2307,18-MAY-2026
OPTSTK,DEMOSTK,28-MAY-2026,1460,CE,6.93,10.39,4.61,7.78,7.78,2464,4.79,32327,-2724,18-MAY-2026
OPTSTK,DEMOSTK,28-MAY-2026,1460,PE,23.66,26.14,23.61,24.64,24.64,2955,18.2,2639,-501,18-MAY-2026
OPTSTK,DEMOSTK,28-MAY-2026,1480,CE,8.5,9.62,4.73,7.22,7.22,925,1.67,28987,-4670,18-MAY-2026
OPTSTK,DEMOSTK,28-MAY-2026,1480,PE,46.19,47.14,43.79,46.55,46.55,429,4.99,6832,-1375,18-MAY-2026
OPTSTK,DEMOSTK,28-MAY-2026,1500,CE,1.83,4.13,0.05,3.02,3.02,2859,2.16,30778,2099,18-MAY-2026
OPTSTK,DEMOSTK,28-MAY-2026,1500,PE,63.87,65.65,62.31,65.44,65.44,2438,39.89,30309,1776,18-MAY-2026
OPTSTK,DEMOSTK,28-MAY-2026,1520,CE,5.02,6.92,4.02,4.74,4.74,2617,3.1,39730,3310,18-MAY-2026
OPTSTK,DEMOSTK,28-MAY-2026,1520,PE,85.82,86.87,84.87,86.12,86.12,2071,44.59,48928,2311,18-MAY-2026
OPTSTK,DEMOSTK,28-MAY-2026,1540,CE,0.98,2.51,0.05,0.98,0.98,701,0.17,4690,665,18-MAY-2026
OPTSTK,DEMOSTK,28-MAY-2026,1540,PE,102.69,105.03,101.19,104.38,104.38,1273,33.22,29942,3806,18-MAY-2026
OPTSTK,DEMOSTK,28-MAY-2026,1560,CE,0.81,4.7,0.29,2.5,2.5,898,0.56,46161,-3487,18-MAY-2026
OPTSTK,DEMOSTK,28-MAY-2026,1560,PE,126.11,128.57,123.52,124.43,124.43,324,10.08,10281,4065,18-MAY-2026
OPTSTK,DEMOSTK,28-MAY-2026,1580,CE,1.5,2.16,1.26,1.79,1.79,1380,0.62,3240,1603,18-MAY-2026
OPTSTK,DEMOSTK,28-MAY-2026,1580,PE,144.1,146.32,143.4,144.98,144.98,811,29.39,31653,-2028,18-MAY-2026
OPTSTK,DEMOSTK,28-MAY-2026,1600,CE,2.0,4.84,0.05,0.95,0.95,599,0.14,40048,1434,18-MAY-2026
OPTSTK,DEMOSTK,28-MAY-2026,1600,PE,163.11,165.76,162.02,164.85,164.85,1170,48.22,35896,-1131,18-MAY-2026
OPTSTK,DEMOSTK,28-MAY-2026,1620,CE,0.27,2.87,0.05,1.87,1.87,1356,0.63,1844,-4845,18-MAY-2026
OPTSTK,DEMOSTK,28-MAY-2026,1620,PE,184.94,187.29,181.31,183.47,183.47,1285,58.94,33712,-1194,18-MAY-2026
OPTSTK,DEMOSTK,28-MAY-2026,1640,CE,0.14,1.89,0.05,1.26,1.26,2348,0.74,32304,4388,18-MAY-2026
OPTSTK,DEMOSTK,28-MAY-2026,1640,PE,203.73,206.49,202.69,202.94,202.94,90,4.57,38703,-4513,18-MAY-2026
OPTSTK,DEMOSTK,28-MAY-2026,1660,CE,2.06,3.95,0.05,1.29,1.29,2089,0.67,14646,2131,18-MAY-2026
OPTSTK,DEMOSTK,28-MAY-2026,1660,PE,223.89,226.16,222.22,223.69,223.69,199,11.13,31773,-1427,18-MAY-2026
OPTSTK,DEMOSTK,28-MAY-2026,1680,CE,1.94,4.03,0.05,0.83,0.83,2869,0.6,9974,2261,18-MAY-2026
OPTSTK,DEMOSTK,28-MAY-2026,1680,PE,244.22,246.76,242.86,243.72,243.72,2064,125.76,40181,-1989,18-MAY-2026
OPTSTK,DEMOSTK,28-MAY-2026,1700,CE,0.32,2.46,0.05,1.53,1.53,442,0.17,20450,709,18-MAY-2026
OPTSTK,DEMOSTK,28-MAY-2026,1700,PE,262.68,264.35,261.44,263.91,263.91,1219,80.43,8652,1118,18-MAY-2026
OPTSTK,DEMOSTK,25-JUN-2026,1300,CE,147.08,148.78,146.32,148.49,148.49,2159,80.15,28097,-576,18-MAY-2026
OPTSTK,DEMOSTK,25-JUN-2026,1300,PE,9.1,11.96,6.81,9.28,9.28,2829,6.56,46586,4193,18-MAY-2026
OPTSTK,DEMOSTK,25-JUN-2026,1320,CE,125.4,128.31,122.58,124.77,124.77,960,29.94,22633,-1242,18-MAY-2026
OPTSTK,DEMOSTK,25-JUN-2026,1320,PE,5.31,7.81,2.62,6.52,6.52,147,0.24,48811,61,18-MAY-2026
OPTSTK,DEMOSTK,25-JUN-2026,1340,CE,104.88,107.74,104.42,104.83,104.83,1546,40.52,8647,1016,18-MAY-2026
OPTSTK,DEMOSTK,25-JUN-2026,1340,PE,7.88,9.16,7.59,7.85,7.85,1877,3.68,33690,-3,18-MAY-2026
OPTSTK,DEMOSTK,25-JUN-2026,1360,CE,87.31,89.77,87.11,87.24,87.24,1773,38.67,41830,-705,18-MAY-2026
OPTSTK,DEMOSTK,25-JUN-2026,1360,PE,12.71,13.8,12.31,12.81,12.81,1106,3.54,40867,-3385,18-MAY-2026
OPTSTK,DEMOSTK,25-JUN-2026,1380,CE,64.71,66.46,64.12,65.72,65.72,2194,36.05,16610,-2858,18-MAY-2026
OPTSTK,DEMOSTK,25-JUN-2026,1380,PE,15.11,16.16,12.28,13.77,13.77,2774,9.55,4789,-1849,18-MAY-2026
OPTSTK,DEMOSTK,25-JUN-2026,1400,CE,54.92,57.55,53.49,56.0,56.0,234,3.28,47598,630,18-MAY-2026
OPTSTK,DEMOSTK,25-JUN-2026,1400,PE,3.4,4.65,2.95,4.3,4.3,2213,2.38,12432,-3422,18-MAY-2026
OPTSTK,DEMOSTK,25-JUN-2026,1420,CE,32.72,35.26,31.81,34.13,34.13,2436,20.79,22913,2704,18-MAY-2026
OPTSTK,DEMOSTK,25-JUN-2026,1420,PE,5.53,7.98,4.91,5.62,5.62,1458,2.05,2308,3051,18-MAY-2026
OPTSTK,DEMOSTK,25-JUN-2026,1440,CE,25.74,28.58,22.92,26.94,26.94,530,3.57,46164,2543,18-MAY-2026
OPTSTK,DEMOSTK,25-JUN-2026,1440,PE,26.99,28.79,25.69,25.99,25.99,662,4.3,7708,-1880,18-MAY-2026
OPTSTK,DEMOSTK,25-JUN-2026,1460,CE,23.11,24.06,20.17,22.22,22.22,1731,9.62,7832,3860,18-MAY-2026
OPTSTK,DEMOSTK,25-JUN-2026,1460,PE,28.46,29.61,24.32,26.73,26.73,1981,13.24,18706,614,18-MAY-2026
OPTSTK,DEMOSTK,25-JUN-2026,1480,CE,10.02,10.1,8.37,9.84,9.84,374,0.92,14385,640,18-MAY-2026
OPTSTK,DEMOSTK,25-JUN-2026,1480,PE,59.73,62.95,56.89,60.03,60.03,2791,41.89,6403,3659,18-MAY-2026
OPTSTK,DEMOSTK,25-JUN-2026,1500,CE,17.68,19.5,16.72,16.77,16.77,2049,8.59,29740,4748,18-MAY-2026
OPTSTK,DEMOSTK,25-JUN-2026,1500,PE,76.99,80.73,75.76,77.98,77.98,2366,46.13,18729,3654,18-MAY-2026
OPTSTK,DEMOSTK,25-JUN-2026,1520,CE,1.96,6.39,0.05,3.41,3.41,909,0.77,16932,-2600,18-MAY-2026
OPTSTK,DEMOSTK,25-JUN-2026,1520,PE,85.77,87.79,84.42,85.23,85.23,2043,43.53,28087,928,18-MAY-2026
OPTSTK,DEMOSTK,25-JUN-2026,1540,CE,14.94,18.19,14.77,16.93,16.93,477,2.02,33663,4576,18-MAY-2026
OPTSTK,DEMOSTK,25-JUN-2026,1540,PE,118.3,118.43,115.28,117.37,117.37,2069,60.71,33194,-2134,18-MAY-2026
OPTSTK,DEMOSTK,25-JUN-2026,1560,CE,4.03,6.44,3.59,3.98,3.98,1770,1.76,19219,-640,18-MAY-2026
OPTSTK,DEMOSTK,25-JUN-2026,1560,PE,123.7,128.02,122.61,125.24,125.24,451,14.12,34519,3763,18-MAY-2026
OPTSTK,DEMOSTK,25-JUN-2026,1580,CE,9.44,10.09,7.43,7.48,7.48,1395,2.61,16160,131,18-MAY-2026
OPTSTK,DEMOSTK,25-JUN-2026,1580,PE,144.54,146.89,144.26,146.35,146.35,2006,73.39,32742,-1544,18-MAY-2026
OPTSTK,DEMOSTK,25-JUN-2026,1600,CE,7.55,10.53,6.93,8.34,8.34,2322,4.84,45651,4753,18-MAY-2026
OPTSTK,DEMOSTK,25-JUN-2026,1600,PE,167.59,167.84,165.92,167.71,167.71,905,37.94,22897,-3062,18-MAY-2026
OPTSTK,DEMOSTK,25-JUN-2026,1620,CE,6.02,6.61,3.78,6.26,6.26,1419,2.22,43474,3521,18-MAY-2026
OPTSTK,DEMOSTK,25-JUN-2026,1620,PE,188.72,190.41,185.9,188.66,188.66,2705,127.58,4119,-594,18-MAY-2026
OPTSTK,DEMOSTK,25-JUN-2026,1640,CE,3.84,6.13,2.12,3.86,3.86,578,0.56,22605,1977,18-MAY-2026
OPTSTK,DEMOSTK,25-JUN-2026,1640,PE,204.4,206.85,202.84,206.13,206.13,2168,111.72,26633,-2585,18-MAY-2026
OPTSTK,DEMOSTK,25-JUN-2026,1660,CE,2.51,5.94,2.24,3.02,3.02,119,0.09,22191,-3132,18-MAY-2026
OPTSTK,DEMOSTK,25-JUN-2026,1660,PE,224.72,226.7,223.62,224.92,224.92,1029,57.86,38044,-4749,18-MAY-2026
OPTSTK,DEMOSTK,25-JUN-2026,1680,CE,-0.2,3.72,0.05,1.59,1.59,2808,1.12,22222,-4045,18-MAY-2026
OPTSTK,DEMOSTK,25-JUN-2026,1680,PE,246.52,249.59,245.18,247.58,247.58,2909,180.05,31779,2279,18-MAY-2026
OPTSTK,DEMOSTK,25-JUN-2026,1700,CE,1.74,5.2,0.05,2.81,2.81,1546,1.09,8495,726,18-MAY-2026
OPTSTK,DEMOSTK,25-JUN-2026,1700,PE,267.89,270.04,264.57,265.95,265.95,644,42.82,4965,1957,18-MAY-2026
OPTSTK,DEMOSTK,28-MAY-2026,1300,CE,143.36,147.52,141.36,145.09,145.09,1989,72.15,41408,-2865,19-MAY-2026
OPTSTK,DEMOSTK,28-MAY-2026,1300,PE,1.2,2.46,0.1,0.85,0.85,2991,0.64,48858,-3006,19-MAY-2026
OPTSTK,DEMOSTK,28-MAY-2026,1320,CE,124.83,125.72,122.15,125.07,125.07,419,13.1,29809,-2022,19-MAY-2026
OPTSTK,DEMOSTK,28-MAY-2026,1320,PE,3.59,6.49,1.34,3.52,3.52,317,0.28,22460,4929,19-MAY-2026
OPTSTK,DEMOSTK,28-MAY-2026,1340,CE,101.91,105.72,101.38,102.91,102.91,2098,53.98,23451,-4445,19-MAY-2026
OPTSTK,DEMOSTK,28-MAY-2026,1340,PE,2.07,3.4,0.05,2.78,2.78,2244,1.56,41526,-2562,19-MAY-2026
OPTSTK,DEMOSTK,28-MAY-2026,1360,CE,87.69,88.45,85.87,87.63,87.63,1179,25.83,30272,-2444,19-MAY-2026
OPTSTK,DEMOSTK,28-MAY-2026,1360,PE,3.14,3.78,0.52,2.34,2.34,2456,1.44,13606,2275,19-MAY-2026
OPTSTK,DEMOSTK,28-MAY-2026,1380,CE,62.63,64.78,61.44,63.78,63.78,1299,20.71,27463,2783,19-MAY-2026
OPTSTK,DEMOSTK,28-MAY-2026,1380,PE,5.27,7.75,5.12,6.65,6.65,2690,4.47,17426,-2112,19-MAY-2026
OPTSTK,DEMOSTK,28-MAY-2026,1400,CE,49.55,51.6,48.31,49.45,49.45,1162,14.37,9857,-2895,19-MAY-2026
OPTSTK,DEMOSTK,28-MAY-2026,1400,PE,6.18,8.84,4.8,6.74,6.74,2207,3.72,40141,-1611,19-MAY-2026
OPTSTK,DEMOSTK,28-MAY-2026,1420,CE,24.76,27.71,21.87,24.18,24.18,1136,6.87,1155,2096,19-MAY-2026
OPTSTK,DEMOSTK,28-MAY-2026,1420,PE,4.27,4.54,2.09,2.42,2.42,1265,0.77,37046,3181,19-MAY-2026
OPTSTK,DEMOSTK,28-MAY-2026,1440,CE,4.82,6.7,3.98,5.83,5.83,1468,2.14,45377,-4109,19-MAY-2026
OPTSTK,DEMOSTK,28-MAY-2026,1440,PE,8.13,10.09,6.25,6.59,6.59,232,0.38,2497,-2309,19-MAY-2026
OPTSTK,DEMOSTK,28-MAY-2026,1460,CE,6.68,6.91,3.33,5.22,5.22,1810,2.36,13628,-1033,19-MAY-2026
OPTSTK,DEMOSTK,28-MAY-2026,1460,PE,22.72,25.14,21.18,22.54,22.54,1300,7.33,17781,-3079,19-MAY-2026
OPTSTK,DEMOSTK,28-MAY-2026,1480,CE,4.77,7.12,1.99,3.65,3.65,2955,2.7,7604,-1742,19-MAY-2026
OPTSTK,DEMOSTK,28-MAY-2026,1480,PE,46.62,48.44,43.08,45.21,45.21,1376,15.55,19487,-509,19-MAY-2026
OPTSTK,DEMOSTK,28-MAY-2026,1500,CE,0.91,5.51,0.78,2.56,2.56,2558,1.64,26025,733,19-MAY-2026
OPTSTK,DEMOSTK,28-MAY-2026,1500,PE,62.87,63.89,61.44,62.25,62.25,2611,40.63,11787,3456,19-MAY-2026
OPTSTK,DEMOSTK,28-MAY-2026,1520,CE,2.29,6.19,1.96,3.57,3.57,763,0.68,3010,-1039,19-MAY-2026
OPTSTK,DEMOSTK,28-MAY-2026,1520,PE,80.75,81.16,77.84,80.69,80.69,1767,35.64,39025,2672,19-MAY-2026
OPTSTK,DEMOSTK,28-MAY-2026,1540,CE,1.01,1.78,0.05,1.52,1.52,636,0.24,2682,4866,19-MAY-2026
OPTSTK,DEMOSTK,28-MAY-2026,1540,PE,97.63,99.81,95.17,98.9,98.9,2872,71.01,8107,3298,19-MAY-2026
OPTSTK,DEMOSTK,28-MAY-2026,1560,CE,4.64,5.87,2.99,3.46,3.46,2749,2.38,20348,229,19-MAY-2026
OPTSTK,DEMOSTK,28-MAY-2026,1560,PE,119.05,120.59,118.51,119.25,119.25,1291,38.49,26238,-2780,19-MAY-2026
OPTSTK,DEMOSTK,28-MAY-2026,1580,CE,2.68,3.89,0.07,2.47,2.47,409,0.25,35687,403,19-MAY-2026
OPTSTK,DEMOSTK,28-MAY-2026,1580,PE,140.38,142.79,140.1,140.55,140.55,2244,78.85,37311,4380,19-MAY-2026
OPTSTK,DEMOSTK,28-MAY-2026,1600,CE,3.21,5.04,2.48,2.94,2.94,1394,1.02,22104,1676,19-MAY-2026
OPTSTK,DEMOSTK,28-MAY-2026,1600,PE,156.78,158.93,153.97,158.39,158.39,1776,70.33,18039,198,19-MAY-2026
OPTSTK,DEMOSTK,28-MAY-2026,1620,CE,1.46,2.28,0.1,0.47,0.47,1473,0.17,23498,-2483,19-MAY-2026
OPTSTK,DEMOSTK,28-MAY-2026,1620,PE,180.14,182.27,180.01,180.31,180.31,1295,58.38,22049,3409,19-MAY-2026
OPTSTK,DEMOSTK,28-MAY-2026,1640,CE,-0.33,0.58,0.05,0.41,0.41,2223,0.23,27456,834,19-MAY-2026
OPTSTK,DEMOSTK,28-MAY-2026,1640,PE,199.6,200.69,198.56,199.38,199.38,338,16.85,20999,-3613,19-MAY-2026
OPTSTK,DEMOSTK,28-MAY-2026,1660,CE,1.95,3.24,1.2,1.32,1.32,2216,0.73,19540,4076,19-MAY-2026
OPTSTK,DEMOSTK,28-MAY-2026,1660,PE,218.28,222.3,216.66,219.56,219.56,596,32.71,17330,-3314,19-MAY-2026
OPTSTK,DEMOSTK,28-MAY-2026,1680,CE,3.11,4.44,0.05,1.3,1.3,2886,0.94,1077,-1098,19-MAY-2026
OPTSTK,DEMOSTK,28-MAY-2026,1680,PE,236.25,238.92,233.91,238.21,238.21,675,40.2,25734,3704,19-MAY-2026
OPTSTK,DEMOSTK,28-MAY-2026,1700,CE,0.21,4.17,0.05,1.61,1.61,2409,0.97,27081,2846,19-MAY-2026
OPTSTK,DEMOSTK,28-MAY-2026,1700,PE,257.41,261.9,256.71,259.39,259.39,1344,87.16,20935,4158,19-MAY-2026
OPTSTK,DEMOSTK,25-JUN-2026,1300,CE,152.0,154.44,150.91,152.05,152.05,567,21.55,45869,2383,19-MAY-2026
OPTSTK,DEMOSTK,25-JUN-2026,1300,PE,3.58,5.56,2.19,3.18,3.18,2716,2.16,1472,3018,19-MAY-2026
OPTSTK,DEMOSTK,25-JUN-2026,1320,CE,131.7,131.73,130.07,131.5,131.5,1679,55.2,25438,4287,19-MAY-2026
OPTSTK,DEMOSTK,25-JUN-2026,1320,PE,15.86,16.0,14.9,15.27,15.27,362,1.38,6796,4338,19-MAY-2026
OPTSTK,DEMOSTK,25-JUN-2026,1340,CE,109.56,112.59,107.62,110.63,110.63,1871,51.75,36327,4152,19-MAY-2026
OPTSTK,DEMOSTK,25-JUN-2026,1340,PE,17.02,18.61,15.08,16.7,16.7,2042,8.53,48625,-1440,19-MAY-2026
OPTSTK,DEMOSTK,25-JUN-2026,1360,CE,97.52,99.59,96.48,99.22,99.22,566,14.04,36537,1922,19-MAY-2026
OPTSTK,DEMOSTK,25-JUN-2026,1360,PE,19.4,20.03,18.02,18.74,18.74,1034,4.84,15537,591,19-MAY-2026
OPTSTK,DEMOSTK,25-JUN-2026,1380,CE,64.66,65.74,63.08,65.57,65.57,1281,21.0,45155,4192,19-MAY-2026
OPTSTK,DEMOSTK,25-JUN-2026,1380,PE,11.53,13.81,8.9,10.62,10.62,2634,6.99,47810,-2217,19-MAY-2026
OPTSTK,DEMOSTK,25-JUN-2026,1400,CE,55.48,56.48,55.36,55.62,55.62,1958,27.23,41384,287,19-MAY-2026
OPTSTK,DEMOSTK,25-JUN-2026,1400,PE,8.79,11.43,4.79,7.35,7.35,2050,3.77,12517,-1216,19-MAY-2026
OPTSTK,DEMOSTK,25-JUN-2026,1420,CE,33.13,36.08,31.85,32.18,32.18,75,0.6,39140,788,19-MAY-2026
OPTSTK,DEMOSTK,25-JUN-2026,1420,PE,24.88,27.58,22.04,25.33,25.33,1434,9.08,22644,394,19-MAY-2026
OPTSTK,DEMOSTK,25-JUN-2026,1440,CE,25.68,29.48,25.61,27.11,27.11,308,2.09,31259,3895,19-MAY-2026
OPTSTK,DEMOSTK,25-JUN-2026,1440,PE,28.57,29.97,27.06,29.31,29.31,58,0.42,25460,-1467,19-MAY-2026
OPTSTK,DEMOSTK,25-JUN-2026,1460,CE,27.96,30.83,27.06,27.82,27.82,154,1.07,5917,3738,19-MAY-2026
OPTSTK,DEMOSTK,25-JUN-2026,1460,PE,28.21,29.29,26.24,27.97,27.97,2957,20.68,26066,4431,19-MAY-2026
OPTSTK,DEMOSTK,25-JUN-2026,1480,CE,10.34,10.4,7.81,9.06,9.06,1259,2.85,17683,-4734,19-MAY-2026
OPTSTK,DEMOSTK,25-JUN-2026,1480,PE,49.71,50.42,47.25,49.38,49.38,2722,33.6,31056,-3443,19-MAY-2026
OPTSTK,DEMOSTK,25-JUN-2026,1500,CE,14.3,16.55,13.54,14.95,14.95,451,1.69,10409,-3723,19-MAY-2026
OPTSTK,DEMOSTK,25-JUN-2026,1500,PE,76.93,79.47,74.44,75.79,75.79,1017,19.27,12706,3724,19-MAY-2026
OPTSTK,DEMOSTK,25-JUN-2026,1520,CE,18.97,19.99,14.77,17.23,17.23,1992,8.58,44894,-890,19-MAY-2026
OPTSTK,DEMOSTK,25-JUN-2026,1520,PE,88.2,90.75,87.36,87.96,87.96,150,3.3,36558,3799,19-MAY-2026
OPTSTK,DEMOSTK,25-JUN-2026,1540,CE,14.22,18.38,11.74,15.99,15.99,1457,5.82,13128,1689,19-MAY-2026
OPTSTK,DEMOSTK,25-JUN-2026,1540,PE,107.2,108.49,106.82,106.83,106.83,428,11.43,47740,3925,19-MAY-2026
OPTSTK,DEMOSTK,25-JUN-2026,1560,CE,2.95,6.35,0.37,3.93,3.93,2982,2.93,12435,-4915,19-MAY-2026
OPTSTK,DEMOSTK,25-JUN-2026,1560,PE,131.64,136.07,130.68,133.53,133.53,296,9.88,29278,-684,19-MAY-2026
OPTSTK,DEMOSTK,25-JUN-2026,1580,CE,4.91,7.85,3.93,4.56,4.56,357,0.41,42906,-1240,19-MAY-2026
OPTSTK,DEMOSTK,25-JUN-2026,1580,PE,139.83,142.26,136.87,140.94,140.94,1378,48.55,29499,175,19-MAY-2026
OPTSTK,DEMOSTK,25-JUN-2026,1600,CE,12.74,15.13,9.59,11.0,11.0,695,1.91,22235,1232,19-MAY-2026
OPTSTK,DEMOSTK,25-JUN-2026,1600,PE,165.73,167.29,163.85,166.99,166.99,1905,79.53,37773,3094,19-MAY-2026
OPTSTK,DEMOSTK,25-JUN-2026,1620,CE,2.92,4.93,0.83,1.94,1.94,575,0.28,6502,1754,19-MAY-2026
OPTSTK,DEMOSTK,25-JUN-2026,1620,PE,182.48,184.65,180.65,182.59,182.59,1783,81.39,33512,-1952,19-MAY-2026
OPTSTK,DEMOSTK,25-JUN-2026,1640,CE,5.02,6.16,3.22,5.87,5.87,2330,3.42,11470,383,19-MAY-2026
OPTSTK,DEMOSTK,25-JUN-2026,1640,PE,201.12,203.56,200.03,200.74,200.74,1875,94.1,46243,1414,19-MAY-2026
OPTSTK,DEMOSTK,25-JUN-2026,1660,CE,3.4,5.04,1.04,3.42,3.42,635,0.54,14327,-1269,19-MAY-2026
OPTSTK,DEMOSTK,25-JUN-2026,1660,PE,222.43,222.63,219.57,220.49,220.49,2001,110.3,12812,2574,19-MAY-2026
OPTSTK,DEMOSTK,25-JUN-2026,1680,CE,5.8,7.81,4.08,4.08,4.08,342,0.35,38987,-4401,19-MAY-2026
OPTSTK,DEMOSTK,25-JUN-2026,1680,PE,240.15,244.35,237.33,241.4,241.4,567,34.22,14256,637,19-MAY-2026
OPTSTK,DEMOSTK,25-JUN-2026,1700,CE,4.79,5.86,1.09,2.95,2.95,2269,1.67,18236,-1693,19-MAY-2026
OPTSTK,DEMOSTK,25-JUN-2026,1700,PE,260.77,263.5,259.81,262.75,262.75,2100,137.94,4795,-4402,19-MAY-2026
OPTSTK,DEMOSTK,28-MAY-2026,1300,CE,145.24,149.31,142.39,147.19,147.19,150,5.52,26595,3587,20-MAY-2026
OPTSTK,DEMOSTK,28-MAY-2026,1300,PE,3.87,4.94,0.37,2.89,2.89,117,0.08,42604,2396,20-MAY-2026
OPTSTK,DEMOSTK,28-MAY-2026,1320,CE,123.97,128.32,121.95,125.83,125.83,2633,82.83,31435,123,20-MAY-2026
OPTSTK,DEMOSTK,28-MAY-2026,1320,PE,3.58,6.17,1.12,2.52,2.52,1227,0.77,23313,716,20-MAY-2026
OPTSTK,DEMOSTK,28-MAY-2026,1340,CE,106.57,106.79,104.16,105.49,105.49,67,1.77,35358,1840,20-MAY-2026
OPTSTK,DEMOSTK,28-MAY-2026,1340,PE,5.23,6.67,1.56,4.07,4.07,423,0.43,8918,-595,20-MAY-2026
OPTSTK,DEMOSTK,28-MAY-2026,1360,CE,83.94,88.1,81.45,85.57,85.57,2164,46.29,16375,1483,20-MAY-2026
OPTSTK,DEMOSTK,28-MAY-2026,1360,PE,3.11,5.6,3.1,4.63,4.63,2175,2.52,28197,4305,20-MAY-2026
OPTSTK,DEMOSTK,28-MAY-2026,1380,CE,70.52,72.84,65.79,68.57,68.57,82,1.41,6379,-2114,20-MAY-2026
OPTSTK,DEMOSTK,28-MAY-2026,1380,PE,3.56,5.62,2.54,4.65,4.65,297,0.35,23661,2125,20-MAY-2026
OPTSTK,DEMOSTK,28-MAY-2026,1400,CE,49.46,51.94,48.86,49.46,49.46,1295,16.01,35087,-4884,20-MAY-2026
OPTSTK,DEMOSTK,28-MAY-2026,1400,PE,4.59,6.48,2.36,5.24,5.24,2928,3.84,16221,67,20-MAY-2026
OPTSTK,DEMOSTK,28-MAY-2026,1420,CE,25.38,27.18,24.69,26.02,26.02,2372,15.43,26224,-3742,20-MAY-2026
OPTSTK,DEMOSTK,28-MAY-2026,1420,PE,-0.05,3.15,0.05,1.53,1.53,2986,1.14,6737,-4475,20-MAY-2026
OPTSTK,DEMOSTK,28-MAY-2026,1440,CE,8.14,10.62,5.39,7.25,7.25,981,1.78,41685,4250,20-MAY-2026
OPTSTK,DEMOSTK,28-MAY-2026,1440,PE,2.87,4.95,0.94,3.91,3.91,1440,1.41,42438,2491,20-MAY-2026
OPTSTK,DEMOSTK,28-MAY-2026,1460,CE,5.77,7.87,4.24,7.08,7.08,292,0.52,20808,-1430,20-MAY-2026
OPTSTK,DEMOSTK,28-MAY-2026,1460,PE,19.65,22.45,17.92,19.72,19.72,2661,13.12,39003,4587,20-MAY-2026
OPTSTK,DEMOSTK,28-MAY-2026,1480,CE,5.84,7.79,3.43,5.63,5.63,2270,3.2,48863,-2925,20-MAY-2026
OPTSTK,DEMOSTK,28-MAY-2026,1480,PE,38.52,40.72,34.63,36.55,36.55,131,1.2,11550,3096,20-MAY-2026
OPTSTK,DEMOSTK,28-MAY-2026,1500,CE,1.87,2.97,0.05,1.7,1.7,2031,0.86,1161,-741,20-MAY-2026
OPTSTK,DEMOSTK,28-MAY-2026,1500,PE,61.17,61.57,58.95,59.74,59.74,1388,20.73,22238,-2593,20-MAY-2026
OPTSTK,DEMOSTK,28-MAY-2026,1520,CE,2.19,4.4,0.05,0.84,0.84,61,0.01,43622,-1178,20-MAY-2026
OPTSTK,DEMOSTK,28-MAY-2026,1520,PE,76.22,78.3,73.72,76.33,76.33,2033,38.79,9897,-2999,20-MAY-2026
OPTSTK,DEMOSTK,28-MAY-2026,1540,CE,4.52,7.68,4.5,4.71,4.71,804,0.95,41517,3867,20-MAY-2026
OPTSTK,DEMOSTK,28-MAY-2026,1540,PE,99.26,101.12,97.62,98.75,98.75,331,8.17,44115,-4736,20-MAY-2026
OPTSTK,DEMOSTK,28-MAY-2026,1560,CE,1.61,4.15,0.42,1.31,1.31,523,0.17,12260,2279,20-MAY-2026
OPTSTK,DEMOSTK,28-MAY-2026,1560,PE,115.87,119.65,113.41,117.07,117.07,1612,47.18,19236,-1768,20-MAY-2026
OPTSTK,DEMOSTK,28-MAY-2026,1580,CE,1.62,3.64,0.62,1.32,1.32,1613,0.53,27930,-3359,20-MAY-2026
OPTSTK,DEMOSTK,28-MAY-2026,1580,PE,137.16,137.65,134.45,137.04,137.04,664,22.75,42959,-2673,20-MAY-2026
OPTSTK,DEMOSTK,28-MAY-2026,1600,CE,3.19,5.45,1.15,1.78,1.78,2240,1.0,12101,-1612,20-MAY-2026
OPTSTK,DEMOSTK,28-MAY-2026,1600,PE,154.83,156.47,153.78,156.24,156.24,1357,53.0,44000,-3563,20-MAY-2026
OPTSTK,DEMOSTK,28-MAY-2026,1620,CE,0.61,5.14,0.56,2.35,2.35,2810,1.65,7157,4413,20-MAY-2026
OPTSTK,DEMOSTK,28-MAY-2026,1620,PE,177.09,177.33,174.37,176.69,176.69,1034,45.67,39617,1898,20-MAY-2026
OPTSTK,DEMOSTK,28-MAY-2026,1640,CE,0.4,3.88,0.05,1.04,1.04,1783,0.46,37724,3851,20-MAY-2026
OPTSTK,DEMOSTK,28-MAY-2026,1640,PE,197.72,198.21,194.91,196.95,196.95,2986,147.02,42822,-4266,20-MAY-2026
OPTSTK,DEMOSTK,28-MAY-2026,1660,CE,2.6,3.25,0.05,1.56,1.56,1850,0.72,16154,2056,20-MAY-2026
OPTSTK,DEMOSTK,28-MAY-2026,1660,PE,215.38,218.63,213.91,216.5,216.5,1798,97.32,28063,-604,20-MAY-2026
OPTSTK,DEMOSTK,28-MAY-2026,1680,CE,3.18,6.18,0.05,1.22,1.22,1130,0.34,47540,3118,20-MAY-2026
OPTSTK,DEMOSTK,28-MAY-2026,1680,PE,234.55,237.87,233.05,236.38,236.38,2726,161.09,31811,-2317,20-MAY-2026
OPTSTK,DEMOSTK,28-MAY-2026,1700,CE,0.18,1.27,0.05,0.95,0.95,339,0.08,12251,2198,20-MAY-2026
OPTSTK,DEMOSTK,28-MAY-2026,1700,PE,255.42,257.53,253.83,256.03,256.03,1641,105.04,41556,-2812,20-MAY-2026
OPTSTK,DEMOSTK,25-JUN-2026,1300,CE,152.0,152.26,150.4,151.5,151.5,665,25.19,24052,233,20-MAY-2026
OPTSTK,DEMOSTK,25-JUN-2026,1300,PE,4.84,7.0,2.38,5.19,5.19,660,0.86,9694,-1623,20-MAY-2026
OPTSTK,DEMOSTK,25-JUN-2026,1320,CE,137.49,139.58,137.1,138.59,138.59,2361,81.8,29784,4568,20-MAY-2026
OPTSTK,DEMOSTK,25-JUN-2026,1320,PE,11.35,13.28,7.72,9.5,9.5,1015,2.41,22915,-4411,20-MAY-2026
OPTSTK,DEMOSTK,25-JUN-2026,1340,CE,116.57,121.0,114.88,118.0,118.0,1312,38.7,25494,1823,20-MAY-2026
OPTSTK,DEMOSTK,25-JUN-2026,1340,PE,11.16,14.78,10.05,12.03,12.03,1178,3.54,34848,-1190,20-MAY-2026
OPTSTK,DEMOSTK,25-JUN-2026,1360,CE,90.35,92.73,87.41,91.27,91.27,523,11.93,14787,2686,20-MAY-2026
OPTSTK,DEMOSTK,25-JUN-2026,1360,PE,14.62,17.56,12.27,16.32,16.32,2969,12.11,17757,-3840,20-MAY-2026
OPTSTK,DEMOSTK,25-JUN-2026,1380,CE,71.58,72.65,67.58,70.02,70.02,1981,34.68,6141,2830,20-MAY-2026
OPTSTK,DEMOSTK,25-JUN-2026,1380,PE,11.47,14.21,9.68,10.06,10.06,721,1.81,46758,-1700,20-MAY-2026
OPTSTK,DEMOSTK,25-JUN-2026,1400,CE,61.78,62.23,58.89,60.33,60.33,1969,29.7,1399,-3234,20-MAY-2026
OPTSTK,DEMOSTK,25-JUN-2026,1400,PE,12.66,14.84,11.07,11.77,11.77,2546,7.49,19630,-3259,20-MAY-2026
OPTSTK,DEMOSTK,25-JUN-2026,1420,CE,51.12,51.27,48.12,50.74,50.74,724,9.18,16738,-2755,20-MAY-2026
OPTSTK,DEMOSTK,25-JUN-2026,1420,PE,19.69,22.55,17.63,18.03,18.03,88,0.4,10233,-1568,20-MAY-2026
OPTSTK,DEMOSTK,25-JUN-2026,1440,CE,27.18,28.11,24.53,27.03,27.03,261,1.76,21800,2599,20-MAY-2026
OPTSTK,DEMOSTK,25-JUN-2026,1440,PE,5.23,7.03,4.46,5.68,5.68,514,0.73,10082,-959,20-MAY-2026
OPTSTK,DEMOSTK,25-JUN-2026,1460,CE,17.99,20.66,14.77,16.12,16.12,478,1.93,21578,2476,20-MAY-2026
OPTSTK,DEMOSTK,25-JUN-2026,1460,PE,26.38,27.4,25.92,26.86,26.86,1700,11.42,1768,2915,20-MAY-2026
OPTSTK,DEMOSTK,25-JUN-2026,1480,CE,6.56,7.83,2.78,5.56,5.56,964,1.34,49519,-3288,20-MAY-2026
OPTSTK,DEMOSTK,25-JUN-2026,1480,PE,41.91,43.98,41.68,43.72,43.72,1641,17.94,35136,813,20-MAY-2026
OPTSTK,DEMOSTK,25-JUN-2026,1500,CE,5.89,8.35,4.72,5.1,5.1,2132,2.72,7422,2762,20-MAY-2026
OPTSTK,DEMOSTK,25-JUN-2026,1500,PE,69.84,71.04,67.35,70.06,70.06,2881,50.46,6634,-3029,20-MAY-2026
OPTSTK,DEMOSTK,25-JUN-2026,1520,CE,9.43,10.79,7.65,10.08,10.08,2327,5.86,4074,448,20-MAY-2026
OPTSTK,DEMOSTK,25-JUN-2026,1520,PE,92.21,96.09,89.92,93.71,93.71,1986,46.53,16947,4814,20-MAY-2026
OPTSTK,DEMOSTK,25-JUN-2026,1540,CE,9.21,12.43,9.2,10.35,10.35,599,1.55,41903,-4832,20-MAY-2026
OPTSTK,DEMOSTK,25-JUN-2026,1540,PE,111.41,113.63,109.69,113.1,113.1,907,25.65,8297,-3463,20-MAY-2026
OPTSTK,DEMOSTK,25-JUN-2026,1560,CE,14.86,16.55,11.44,13.27,13.27,74,0.25,12888,4938,20-MAY-2026
OPTSTK,DEMOSTK,25-JUN-2026,1560,PE,119.79,121.62,119.68,120.1,120.1,463,13.9,15588,-2077,20-MAY-2026
OPTSTK,DEMOSTK,25-JUN-2026,1580,CE,7.95,9.95,7.2,9.63,9.63,1601,3.85,36814,1536,20-MAY-2026
OPTSTK,DEMOSTK,25-JUN-2026,1580,PE,143.16,144.9,140.58,141.3,141.3,2366,83.58,30577,-4053,20-MAY-2026
OPTSTK,DEMOSTK,25-JUN-2026,1600,CE,4.89,6.88,1.93,5.15,5.15,2665,3.43,28712,-2032,20-MAY-2026
OPTSTK,DEMOSTK,25-JUN-2026,1600,PE,158.59,160.34,157.19,157.23,157.23,665,26.14,2325,3316,20-MAY-2026
OPTSTK,DEMOSTK,25-JUN-2026,1620,CE,3.36,4.86,0.63,3.23,3.23,2629,2.12,7074,-270,20-MAY-2026
OPTSTK,DEMOSTK,25-JUN-2026,1620,PE,175.81,177.38,173.21,177.29,177.29,1627,72.11,33739,-1074,20-MAY-2026
OPTSTK,DEMOSTK,25-JUN-2026,1640,CE,1.91,5.41,0.05,2.9,2.9,1570,1.14,17252,68,20-MAY-2026
OPTSTK,DEMOSTK,25-JUN-2026,1640,PE,197.01,197.08,193.91,196.48,196.48,2831,139.06,20653,520,20-MAY-2026
OPTSTK,DEMOSTK,25-JUN-2026,1660,CE,3.06,4.9,1.93,4.01,4.01,990,0.99,6844,2538,20-MAY-2026
OPTSTK,DEMOSTK,25-JUN-2026,1660,PE,217.45,219.69,216.68,219.04,219.04,178,9.75,20829,4384,20-MAY-2026
OPTSTK,DEMOSTK,25-JUN-2026,1680,CE,3.28,5.44,2.02,3.34,3.34,122,0.1,34918,763,20-MAY-2026
OPTSTK,DEMOSTK,25-JUN-2026,1680,PE,237.32,240.27,235.86,237.46,237.46,58,3.44,22083,794,20-MAY-2026
OPTSTK,DEMOSTK,25-JUN-2026,1700,CE,4.14,5.85,2.5,5.79,5.79,1514,2.19,17368,-2375,20-MAY-2026
OPTSTK,DEMOSTK,25-JUN-2026,1700,PE,254.57,258.55,252.78,256.45,256.45,2722,174.51,41664,3198,20-MAY-2026
OPTSTK,DEMOSTK,28-MAY-2026,1300,CE,147.09,149.12,147.04,147.56,147.56,651,24.02,3895,649,21-MAY-2026
OPTSTK,DEMOSTK,28-MAY-2026,1300,PE,2.32,3.95,0.21,0.7,0.7,2944,0.52,43292,-3566,21-MAY-2026
OPTSTK,DEMOSTK,28-MAY-2026,1320,CE,130.17,131.41,126.31,128.33,128.33,797,25.57,39031,883,21-MAY-2026
OPTSTK,DEMOSTK,28-MAY-2026,1320,PE,-1.27,2.15,0.05,0.48,0.48,2580,0.31,29865,-3277,21-MAY-2026
OPTSTK,DEMOSTK,28-MAY-2026,1340,CE,109.02,111.97,106.28,109.71,109.71,1949,53.46,47583,-4244,21-MAY-2026
OPTSTK,DEMOSTK,28-MAY-2026,1340,PE,5.04,5.69,3.21,3.64,3.64,481,0.44,5950,4531,21-MAY-2026
OPTSTK,DEMOSTK,28-MAY-2026,1360,CE,91.56,93.04,89.58,89.82,89.82,2933,65.86,12352,3834,21-MAY-2026
OPTSTK,DEMOSTK,28-MAY-2026,1360,PE,2.07,5.12,1.3,3.5,3.5,1275,1.12,47517,-1363,21-MAY-2026
OPTSTK,DEMOSTK,28-MAY-2026,1380,CE,68.9,71.06,66.76,69.8,69.8,985,17.19,11504,-2414,21-MAY-2026
OPTSTK,DEMOSTK,28-MAY-2026,1380,PE,1.45,3.14,0.05,2.0,2.0,2009,1.0,4891,-624,21-MAY-2026
OPTSTK,DEMOSTK,28-MAY-2026,1400,CE,52.69,53.01,51.86,52.14,52.14,660,8.6,22018,-4213,21-MAY-2026
OPTSTK,DEMOSTK,28-MAY-2026,1400,PE,7.48,8.77,3.28,5.68,5.68,901,1.28,35197,4566,21-MAY-2026
OPTSTK,DEMOSTK,28-MAY-2026,1420,CE,29.67,30.06,27.96,28.89,28.89,520,3.76,38237,3374,21-MAY-2026
OPTSTK,DEMOSTK,28-MAY-2026,1420,PE,5.21,5.74,2.37,5.35,5.35,2736,3.66,2460,759,21-MAY-2026
OPTSTK,DEMOSTK,28-MAY-2026,1440,CE,9.26,11.76,9.04,10.23,10.23,1563,4.0,11368,3011,21-MAY-2026
OPTSTK,DEMOSTK,28-MAY-2026,1440,PE,5.08,8.36,3.13,5.95,5.95,2527,3.76,49590,-619,21-MAY-2026
OPTSTK,DEMOSTK,28-MAY-2026,1460,CE,3.83,6.33,0.05,2.58,2.58,963,0.62,17681,-4813,21-MAY-2026
OPTSTK,DEMOSTK,28-MAY-2026,1460,PE,15.63,16.41,13.0,16.18,16.18,2858,11.56,18467,3025,21-MAY-2026
OPTSTK,DEMOSTK,28-MAY-2026,1480,CE,3.14,4.49,2.94,3.1,3.1,346,0.27,45981,-2604,21-MAY-2026
OPTSTK,DEMOSTK,28-MAY-2026,1480,PE,36.55,37.34,35.88,36.56,36.56,2795,25.55,4996,586,21-MAY-2026
OPTSTK,DEMOSTK,28-MAY-2026,1500,CE,1.34,3.43,0.05,0.84,0.84,2523,0.53,34715,-1679,21-MAY-2026
OPTSTK,DEMOSTK,28-MAY-2026,1500,PE,53.6,54.38,52.1,54.16,54.16,1949,26.39,16903,960,21-MAY-2026
OPTSTK,DEMOSTK,28-MAY-2026,1520,CE,6.18,8.78,2.6,4.76,4.76,2511,2.99,17039,-3873,21-MAY-2026
OPTSTK,DEMOSTK,28-MAY-2026,1520,PE,77.29,77.93,73.56,76.52,76.52,1321,25.27,40878,1057,21-MAY-2026
OPTSTK,DEMOSTK,28-MAY-2026,1540,CE,4.06,6.75,1.61,2.59,2.59,85,0.06,37489,4522,21-MAY-2026
OPTSTK,DEMOSTK,28-MAY-2026,1540,PE,92.1,96.5,91.01,93.8,93.8,1986,46.57,1925,-1805,21-MAY-2026
OPTSTK,DEMOSTK,28-MAY-2026,1560,CE,1.26,3.39,0.05,2.43,2.43,2173,1.32,11317,-2861,21-MAY-2026
OPTSTK,DEMOSTK,28-MAY-2026,1560,PE,117.84,120.32,113.6,115.97,115.97,1498,43.43,47969,-1922,21-MAY-2026
OPTSTK,DEMOSTK,28-MAY-2026,1580,CE,3.29,5.71,0.1,1.99,1.99,2789,1.39,37551,-2078,21-MAY-2026
OPTSTK,DEMOSTK,28-MAY-2026,1580,PE,134.11,137.27,131.88,135.83,135.83,869,29.51,20049,2887,21-MAY-2026
OPTSTK,DEMOSTK,28-MAY-2026,1600,CE,0.94,2.88,0.05,2.7,2.7,366,0.25,38910,-2129,21-MAY-2026
OPTSTK,DEMOSTK,28-MAY-2026,1600,PE,153.69,156.7,152.09,154.14,154.14,2632,101.42,29830,3963,21-MAY-2026
OPTSTK,DEMOSTK,28-MAY-2026,1620,CE,2.98,3.81,0.05,1.15,1.15,2010,0.58,10247,-1628,21-MAY-2026
OPTSTK,DEMOSTK,28-MAY-2026,1620,PE,173.52,175.92,172.19,173.49,173.49,291,12.62,27732,-2747,21-MAY-2026
OPTSTK,DEMOSTK,28-MAY-2026,1640,CE,2.22,5.15,0.05,1.4,1.4,1116,0.39,33929,1906,21-MAY-2026
OPTSTK,DEMOSTK,28-MAY-2026,1640,PE,193.14,195.43,192.16,193.29,193.29,2182,105.44,19397,-3997,21-MAY-2026
OPTSTK,DEMOSTK,28-MAY-2026,1660,CE,0.1,1.74,0.05,1.34,1.34,1488,0.5,13672,689,21-MAY-2026
OPTSTK,DEMOSTK,28-MAY-2026,1660,PE,213.87,214.96,210.38,213.16,213.16,1279,68.16,29373,-1481,21-MAY-2026
OPTSTK,DEMOSTK,28-MAY-2026,1680,CE,0.7,1.54,0.05,0.57,0.57,1736,0.25,42657,410,21-MAY-2026
OPTSTK,DEMOSTK,28-MAY-2026,1680,PE,233.3,235.14,231.14,233.47,233.47,2722,158.88,29120,1911,21-MAY-2026
OPTSTK,DEMOSTK,28-MAY-2026,1700,CE,-1.26,0.73,0.05,0.29,0.29,801,0.06,44383,584,21-MAY-2026
OPTSTK,DEMOSTK,28-MAY-2026,1700,PE,254.77,257.17,250.9,253.4,253.4,1947,123.34,10463,4476,21-MAY-2026
OPTSTK,DEMOSTK,25-JUN-2026,1300,CE,155.15,157.03,153.67,156.81,156.81,2539,99.54,44031,3911,21-MAY-2026
OPTSTK,DEMOSTK,25-JUN-2026,1300,PE,4.74,7.46,1.9,6.37,6.37,1579,2.51,8665,-3785,21-MAY-2026
OPTSTK,DEMOSTK,25-JUN-2026,1320,CE,131.27,133.86,129.05,130.17,130.17,1573,51.19,34613,-866,21-MAY-2026
OPTSTK,DEMOSTK,25-JUN-2026,1320,PE,3.68,3.87,0.05,2.23,2.23,1023,0.57,25554,2468,21-MAY-2026
OPTSTK,DEMOSTK,25-JUN-2026,1340,CE,124.75,124.82,123.01,123.4,123.4,1585,48.9,19786,-593,21-MAY-2026
OPTSTK,DEMOSTK,25-JUN-2026,1340,PE,11.25,12.77,10.81,11.5,11.5,2294,6.6,33327,-499,21-MAY-2026
OPTSTK,DEMOSTK,25-JUN-2026,1360,CE,92.23,94.4,90.48,93.11,93.11,1254,29.19,38799,-465,21-MAY-2026
OPTSTK,DEMOSTK,25-JUN-2026,1360,PE,1.61,5.81,1.14,3.31,3.31,1383,1.14,4717,-3690,21-MAY-2026
OPTSTK,DEMOSTK,25-JUN-2026,1380,CE,74.7,76.98,71.0,72.96,72.96,1592,29.04,13149,3396,21-MAY-2026
OPTSTK,DEMOSTK,25-JUN-2026,1380,PE,9.95,10.65,6.84,8.74,8.74,181,0.4,34483,-3655,21-MAY-2026
OPTSTK,DEMOSTK,25-JUN-2026,1400,CE,71.18,72.26,69.47,71.01,71.01,1360,24.14,26635,4127,21-MAY-2026
OPTSTK,DEMOSTK,25-JUN-2026,1400,PE,4.8,6.45,2.87,4.03,4.03,2955,2.98,38984,687,21-MAY-2026
OPTSTK,DEMOSTK,25-JUN-2026,1420,CE,33.44,35.76,29.71,31.68,31.68,1600,12.67,40527,-4116,21-MAY-2026
OPTSTK,DEMOSTK,25-JUN-2026,1420,PE,15.18,16.48,12.97,16.38,16.38,716,2.93,38027,3277,21-MAY-2026
OPTSTK,DEMOSTK,25-JUN-2026,1440,CE,9.48,11.88,7.52,11.39,11.39,2559,7.29,8380,4184,21-MAY-2026
OPTSTK,DEMOSTK,25-JUN-2026,1440,PE,20.65,20.69,17.69,20.56,20.56,2052,10.55,3752,-1495,21-MAY-2026
OPTSTK,DEMOSTK,25-JUN-2026,1460,CE,24.28,25.03,23.06,24.38,24.38,357,2.18,39425,4517,21-MAY-2026
OPTSTK,DEMOSTK,25-JUN-2026,1460,PE,26.33,29.53,25.16,28.16,28.16,2022,14.23,41470,-3645,21-MAY-2026
OPTSTK,DEMOSTK,25-JUN-2026,1480,CE,21.34,22.23,17.49,19.54,19.54,1677,8.19,25189,3199,21-MAY-2026
OPTSTK,DEMOSTK,25-JUN-2026,1480,PE,56.08,57.88,54.25,55.03,55.03,305,4.2,8685,-2603,21-MAY-2026
OPTSTK,DEMOSTK,25-JUN-2026,1500,CE,11.37,13.41,7.56,10.08,10.08,2441,6.15,30787,1474,21-MAY-2026
OPTSTK,DEMOSTK,25-JUN-2026,1500,PE,61.79,64.58,59.93,62.06,62.06,936,14.52,3084,-4781,21-MAY-2026
OPTSTK,DEMOSTK,25-JUN-2026,1520,CE,7.69,9.28,6.89,7.27,7.27,201,0.37,39662,-1314,21-MAY-2026
OPTSTK,DEMOSTK,25-JUN-2026,1520,PE,76.96,79.75,74.18,77.46,77.46,2492,48.26,2687,4061,21-MAY-2026
OPTSTK,DEMOSTK,25-JUN-2026,1540,CE,9.33,9.66,7.15,8.4,8.4,815,1.71,27988,-1987,21-MAY-2026
OPTSTK,DEMOSTK,25-JUN-2026,1540,PE,105.16,108.79,102.37,106.71,106.71,433,11.55,36585,2934,21-MAY-2026
OPTSTK,DEMOSTK,25-JUN-2026,1560,CE,5.62,7.51,4.0,7.23,7.23,2889,5.22,40368,-1996,21-MAY-2026
OPTSTK,DEMOSTK,25-JUN-2026,1560,PE,120.16,120.9,119.73,120.29,120.29,1972,59.3,13236,-1611,21-MAY-2026
OPTSTK,DEMOSTK,25-JUN-2026,1580,CE,6.02,8.2,4.61,5.96,5.96,1287,1.92,33621,1421,21-MAY-2026
OPTSTK,DEMOSTK,25-JUN-2026,1580,PE,134.57,137.6,133.26,134.97,134.97,1976,66.68,24706,3082,21-MAY-2026
OPTSTK,DEMOSTK,25-JUN-2026,1600,CE,8.2,10.39,5.84,9.34,9.34,1233,2.88,11878,-1614,21-MAY-2026
OPTSTK,DEMOSTK,25-JUN-2026,1600,PE,162.24,164.94,159.46,163.87,163.87,420,17.21,34898,-2648,21-MAY-2026
OPTSTK,DEMOSTK,25-JUN-2026,1620,CE,0.66,3.1,0.14,1.57,1.57,1304,0.51,13327,2283,21-MAY-2026
OPTSTK,DEMOSTK,25-JUN-2026,1620,PE,179.98,180.31,176.66,178.64,178.64,91,4.06,43458,4812,21-MAY-2026
OPTSTK,DEMOSTK,25-JUN-2026,1640,CE,1.63,2.56,0.05,1.44,1.44,2572,0.93,12876,4948,21-MAY-2026
OPTSTK,DEMOSTK,25-JUN-2026,1640,PE,196.63,197.24,194.4,196.98,196.98,667,32.85,5099,3679,21-MAY-2026
OPTSTK,DEMOSTK,25-JUN-2026,1660,CE,2.1,4.37,0.05,2.97,2.97,2342,1.74,49772,-4655,21-MAY-2026
OPTSTK,DEMOSTK,25-JUN-2026,1660,PE,216.82,219.57,215.69,217.71,217.71,1992,108.42,5926,3691,21-MAY-2026
OPTSTK,DEMOSTK,25-JUN-2026,1680,CE,3.09,5.91,0.69,4.48,4.48,95,0.11,21516,1008,21-MAY-2026
OPTSTK,DEMOSTK,25-JUN-2026,1680,PE,238.72,241.14,238.09,238.48,238.48,351,20.93,3290,-4073,21-MAY-2026
OPTSTK,DEMOSTK,25-JUN-2026,1700,CE,2.65,2.67,1.27,1.64,1.64,1514,0.62,21567,-3617,21-MAY-2026
OPTSTK,DEMOSTK,25-JUN-2026,1700,PE,254.88,257.69,254.55,256.36,256.36,2143,137.34,5745,-2196,21-MAY-2026
OPTSTK,DEMOSTK,28-MAY-2026,1300,CE,152.31,154.75,150.31,154.05,154.05,693,26.69,12136,-1446,22-MAY-2026
OPTSTK,DEMOSTK,28-MAY-2026,1300,PE,-0.16,1.55,0.05,0.96,0.96,1378,0.33,5446,1044,22-MAY-2026
OPTSTK,DEMOSTK,28-MAY-2026,1320,CE,135.82,136.08,131.97,134.51,134.51,2129,71.59,24082,-1094,22-MAY-2026
OPTSTK,DEMOSTK,28-MAY-2026,1320,PE,4.39,6.17,0.05,2.63,2.63,1122,0.74,10184,-1316,22-MAY-2026
OPTSTK,DEMOSTK,28-MAY-2026,1340,CE,115.05,115.1,112.14,114.04,114.04,2283,65.09,18489,-3651,22-MAY-2026
OPTSTK,DEMOSTK,28-MAY-2026,1340,PE,1.29,2.81,0.05,1.38,1.38,348,0.12,34437,-2454,22-MAY-2026
OPTSTK,DEMOSTK,28-MAY-2026,1360,CE,94.45,95.23,93.47,94.09,94.09,998,23.48,31554,956,22-MAY-2026
OPTSTK,DEMOSTK,28-MAY-2026,1360,PE,0.96,5.85,0.16,2.95,2.95,85,0.06,48857,-3156,22-MAY-2026
OPTSTK,DEMOSTK,28-MAY-2026,1380,CE,77.74,79.15,73.62,75.9,75.9,2131,40.44,37425,2305,22-MAY-2026
OPTSTK,DEMOSTK,28-MAY-2026,1380,PE,2.11,4.76,0.05,0.84,0.84,2963,0.62,8282,1539,22-MAY-2026
OPTSTK,DEMOSTK,28-MAY-2026,1400,CE,55.27,59.5,54.53,56.99,56.99,2261,32.21,45997,-1806,22-MAY-2026
OPTSTK,DEMOSTK,28-MAY-2026,1400,PE,4.15,6.56,0.05,2.54,2.54,1376,0.87,38568,-2256,22-MAY-2026
OPTSTK,DEMOSTK,28-MAY-2026,1420,CE,37.44,38.64,35.26,36.76,36.76,2130,19.57,36285,-1466,22-MAY-2026
OPTSTK,DEMOSTK,28-MAY-2026,1420,PE,4.98,5.47,3.96,5.0,5.0,1179,1.47,46125,-3733,22-MAY-2026
OPTSTK,DEMOSTK,28-MAY-2026,1440,CE,16.31,18.31,16.0,16.02,16.02,1867,7.48,20401,2157,22-MAY-2026
OPTSTK,DEMOSTK,28-MAY-2026,1440,PE,1.64,2.0,0.88,1.77,1.77,664,0.29,3146,-115,22-MAY-2026
OPTSTK,DEMOSTK,28-MAY-2026,1460,CE,6.0,8.6,4.04,4.81,4.81,1831,2.2,25362,3682,22-MAY-2026
OPTSTK,DEMOSTK,28-MAY-2026,1460,PE,12.11,13.74,8.27,10.31,10.31,502,1.29,6728,-4922,22-MAY-2026
OPTSTK,DEMOSTK,28-MAY-2026,1480,CE,3.72,4.3,1.3,4.07,4.07,2341,2.38,43023,-1858,22-MAY-2026
OPTSTK,DEMOSTK,28-MAY-2026,1480,PE,32.31,34.81,28.75,31.46,31.46,220,1.73,6603,4517,22-MAY-2026
OPTSTK,DEMOSTK,28-MAY-2026,1500,CE,3.1,3.78,0.05,1.68,1.68,1846,0.78,37902,-2096,22-MAY-2026
OPTSTK,DEMOSTK,28-MAY-2026,1500,PE,47.44,49.91,47.4,48.48,48.48,233,2.82,8642,2370,22-MAY-2026
OPTSTK,DEMOSTK,28-MAY-2026,1520,CE,2.18,5.37,1.15,3.12,3.12,1342,1.05,36522,4432,22-MAY-2026
OPTSTK,DEMOSTK,28-MAY-2026,1520,PE,72.09,73.25,68.69,71.62,71.62,1113,19.93,20183,78,22-MAY-2026
OPTSTK,DEMOSTK,28-MAY-2026,1540,CE,4.15,7.07,0.07,2.74,2.74,2872,1.97,8865,-2018,22-MAY-2026
OPTSTK,DEMOSTK,28-MAY-2026,1540,PE,91.81,93.58,87.23,90.11,90.11,489,11.02,19896,4799,22-MAY-2026
OPTSTK,DEMOSTK,28-MAY-2026,1560,CE,2.45,3.52,0.05,1.55,1.55,484,0.19,32351,-597,22-MAY-2026
OPTSTK,DEMOSTK,28-MAY-2026,1560,PE,111.25,112.23,109.03,109.42,109.42,2459,67.27,45864,2280,22-MAY-2026
OPTSTK,DEMOSTK,28-MAY-2026,1580,CE,0.21,1.66,0.05,1.11,1.11,164,0.05,16775,-2938,22-MAY-2026
OPTSTK,DEMOSTK,28-MAY-2026,1580,PE,127.52,132.0,125.91,129.45,129.45,1360,44.01,19869,-25,22-MAY-2026
OPTSTK,DEMOSTK,28-MAY-2026,1600,CE,2.78,3.43,0.05,1.4,1.4,2510,0.88,17621,2748,22-MAY-2026
OPTSTK,DEMOSTK,28-MAY-2026,1600,PE,149.84,152.31,147.26,148.79,148.79,422,15.7,9996,-2998,22-MAY-2026
OPTSTK,DEMOSTK,28-MAY-2026,1620,CE,2.96,5.63,0.05,1.47,1.47,2497,0.92,33276,-1122,22-MAY-2026
OPTSTK,DEMOSTK,28-MAY-2026,1620,PE,167.85,171.11,167.61,168.65,168.65,240,10.12,8925,972,22-MAY-2026
OPTSTK,DEMOSTK,28-MAY-2026,1640,CE,2.15,4.41,0.35,0.49,0.49,436,0.05,28792,-2608,22-MAY-2026
OPTSTK,DEMOSTK,28-MAY-2026,1640,PE,187.62,189.89,186.42,188.44,188.44,918,43.25,26328,-2177,22-MAY-2026
OPTSTK,DEMOSTK,28-MAY-2026,1660,CE,1.76,4.1,0.05,0.22,0.22,2468,0.14,40066,3065,22-MAY-2026
OPTSTK,DEMOSTK,28-MAY-2026,1660,PE,208.4,209.19,207.54,208.19,208.19,925,48.14,30999,-4920,22-MAY-2026
OPTSTK,DEMOSTK,28-MAY-2026,1680,CE,1.23,3.69,0.12,0.57,0.57,2214,0.32,34311,4558,22-MAY-2026
OPTSTK,DEMOSTK,28-MAY-2026,1680,PE,226.41,230.87,223.54,228.16,228.16,1922,109.63,1454,3448,22-MAY-2026
OPTSTK,DEMOSTK,28-MAY-2026,1700,CE,-1.66,1.46,0.05,0.17,0.17,1730,0.07,21551,-310,22-MAY-2026
OPTSTK,DEMOSTK,28-MAY-2026,1700,PE,247.75,248.67,244.76,247.79,247.79,1323,81.96,25325,3768,22-MAY-2026
OPTSTK,DEMOSTK,25-JUN-2026,1300,CE,163.08,163.56,159.49,161.38,161.38,1587,64.03,35235,-3201,22-MAY-2026
OPTSTK,DEMOSTK,25-JUN-2026,1300,PE,8.97,10.12,6.55,9.69,9.69,1751,4.24,29743,738,22-MAY-2026
OPTSTK,DEMOSTK,25-JUN-2026,1320,CE,140.07,141.31,137.86,139.03,139.03,2109,73.3,24596,-2120,22-MAY-2026
OPTSTK,DEMOSTK,25-JUN-2026,1320,PE,11.4,13.01,10.45,12.84,12.84,776,2.49,44600,2801,22-MAY-2026
OPTSTK,DEMOSTK,25-JUN-2026,1340,CE,122.82,124.79,121.29,121.97,121.97,1353,41.26,45949,-4881,22-MAY-2026
OPTSTK,DEMOSTK,25-JUN-2026,1340,PE,4.98,9.4,2.72,6.88,6.88,1253,2.16,18295,-907,22-MAY-2026
OPTSTK,DEMOSTK,25-JUN-2026,1360,CE,105.24,109.55,103.28,106.65,106.65,2296,61.22,16050,-4155,22-MAY-2026
OPTSTK,DEMOSTK,25-JUN-2026,1360,PE,5.3,7.2,1.63,3.84,3.84,2582,2.48,39782,-3726,22-MAY-2026
OPTSTK,DEMOSTK,25-JUN-2026,1380,CE,88.69,92.14,85.73,89.78,89.78,695,15.6,12778,-911,22-MAY-2026
OPTSTK,DEMOSTK,25-JUN-2026,1380,PE,5.44,8.93,5.2,7.28,7.28,821,1.49,12408,-4377,22-MAY-2026
OPTSTK,DEMOSTK,25-JUN-2026,1400,CE,75.93,76.79,71.86,74.77,74.77,703,13.14,44604,-2698,22-MAY-2026
OPTSTK,DEMOSTK,25-JUN-2026,1400,PE,5.42,6.33,2.39,4.93,4.93,56,0.07,36656,-300,22-MAY-2026
OPTSTK,DEMOSTK,25-JUN-2026,1420,CE,53.61,54.39,53.31,54.26,54.26,566,7.68,34227,-1743,22-MAY-2026
OPTSTK,DEMOSTK,25-JUN-2026,1420,PE,12.75,15.16,9.88,11.99,11.99,518,1.55,11149,-2941,22-MAY-2026
OPTSTK,DEMOSTK,25-JUN-2026,1440,CE,32.6,35.84,31.83,34.44,34.44,2255,19.42,48100,-4608,22-MAY-2026
OPTSTK,DEMOSTK,25-JUN-2026,1440,PE,6.83,10.58,4.75,8.66,8.66,88,0.19,11732,4259,22-MAY-2026
OPTSTK,DEMOSTK,25-JUN-2026,1460,CE,13.09,15.04,10.23,13.01,13.01,2710,8.81,49717,3448,22-MAY-2026
OPTSTK,DEMOSTK,25-JUN-2026,1460,PE,24.67,27.56,22.14,22.7,22.7,2082,11.82,28124,-1599,22-MAY-2026
OPTSTK,DEMOSTK,25-JUN-2026,1480,CE,10.91,11.99,9.97,11.33,11.33,932,2.64,45480,2478,22-MAY-2026
OPTSTK,DEMOSTK,25-JUN-2026,1480,PE,36.08,36.34,35.37,36.02,36.02,453,4.08,26378,2413,22-MAY-2026
OPTSTK,DEMOSTK,25-JUN-2026,1500,CE,8.63,10.46,4.83,6.79,6.79,1467,2.49,8411,-4503,22-MAY-2026
OPTSTK,DEMOSTK,25-JUN-2026,1500,PE,62.15,65.2,60.16,62.53,62.53,2312,36.14,38337,4537,22-MAY-2026
OPTSTK,DEMOSTK,25-JUN-2026,1520,CE,15.77,20.22,14.03,17.23,17.23,2497,10.76,9691,-1893,22-MAY-2026
OPTSTK,DEMOSTK,25-JUN-2026,1520,PE,86.96,90.23,84.65,87.9,87.9,2503,55.0,17695,2976,22-MAY-2026
OPTSTK,DEMOSTK,25-JUN-2026,1540,CE,18.74,20.72,15.85,19.52,19.52,1272,6.21,4637,-4783,22-MAY-2026
OPTSTK,DEMOSTK,25-JUN-2026,1540,PE,105.36,108.8,104.51,106.09,106.09,2786,73.89,6432,-3737,22-MAY-2026
OPTSTK,DEMOSTK,25-JUN-2026,1560,CE,15.99,18.71,13.71,15.62,15.62,2282,8.91,23446,3632,22-MAY-2026
OPTSTK,DEMOSTK,25-JUN-2026,1560,PE,111.22,113.3,109.96,112.64,112.64,2946,82.96,23981,4150,22-MAY-2026
OPTSTK,DEMOSTK,25-JUN-2026,1580,CE,3.81,6.49,1.46,4.28,4.28,373,0.4,28436,-4003,22-MAY-2026
OPTSTK,DEMOSTK,25-JUN-2026,1580,PE,128.04,131.94,127.7,129.51,129.51,1277,41.35,38634,3617,22-MAY-2026
OPTSTK,DEMOSTK,25-JUN-2026,1600,CE,4.06,6.66,3.49,5.1,5.1,842,1.07,27527,-4330,22-MAY-2026
OPTSTK,DEMOSTK,25-JUN-2026,1600,PE,149.8,151.01,146.8,149.89,149.89,246,9.22,40502,-2048,22-MAY-2026
OPTSTK,DEMOSTK,25-JUN-2026,1620,CE,2.36,4.02,1.92,2.0,2.0,1658,0.83,8343,-1060,22-MAY-2026
OPTSTK,DEMOSTK,25-JUN-2026,1620,PE,172.66,176.16,170.54,173.23,173.23,2524,109.31,31687,-797,22-MAY-2026
OPTSTK,DEMOSTK,25-JUN-2026,1640,CE,4.81,7.27,4.64,5.61,5.61,1663,2.33,6903,1892,22-MAY-2026
OPTSTK,DEMOSTK,25-JUN-2026,1640,PE,187.54,191.58,185.81,189.12,189.12,1196,56.55,27035,-4809,22-MAY-2026
OPTSTK,DEMOSTK,25-JUN-2026,1660,CE,3.63,4.23,0.93,2.78,2.78,115,0.08,38167,-1846,22-MAY-2026
OPTSTK,DEMOSTK,25-JUN-2026,1660,PE,212.3,215.85,211.94,213.06,213.06,425,22.64,7527,742,22-MAY-2026
OPTSTK,DEMOSTK,25-JUN-2026,1680,CE,6.19,8.71,2.91,5.73,5.73,1884,2.7,2870,-4430,22-MAY-2026
OPTSTK,DEMOSTK,25-JUN-2026,1680,PE,229.64,230.62,228.08,229.04,229.04,90,5.15,6460,-4805,22-MAY-2026
OPTSTK,DEMOSTK,25-JUN-2026,1700,CE,3.95,6.01,2.98,3.52,3.52,2375,2.09,23861,-1456,22-MAY-2026
OPTSTK,DEMOSTK,25-JUN-2026,1700,PE,250.66,253.54,247.36,249.38,249.38,1853,115.53,28413,2660,22-MAY-2026
OPTSTK,DEMOSTK,28-MAY-2026,1300,CE,155.31,158.08,152.96,156.37,156.37,2007,78.46,24735,4006,25-MAY-2026
OPTSTK,DEMOSTK,28-MAY-2026,1300,PE,1.77,4.46,0.05,1.52,1.52,2963,1.13,30389,3070,25-MAY-2026
OPTSTK,DEMOSTK,28-MAY-2026,1320,CE,136.19,137.13,133.44,135.93,135.93,225,7.65,27293,555,25-MAY-2026
OPTSTK,DEMOSTK,28-MAY-2026,1320,PE,1.68,2.12,0.05,0.74,0.74,2209,0.41,24410,1872,25-MAY-2026
OPTSTK,DEMOSTK,28-MAY-2026,1340,CE,119.38,120.96,115.87,117.56,117.56,858,25.22,32814,481,25-MAY-2026
OPTSTK,DEMOSTK,28-MAY-2026,1340,PE,3.62,5.49,0.05,1.93,1.93,2298,1.11,14901,-2854,25-MAY-2026
OPTSTK,DEMOSTK,28-MAY-2026,1360,CE,97.67,97.94,94.23,97.01,97.01,1607,38.97,47835,-2786,25-MAY-2026
OPTSTK,DEMOSTK,28-MAY-2026,1360,PE,1.88,4.89,1.11,2.43,2.43,2470,1.5,15252,-1160,25-MAY-2026
OPTSTK,DEMOSTK,28-MAY-2026,1380,CE,79.08,79.12,75.23,77.38,77.38,2434,47.09,7871,2977,25-MAY-2026
OPTSTK,DEMOSTK,28-MAY-2026,1380,PE,1.82,4.59,0.6,2.49,2.49,2054,1.28,22984,-1846,25-MAY-2026
OPTSTK,DEMOSTK,28-MAY-2026,1400,CE,58.07,61.25,55.64,58.71,58.71,1362,19.99,33238,925,25-MAY-2026
OPTSTK,DEMOSTK,28-MAY-2026,1400,PE,3.35,3.7,1.31,1.98,1.98,103,0.05,45549,3050,25-MAY-2026
OPTSTK,DEMOSTK,28-MAY-2026,1420,CE,36.67,38.46,33.87,36.12,36.12,2328,21.02,33506,-3821,25-MAY-2026
OPTSTK,DEMOSTK,28-MAY-2026,1420,PE,1.88,3.44,0.37,0.87,0.87,224,0.05,29573,-1846,25-MAY-2026
OPTSTK,DEMOSTK,28-MAY-2026,1440,CE,16.25,17.31,13.88,16.78,16.78,1345,5.64,23033,4815,25-MAY-2026
OPTSTK,DEMOSTK,28-MAY-2026,1440,PE,2.05,4.68,1.12,3.97,3.97,1387,1.38,7697,-1798,25-MAY-2026
OPTSTK,DEMOSTK,28-MAY-2026,1460,CE,4.72,7.64,0.75,3.17,3.17,257,0.2,32660,1902,25-MAY-2026
OPTSTK,DEMOSTK,28-MAY-2026,1460,PE,4.69,6.93,2.48,6.2,6.2,2405,3.73,39219,-2864,25-MAY-2026
OPTSTK,DEMOSTK,28-MAY-2026,1480,CE,-0.59,3.04,0.05,0.87,0.87,1984,0.43,2614,-2510,25-MAY-2026
OPTSTK,DEMOSTK,28-MAY-2026,1480,PE,27.59,29.52,27.02,28.76,28.76,2623,18.86,31561,4748,25-MAY-2026
OPTSTK,DEMOSTK,28-MAY-2026,1500,CE,4.92,5.51,3.37,3.52,3.52,2788,2.45,1307,-4183,25-MAY-2026
OPTSTK,DEMOSTK,28-MAY-2026,1500,PE,46.52,49.95,45.99,48.1,48.1,148,1.78,4950,-870,25-MAY-2026
OPTSTK,DEMOSTK,28-MAY-2026,1520,CE,3.54,5.33,0.3,3.22,3.22,1434,1.15,23647,-3305,25-MAY-2026
OPTSTK,DEMOSTK,28-MAY-2026,1520,PE,65.39,67.63,63.26,66.02,66.02,297,4.9,44355,3389,25-MAY-2026
OPTSTK,DEMOSTK,28-MAY-2026,1540,CE,2.94,4.73,1.29,1.96,1.96,372,0.18,38094,-251,25-MAY-2026
OPTSTK,DEMOSTK,28-MAY-2026,1540,PE,84.84,88.02,84.05,86.34,86.34,1124,24.26,23316,863,25-MAY-2026
OPTSTK,DEMOSTK,28-MAY-2026,1560,CE,2.74,5.19,0.44,1.75,1.75,1898,0.83,47563,2079,25-MAY-2026
OPTSTK,DEMOSTK,28-MAY-2026,1560,PE,104.99,105.84,103.83,105.65,105.65,2963,78.26,44834,-1472,25-MAY-2026
OPTSTK,DEMOSTK,28-MAY-2026,1580,CE,-0.61,1.52,0.05,0.69,0.69,1935,0.33,5098,259,25-MAY-2026
OPTSTK,DEMOSTK,28-MAY-2026,1580,PE,127.24,130.1,124.88,126.35,126.35,583,18.42,29467,-507,25-MAY-2026
OPTSTK,DEMOSTK,28-MAY-2026,1600,CE,1.95,2.4,0.05,1.32,1.32,466,0.15,4940,4150,25-MAY-2026
OPTSTK,DEMOSTK,28-MAY-2026,1600,PE,146.99,148.18,143.64,146.21,146.21,120,4.39,10230,-2883,25-MAY-2026
OPTSTK,DEMOSTK,28-MAY-2026,1620,CE,0.46,2.27,0.05,1.46,1.46,2202,0.8,32082,-4942,25-MAY-2026
OPTSTK,DEMOSTK,28-MAY-2026,1620,PE,165.57,167.46,163.21,165.63,165.63,1688,69.9,43976,4075,25-MAY-2026
OPTSTK,DEMOSTK,28-MAY-2026,1640,CE,0.82,3.34,0.05,0.67,0.67,637,0.11,45676,2088,25-MAY-2026
OPTSTK,DEMOSTK,28-MAY-2026,1640,PE,186.34,187.3,182.29,185.05,185.05,2905,134.39,48404,1403,25-MAY-2026
OPTSTK,DEMOSTK,28-MAY-2026,1660,CE,-0.95,2.06,0.05,0.16,0.16,2377,0.1,3163,604,25-MAY-2026
OPTSTK,DEMOSTK,28-MAY-2026,1660,PE,206.17,207.12,204.45,205.35,205.35,2871,147.39,1989,1051,25-MAY-2026
OPTSTK,DEMOSTK,28-MAY-2026,1680,CE,0.8,1.94,0.05,0.25,0.25,1221,0.08,26847,1431,25-MAY-2026
OPTSTK,DEMOSTK,28-MAY-2026,1680,PE,225.26,226.41,224.57,225.38,225.38,435,24.51,48874,-2518,25-MAY-2026
OPTSTK,DEMOSTK,28-MAY-2026,1700,CE,-1.45,1.6,0.05,0.44,0.44,420,0.05,20072,-1636,25-MAY-2026
OPTSTK,DEMOSTK,28-MAY-2026,1700,PE,245.2,245.45,244.46,245.36,245.36,1431,87.78,43569,-2573,25-MAY-2026
OPTSTK,DEMOSTK,25-JUN-2026,1300,CE,158.39,159.26,156.7,158.45,158.45,2868,113.61,21920,3484,25-MAY-2026
OPTSTK,DEMOSTK,25-JUN-2026,1300,PE,2.02,4.92,0.77,2.91,2.91,2945,2.14,32707,3808,25-MAY-2026
OPTSTK,DEMOSTK,25-JUN-2026,1320,CE,147.87,148.92,143.57,146.12,146.12,991,36.2,33197,-4910,25-MAY-2026
OPTSTK,DEMOSTK,25-JUN-2026,1320,PE,6.42,9.52,4.25,7.76,7.76,1575,3.06,8253,-1232,25-MAY-2026
OPTSTK,DEMOSTK,25-JUN-2026,1340,CE,122.71,124.85,121.83,123.86,123.86,1651,51.12,41649,-366,25-MAY-2026
OPTSTK,DEMOSTK,25-JUN-2026,1340,PE,7.09,8.95,5.32,8.81,8.81,695,1.53,26897,-2885,25-MAY-2026
OPTSTK,DEMOSTK,25-JUN-2026,1360,CE,103.09,105.09,100.57,103.58,103.58,2444,63.29,45195,3652,25-MAY-2026
OPTSTK,DEMOSTK,25-JUN-2026,1360,PE,15.02,16.81,14.68,16.73,16.73,1319,5.52,32695,-2808,25-MAY-2026
OPTSTK,DEMOSTK,25-JUN-2026,1380,CE,79.53,81.99,77.41,80.6,80.6,2844,57.31,5635,1889,25-MAY-2026
OPTSTK,DEMOSTK,25-JUN-2026,1380,PE,17.26,18.68,15.06,15.51,15.51,135,0.52,19433,-2705,25-MAY-2026
OPTSTK,DEMOSTK,25-JUN-2026,1400,CE,75.51,79.89,75.38,76.9,76.9,325,6.25,49497,-165,25-MAY-2026
OPTSTK,DEMOSTK,25-JUN-2026,1400,PE,4.53,6.91,2.61,3.58,3.58,61,0.05,20163,-3465,25-MAY-2026
OPTSTK,DEMOSTK,25-JUN-2026,1420,CE,61.44,62.54,59.97,60.96,60.96,1659,25.28,24923,-1380,25-MAY-2026
OPTSTK,DEMOSTK,25-JUN-2026,1420,PE,8.74,10.52,6.47,7.88,7.88,666,1.31,31750,-1383,25-MAY-2026
OPTSTK,DEMOSTK,25-JUN-2026,1440,CE,39.45,41.12,37.04,39.85,39.85,1524,15.18,25499,-2682,25-MAY-2026
OPTSTK,DEMOSTK,25-JUN-2026,1440,PE,28.01,29.6,25.04,26.2,26.2,78,0.51,23440,3632,25-MAY-2026
OPTSTK,DEMOSTK,25-JUN-2026,1460,CE,12.94,13.41,11.72,11.83,11.83,1922,5.68,20000,-4743,25-MAY-2026
OPTSTK,DEMOSTK,25-JUN-2026,1460,PE,27.88,27.91,24.34,26.72,26.72,1439,9.61,32993,-3504,25-MAY-2026
OPTSTK,DEMOSTK,25-JUN-2026,1480,CE,7.52,9.59,4.99,7.25,7.25,706,1.28,28809,3100,25-MAY-2026
OPTSTK,DEMOSTK,25-JUN-2026,1480,PE,36.01,38.05,33.05,35.73,35.73,2010,17.95,22941,4575,25-MAY-2026
OPTSTK,DEMOSTK,25-JUN-2026,1500,CE,19.35,21.87,18.22,19.85,19.85,2897,14.38,49742,-3245,25-MAY-2026
OPTSTK,DEMOSTK,25-JUN-2026,1500,PE,55.61,57.5,53.8,56.2,56.2,188,2.64,36740,-350,25-MAY-2026
OPTSTK,DEMOSTK,25-JUN-2026,1520,CE,19.11,23.52,17.39,20.85,20.85,1531,7.98,48378,1625,25-MAY-2026
OPTSTK,DEMOSTK,25-JUN-2026,1520,PE,82.6,83.86,81.24,81.59,81.59,2281,46.53,11213,-1435,25-MAY-2026
OPTSTK,DEMOSTK,25-JUN-2026,1540,CE,12.93,16.0,10.57,13.08,13.08,1924,6.29,29106,2971,25-MAY-2026
OPTSTK,DEMOSTK,25-JUN-2026,1540,PE,100.11,102.84,97.67,98.2,98.2,219,5.38,25977,4787,25-MAY-2026
OPTSTK,DEMOSTK,25-JUN-2026,1560,CE,14.46,15.44,12.06,13.86,13.86,848,2.94,25223,3086,25-MAY-2026
OPTSTK,DEMOSTK,25-JUN-2026,1560,PE,116.93,117.24,115.26,115.95,115.95,1320,38.26,2396,3599,25-MAY-2026
OPTSTK,DEMOSTK,25-JUN-2026,1580,CE,1.88,5.29,0.05,2.99,2.99,2046,1.53,26563,1397,25-MAY-2026
OPTSTK,DEMOSTK,25-JUN-2026,1580,PE,134.36,135.09,130.18,132.6,132.6,1232,40.84,25019,604,25-MAY-2026
OPTSTK,DEMOSTK,25-JUN-2026,1600,CE,2.19,5.37,1.64,3.37,3.37,376,0.32,37664,3327,25-MAY-2026
OPTSTK,DEMOSTK,25-JUN-2026,1600,PE,152.69,155.78,150.07,153.49,153.49,1614,61.93,33717,-1415,25-MAY-2026
OPTSTK,DEMOSTK,25-JUN-2026,1620,CE,6.64,9.73,5.14,8.14,8.14,2672,5.44,44016,-1966,25-MAY-2026
OPTSTK,DEMOSTK,25-JUN-2026,1620,PE,175.84,177.95,173.97,174.81,174.81,246,10.75,36506,-4147,25-MAY-2026
OPTSTK,DEMOSTK,25-JUN-2026,1640,CE,2.3,5.47,1.22,3.25,3.25,828,0.67,43182,1153,25-MAY-2026
OPTSTK,DEMOSTK,25-JUN-2026,1640,PE,187.5,187.73,185.07,187.16,187.16,1748,81.79,45922,3989,25-MAY-2026
OPTSTK,DEMOSTK,25-JUN-2026,1660,CE,4.01,5.89,2.75,4.31,4.31,2399,2.58,27694,772,25-MAY-2026
OPTSTK,DEMOSTK,25-JUN-2026,1660,PE,211.88,213.67,210.27,210.3,210.3,2603,136.85,11438,1752,25-MAY-2026
OPTSTK,DEMOSTK,25-JUN-2026,1680,CE,7.12,9.65,4.53,5.97,5.97,926,1.38,21354,-1803,25-MAY-2026
OPTSTK,DEMOSTK,25-JUN-2026,1680,PE,225.04,227.21,224.24,226.89,226.89,2216,125.7,46042,-2183,25-MAY-2026
OPTSTK,DEMOSTK,25-JUN-2026,1700,CE,1.4,3.38,0.45,3.15,3.15,2793,2.2,36059,-2537,25-MAY-2026
OPTSTK,DEMOSTK,25-JUN-2026,1700,PE,246.79,248.58,246.48,247.09,247.09,246,15.2,21982,497,25-MAY-2026
OPTSTK,DEMOSTK,28-MAY-2026,1300,CE,161.41,163.48,159.23,159.71,159.71,1727,68.95,47731,-4088,26-MAY-2026
OPTSTK,DEMOSTK,28-MAY-2026,1300,PE,3.01,5.64,1.43,1.53,1.53,2660,1.02,30708,4571,26-MAY-2026
OPTSTK,DEMOSTK,28-MAY-2026,1320,CE,140.23,143.04,137.24,140.21,140.21,1282,44.94,27592,4227,26-MAY-2026
OPTSTK,DEMOSTK,28-MAY-2026,1320,PE,3.3,4.33,0.14,1.44,1.44,1696,0.61,14765,-3641,26-MAY-2026
OPTSTK,DEMOSTK,28-MAY-2026,1340,CE,121.6,122.16,119.01,120.44,120.44,1213,36.52,8183,4473,26-MAY-2026
OPTSTK,DEMOSTK,28-MAY-2026,1340,PE,0.5,3.4,0.05,1.53,1.53,1030,0.39,43365,-1376,26-MAY-2026
OPTSTK,DEMOSTK,28-MAY-2026,1360,CE,101.14,103.93,98.03,100.9,100.9,1194,30.12,26815,2491,26-MAY-2026
OPTSTK,DEMOSTK,28-MAY-2026,1360,PE,2.97,4.85,0.59,2.06,2.06,1665,0.86,35584,-1799,26-MAY-2026
OPTSTK,DEMOSTK,28-MAY-2026,1380,CE,82.63,84.2,80.11,81.85,81.85,822,16.82,46258,3421,26-MAY-2026
OPTSTK,DEMOSTK,28-MAY-2026,1380,PE,3.38,4.88,0.05,1.47,1.47,2081,0.76,17443,-343,26-MAY-2026
OPTSTK,DEMOSTK,28-MAY-2026,1400,CE,59.83,64.44,57.67,61.63,61.63,2071,31.91,24681,-3732,26-MAY-2026
OPTSTK,DEMOSTK,28-MAY-2026,1400,PE,4.79,5.01,1.49,3.28,3.28,2858,2.34,31796,2473,26-MAY-2026
OPTSTK,DEMOSTK,28-MAY-2026,1420,CE,43.19,45.81,40.3,41.26,41.26,2247,23.18,39461,-3559,26-MAY-2026
OPTSTK,DEMOSTK,28-MAY-2026,1420,PE,3.26,5.38,0.05,1.99,1.99,1085,0.54,30351,3271,26-MAY-2026
OPTSTK,DEMOSTK,28-MAY-2026,1440,CE,20.82,23.38,19.45,20.14,20.14,823,4.14,30363,-2396,26-MAY-2026
OPTSTK,DEMOSTK,28-MAY-2026,1440,PE,-0.62,2.68,0.05,0.88,0.88,927,0.2,41810,4703,26-MAY-2026
OPTSTK,DEMOSTK,28-MAY-2026,1460,CE,0.15,1.31,0.05,0.82,0.82,949,0.19,2854,-3358,26-MAY-2026
OPTSTK,DEMOSTK,28-MAY-2026,1460,PE,0.43,3.35,0.05,1.73,1.73,1952,0.84,34182,-4800,26-MAY-2026
OPTSTK,DEMOSTK,28-MAY-2026,1480,CE,4.65,5.75,1.16,3.63,3.63,69,0.06,10891,1567,26-MAY-2026
OPTSTK,DEMOSTK,28-MAY-2026,1480,PE,26.56,28.98,24.21,24.56,24.56,2157,13.24,22214,-3824,26-MAY-2026
OPTSTK,DEMOSTK,28-MAY-2026,1500,CE,5.34,5.76,1.01,3.52,3.52,2823,2.48,32652,-2587,26-MAY-2026
OPTSTK,DEMOSTK,28-MAY-2026,1500,PE,43.27,43.62,42.07,43.06,43.06,1837,19.78,3173,3384,26-MAY-2026
OPTSTK,DEMOSTK,28-MAY-2026,1520,CE,0.43,2.05,0.13,1.9,1.9,1095,0.52,14379,3417,26-MAY-2026
OPTSTK,DEMOSTK,28-MAY-2026,1520,PE,63.19,64.12,60.41,61.47,61.47,990,15.21,46283,-3620,26-MAY-2026
OPTSTK,DEMOSTK,28-MAY-2026,1540,CE,-0.03,2.65,0.05,1.55,1.55,636,0.25,28573,3247,26-MAY-2026
OPTSTK,DEMOSTK,28-MAY-2026,1540,PE,79.91,84.42,79.68,81.72,81.72,596,12.18,40018,-4119,26-MAY-2026
OPTSTK,DEMOSTK,28-MAY-2026,1560,CE,2.36,3.65,0.05,1.02,1.02,2335,0.6,19498,-3260,26-MAY-2026
OPTSTK,DEMOSTK,28-MAY-2026,1560,PE,102.63,105.2,100.45,103.13,103.13,2733,70.46,2521,1509,26-MAY-2026
OPTSTK,DEMOSTK,28-MAY-2026,1580,CE,0.62,2.14,0.42,1.85,1.85,2278,1.05,7958,155,26-MAY-2026
OPTSTK,DEMOSTK,28-MAY-2026,1580,PE,122.28,125.61,120.08,122.62,122.62,1804,55.3,2363,-2009,26-MAY-2026
OPTSTK,DEMOSTK,28-MAY-2026,1600,CE,3.52,5.19,0.78,1.82,1.82,2521,1.15,22271,-4247,26-MAY-2026
OPTSTK,DEMOSTK,28-MAY-2026,1600,PE,141.56,143.62,138.96,140.9,140.9,683,24.06,41991,-445,26-MAY-2026
OPTSTK,DEMOSTK,28-MAY-2026,1620,CE,2.17,4.17,0.11,0.39,0.39,740,0.07,43029,-3504,26-MAY-2026
OPTSTK,DEMOSTK,28-MAY-2026,1620,PE,162.99,163.83,159.78,161.24,161.24,2112,85.13,30865,-4113,26-MAY-2026
OPTSTK,DEMOSTK,28-MAY-2026,1640,CE,2.07,4.24,0.05,0.5,0.5,1272,0.16,14266,3926,26-MAY-2026
OPTSTK,DEMOSTK,28-MAY-2026,1640,PE,179.54,182.02,177.59,181.36,181.36,528,23.94,10866,685,26-MAY-2026
OPTSTK,DEMOSTK,28-MAY-2026,1660,CE,-1.71,1.44,0.05,0.24,0.24,366,0.02,30270,3283,26-MAY-2026
OPTSTK,DEMOSTK,28-MAY-2026,1660,PE,203.08,205.86,199.32,201.14,201.14,373,18.76,38017,-4253,26-MAY-2026
OPTSTK,DEMOSTK,28-MAY-2026,1680,CE,1.56,2.64,0.05,0.69,0.69,1921,0.33,45992,-3174,26-MAY-2026
OPTSTK,DEMOSTK,28-MAY-2026,1680,PE,222.48,225.47,218.88,220.85,220.85,1226,67.69,32008,3782,26-MAY-2026
OPTSTK,DEMOSTK,28-MAY-2026,1700,CE,1.63,1.88,0.05,0.85,0.85,2933,0.62,9468,994,26-MAY-2026
OPTSTK,DEMOSTK,28-MAY-2026,1700,PE,241.41,244.27,239.13,240.78,240.78,2278,137.12,7488,467,26-MAY-2026
OPTSTK,DEMOSTK,25-JUN-2026,1300,CE,166.55,170.51,166.23,167.7,167.7,2635,110.47,35562,-1792,26-MAY-2026
OPTSTK,DEMOSTK,25-JUN-2026,1300,PE,3.83,5.48,1.47,3.32,3.32,808,0.67,41616,2812,26-MAY-2026
OPTSTK,DEMOSTK,25-JUN-2026,1320,CE,147.2,149.24,143.3,145.73,145.73,1645,59.93,4477,4656,26-MAY-2026
OPTSTK,DEMOSTK,25-JUN-2026,1320,PE,7.32,8.61,7.26,7.27,7.27,485,0.88,41600,2455,26-MAY-2026
OPTSTK,DEMOSTK,25-JUN-2026,1340,CE,130.79,132.66,129.52,131.18,131.18,1677,55.0,22109,-1772,26-MAY-2026
OPTSTK,DEMOSTK,25-JUN-2026,1340,PE,11.39,13.6,10.35,12.82,12.82,2195,7.03,34154,-1810,26-MAY-2026
OPTSTK,DEMOSTK,25-JUN-2026,1360,CE,117.08,118.78,114.96,115.09,115.09,600,17.26,46956,2992,26-MAY-2026
OPTSTK,DEMOSTK,25-JUN-2026,1360,PE,6.05,6.21,4.28,4.45,4.45,1179,1.31,27652,-1931,26-MAY-2026
OPTSTK,DEMOSTK,25-JUN-2026,1380,CE,92.36,92.72,90.97,91.98,91.98,1560,35.87,28379,545,26-MAY-2026
OPTSTK,DEMOSTK,25-JUN-2026,1380,PE,17.39,17.93,15.23,16.61,16.61,1099,4.56,12435,-2621,26-MAY-2026
OPTSTK,DEMOSTK,25-JUN-2026,1400,CE,69.83,72.82,69.29,69.37,69.37,2880,49.95,39463,2558,26-MAY-2026
OPTSTK,DEMOSTK,25-JUN-2026,1400,PE,7.15,10.1,2.84,5.46,5.46,1795,2.45,21771,1898,26-MAY-2026
OPTSTK,DEMOSTK,25-JUN-2026,1420,CE,60.17,61.42,58.85,59.31,59.31,2920,43.3,45674,4234,26-MAY-2026
OPTSTK,DEMOSTK,25-JUN-2026,1420,PE,7.26,7.41,4.65,6.85,6.85,664,1.14,18424,138,26-MAY-2026
OPTSTK,DEMOSTK,25-JUN-2026,1440,CE,40.69,40.95,37.05,39.26,39.26,2678,26.28,44669,1071,26-MAY-2026
OPTSTK,DEMOSTK,25-JUN-2026,1440,PE,9.23,10.7,6.5,9.91,9.91,587,1.45,12948,-1449,26-MAY-2026
OPTSTK,DEMOSTK,25-JUN-2026,1460,CE,16.38,19.37,14.42,14.95,14.95,105,0.39,4114,4335,26-MAY-2026
OPTSTK,DEMOSTK,25-JUN-2026,1460,PE,26.25,28.23,24.24,26.31,26.31,2851,18.75,45783,-3602,26-MAY-2026
OPTSTK,DEMOSTK,25-JUN-2026,1480,CE,16.73,19.05,13.31,14.97,14.97,1518,5.68,9880,-3232,26-MAY-2026
OPTSTK,DEMOSTK,25-JUN-2026,1480,PE,38.0,40.51,35.39,38.49,38.49,384,3.7,38072,-1735,26-MAY-2026
OPTSTK,DEMOSTK,25-JUN-2026,1500,CE,13.98,16.27,11.2,12.03,12.03,1394,4.19,35312,3813,26-MAY-2026
OPTSTK,DEMOSTK,25-JUN-2026,1500,PE,60.76,65.03,58.75,62.36,62.36,2479,38.65,1656,1668,26-MAY-2026
OPTSTK,DEMOSTK,25-JUN-2026,1520,CE,16.77,19.66,14.97,16.3,16.3,454,1.85,47776,4427,26-MAY-2026
OPTSTK,DEMOSTK,25-JUN-2026,1520,PE,63.42,68.16,62.84,65.34,65.34,312,5.1,27529,-3683,26-MAY-2026
OPTSTK,DEMOSTK,25-JUN-2026,1540,CE,4.72,7.96,2.92,6.67,6.67,272,0.45,10869,-4813,26-MAY-2026
OPTSTK,DEMOSTK,25-JUN-2026,1540,PE,92.3,96.14,89.98,93.44,93.44,1964,45.88,27437,-2170,26-MAY-2026
OPTSTK,DEMOSTK,25-JUN-2026,1560,CE,9.69,10.54,7.79,8.86,8.86,2113,4.68,47671,-1116,26-MAY-2026
OPTSTK,DEMOSTK,25-JUN-2026,1560,PE,113.85,116.92,113.3,114.8,114.8,777,22.3,23870,4342,26-MAY-2026
OPTSTK,DEMOSTK,25-JUN-2026,1580,CE,4.11,5.52,2.6,2.71,2.71,539,0.37,12982,-2447,26-MAY-2026
OPTSTK,DEMOSTK,25-JUN-2026,1580,PE,125.18,125.46,121.89,123.55,123.55,2282,70.49,13735,1708,26-MAY-2026
OPTSTK,DEMOSTK,25-JUN-2026,1600,CE,9.8,13.23,7.39,10.99,10.99,1340,3.68,14097,-3787,26-MAY-2026
OPTSTK,DEMOSTK,25-JUN-2026,1600,PE,152.74,155.0,151.17,152.34,152.34,1376,52.4,38028,4305,26-MAY-2026
OPTSTK,DEMOSTK,25-JUN-2026,1620,CE,2.87,4.85,0.85,3.65,3.65,2733,2.49,31583,3312,26-MAY-2026
OPTSTK,DEMOSTK,25-JUN-2026,1620,PE,167.79,171.27,166.8,169.35,169.35,2890,122.36,5629,-129,26-MAY-2026
OPTSTK,DEMOSTK,25-JUN-2026,1640,CE,4.34,6.24,3.14,4.66,4.66,2014,2.35,29018,1779,26-MAY-2026
OPTSTK,DEMOSTK,25-JUN-2026,1640,PE,185.99,187.15,183.98,186.62,186.62,1844,86.03,33048,2261,26-MAY-2026
OPTSTK,DEMOSTK,25-JUN-2026,1660,CE,1.23,3.79,0.05,3.11,3.11,1933,1.5,21297,3746,26-MAY-2026
OPTSTK,DEMOSTK,25-JUN-2026,1660,PE,204.27,205.19,202.33,204.03,204.03,1848,94.26,4531,-4349,26-MAY-2026
OPTSTK,DEMOSTK,25-JUN-2026,1680,CE,3.93,7.07,3.12,5.33,5.33,1613,2.15,49920,2625,26-MAY-2026
OPTSTK,DEMOSTK,25-JUN-2026,1680,PE,225.57,227.13,223.08,225.81,225.81,380,21.45,1836,1934,26-MAY-2026
OPTSTK,DEMOSTK,25-JUN-2026,1700,CE,0.24,2.19,0.05,1.35,1.35,2058,0.69,23566,-3343,26-MAY-2026
OPTSTK,DEMOSTK,25-JUN-2026,1700,PE,240.3,244.38,238.68,241.93,241.93,325,19.66,30156,1156,26-MAY-2026
OPTSTK,DEMOSTK,28-MAY-2026,1300,CE,163.97,165.41,162.65,162.86,162.86,1515,61.68,15368,-364,27-MAY-2026
OPTSTK,DEMOSTK,28-MAY-2026,1300,PE,0.37,2.73,0.25,0.81,0.81,2704,0.55,9364,-3153,27-MAY-2026
OPTSTK,DEMOSTK,28-MAY-2026,1320,CE,142.71,143.69,141.91,142.04,142.04,1462,51.92,23658,4054,27-MAY-2026
OPTSTK,DEMOSTK,28-MAY-2026,1320,PE,0.42,1.65,0.05,0.95,0.95,1865,0.44,22938,-2233,27-MAY-2026
OPTSTK,DEMOSTK,28-MAY-2026,1340,CE,122.12,125.26,121.02,122.66,122.66,2835,86.94,44093,-2103,27-MAY-2026
OPTSTK,DEMOSTK,28-MAY-2026,1340,PE,0.95,4.15,0.05,1.17,1.17,2134,0.62,11813,4285,27-MAY-2026
OPTSTK,DEMOSTK,28-MAY-2026,1360,CE,101.45,102.91,98.99,102.65,102.65,962,24.69,15592,4280,27-MAY-2026
OPTSTK,DEMOSTK,28-MAY-2026,1360,PE,-0.2,1.54,0.05,1.27,1.27,2700,0.86,43491,-4259,27-MAY-2026
OPTSTK,DEMOSTK,28-MAY-2026,1380,CE,83.67,85.25,81.66,82.62,82.62,2117,43.73,45487,-3004,27-MAY-2026
OPTSTK,DEMOSTK,28-MAY-2026,1380,PE,3.39,4.54,0.05,2.61,2.61,1714,1.12,44995,2124,27-MAY-2026
OPTSTK,DEMOSTK,28-MAY-2026,1400,CE,62.82,64.74,62.2,63.63,63.63,1469,23.37,39971,2634,27-MAY-2026
OPTSTK,DEMOSTK,28-MAY-2026,1400,PE,0.23,3.12,0.05,1.7,1.7,1821,0.77,40844,802,27-MAY-2026
OPTSTK,DEMOSTK,28-MAY-2026,1420,CE,43.59,44.8,42.88,42.89,42.89,572,6.13,1856,2292,27-MAY-2026
OPTSTK,DEMOSTK,28-MAY-2026,1420,PE,3.09,4.54,3.0,3.22,3.22,472,0.38,47964,-4991,27-MAY-2026
OPTSTK,DEMOSTK,28-MAY-2026,1440,CE,24.71,26.18,21.57,23.68,23.68,292,1.73,38572,3454,27-MAY-2026
OPTSTK,DEMOSTK,28-MAY-2026,1440,PE,1.92,3.84,0.05,1.34,1.34,433,0.15,20391,-3317,27-MAY-2026
OPTSTK,DEMOSTK,28-MAY-2026,1460,CE,2.64,6.21,0.61,3.71,3.71,1199,1.11,19047,2694,27-MAY-2026
OPTSTK,DEMOSTK,28-MAY-2026,1460,PE,4.94,5.01,1.99,3.75,3.75,1948,1.83,42435,4895,27-MAY-2026
OPTSTK,DEMOSTK,28-MAY-2026,1480,CE,0.85,2.67,0.62,2.42,2.42,1387,0.84,33496,2723,27-MAY-2026
OPTSTK,DEMOSTK,28-MAY-2026,1480,PE,22.91,23.16,19.89,21.29,21.29,172,0.92,1680,-2114,27-MAY-2026
OPTSTK,DEMOSTK,28-MAY-2026,1500,CE,2.91,3.3,0.32,1.84,1.84,2848,1.31,36008,2022,27-MAY-2026
OPTSTK,DEMOSTK,28-MAY-2026,1500,PE,38.25,42.29,37.75,40.18,40.18,2512,25.23,3782,3591,27-MAY-2026
OPTSTK,DEMOSTK,28-MAY-2026,1520,CE,1.84,3.35,1.21,1.32,1.32,1409,0.46,13094,3899,27-MAY-2026
OPTSTK,DEMOSTK,28-MAY-2026,1520,PE,60.97,63.06,58.94,60.17,60.17,1844,27.74,8621,2650,27-MAY-2026
OPTSTK,DEMOSTK,28-MAY-2026,1540,CE,1.98,4.18,0.05,0.7,0.7,2989,0.52,15515,-2625,27-MAY-2026
OPTSTK,DEMOSTK,28-MAY-2026,1540,PE,80.83,82.15,79.13,79.7,79.7,502,10.0,14121,-3890,27-MAY-2026
OPTSTK,DEMOSTK,28-MAY-2026,1560,CE,-1.13,2.43,0.05,0.68,0.68,2983,0.51,18500,3964,27-MAY-2026
OPTSTK,DEMOSTK,28-MAY-2026,1560,PE,98.2,101.12,95.38,99.96,99.96,2128,53.18,16967,-236,27-MAY-2026
OPTSTK,DEMOSTK,28-MAY-2026,1580,CE,1.28,3.74,0.05,1.47,1.47,2850,1.05,34547,-3205,27-MAY-2026
OPTSTK,DEMOSTK,28-MAY-2026,1580,PE,121.51,122.64,119.41,119.83,119.83,2990,89.57,20769,3935,27-MAY-2026
OPTSTK,DEMOSTK,28-MAY-2026,1600,CE,-0.35,2.51,0.05,1.03,1.03,1636,0.42,19815,-904,27-MAY-2026
OPTSTK,DEMOSTK,28-MAY-2026,1600,PE,141.19,141.81,138.34,139.6,139.6,2614,91.23,16332,54,27-MAY-2026
OPTSTK,DEMOSTK,28-MAY-2026,1620,CE,0.35,2.48,0.05,1.25,1.25,1059,0.33,22118,1090,27-MAY-2026
OPTSTK,DEMOSTK,28-MAY-2026,1620,PE,158.76,160.2,157.44,160.12,160.12,2290,91.67,35579,-977,27-MAY-2026
OPTSTK,DEMOSTK,28-MAY-2026,1640,CE,-0.03,2.13,0.05,0.93,0.93,1663,0.39,28017,687,27-MAY-2026
OPTSTK,DEMOSTK,28-MAY-2026,1640,PE,177.84,180.72,175.15,179.1,179.1,2694,120.62,8209,4908,27-MAY-2026
OPTSTK,DEMOSTK,28-MAY-2026,1660,CE,-0.61,2.91,0.05,0.47,0.47,1866,0.22,9588,-136,27-MAY-2026
OPTSTK,DEMOSTK,28-MAY-2026,1660,PE,201.4,201.72,197.91,199.48,199.48,191,9.53,43493,486,27-MAY-2026
OPTSTK,DEMOSTK,28-MAY-2026,1680,CE,-0.35,1.22,0.05,0.22,0.22,1611,0.09,48624,4390,27-MAY-2026
OPTSTK,DEMOSTK,28-MAY-2026,1680,PE,220.62,221.2,218.2,219.15,219.15,1880,103.0,22330,-4765,27-MAY-2026
OPTSTK,DEMOSTK,28-MAY-2026,1700,CE,0.33,3.35,0.05,0.48,0.48,134,0.02,5357,4082,27-MAY-2026
OPTSTK,DEMOSTK,28-MAY-2026,1700,PE,239.67,239.79,236.19,238.8,238.8,2131,127.22,29104,186,27-MAY-2026
OPTSTK,DEMOSTK,25-JUN-2026,1300,CE,170.07,171.47,168.77,170.44,170.44,938,39.97,31263,3471,27-MAY-2026
OPTSTK,DEMOSTK,25-JUN-2026,1300,PE,11.2,12.74,7.97,10.2,10.2,2073,5.29,39067,-1212,27-MAY-2026
OPTSTK,DEMOSTK,25-JUN-2026,1320,CE,149.43,152.39,145.99,147.69,147.69,2338,86.32,35264,-3311,27-MAY-2026
OPTSTK,DEMOSTK,25-JUN-2026,1320,PE,10.31,12.96,7.31,9.6,9.6,1008,2.42,17689,-378,27-MAY-2026
OPTSTK,DEMOSTK,25-JUN-2026,1340,CE,127.15,129.42,126.96,127.03,127.03,1045,33.19,35313,4815,27-MAY-2026
OPTSTK,DEMOSTK,25-JUN-2026,1340,PE,4.38,6.81,2.16,5.15,5.15,779,1.0,27941,-3851,27-MAY-2026
OPTSTK,DEMOSTK,25-JUN-2026,1360,CE,107.7,108.75,106.08,106.34,106.34,1258,33.44,48651,1025,27-MAY-2026
OPTSTK,DEMOSTK,25-JUN-2026,1360,PE,11.32,13.86,10.63,12.58,12.58,1281,4.03,16496,-1080,27-MAY-2026
OPTSTK,DEMOSTK,25-JUN-2026,1380,CE,88.27,89.91,83.61,86.38,86.38,2788,60.21,32570,-1485,27-MAY-2026
OPTSTK,DEMOSTK,25-JUN-2026,1380,PE,5.36,9.11,5.05,6.52,6.52,2324,3.79,45550,-1426,27-MAY-2026
OPTSTK,DEMOSTK,25-JUN-2026,1400,CE,79.04,80.01,77.57,77.89,77.89,992,19.32,35256,644,27-MAY-2026
OPTSTK,DEMOSTK,25-JUN-2026,1400,PE,12.37,12.91,10.91,12.24,12.24,1227,3.75,16550,-4535,27-MAY-2026
OPTSTK,DEMOSTK,25-JUN-2026,1420,CE,58.07,61.84,56.85,60.0,60.0,2958,44.37,27462,-761,27-MAY-2026
OPTSTK,DEMOSTK,25-JUN-2026,1420,PE,11.55,12.05,11.24,11.62,11.62,1375,3.99,25020,-164,27-MAY-2026
OPTSTK,DEMOSTK,25-JUN-2026,1440,CE,46.82,48.31,46.16,47.11,47.11,339,3.99,27982,-497,27-MAY-2026
OPTSTK,DEMOSTK,25-JUN-2026,1440,PE,23.99,24.68,22.17,22.33,22.33,583,3.25,27216,3939,27-MAY-2026
OPTSTK,DEMOSTK,25-JUN-2026,1460,CE,17.44,18.61,15.83,18.53,18.53,1894,8.77,28346,-4106,27-MAY-2026
OPTSTK,DEMOSTK,25-JUN-2026,1460,PE,8.43,8.98,4.93,7.33,7.33,2280,4.18,29634,2429,27-MAY-2026
OPTSTK,DEMOSTK,25-JUN-2026,1480,CE,5.33,6.29,3.57,4.94,4.94,170,0.21,37880,-4298,27-MAY-2026
OPTSTK,DEMOSTK,25-JUN-2026,1480,PE,29.78,31.21,27.49,30.72,30.72,1823,14.0,43326,-2500,27-MAY-2026
OPTSTK,DEMOSTK,25-JUN-2026,1500,CE,5.26,6.3,3.18,3.92,3.92,2342,2.3,31625,-2941,27-MAY-2026
OPTSTK,DEMOSTK,25-JUN-2026,1500,PE,44.21,46.32,40.02,42.51,42.51,1777,18.89,49610,2157,27-MAY-2026
OPTSTK,DEMOSTK,25-JUN-2026,1520,CE,8.04,11.28,7.39,9.36,9.36,1186,2.78,4929,-2697,27-MAY-2026
OPTSTK,DEMOSTK,25-JUN-2026,1520,PE,76.91,80.47,76.11,78.19,78.19,2098,41.01,2346,3437,27-MAY-2026
OPTSTK,DEMOSTK,25-JUN-2026,1540,CE,12.04,12.68,11.06,11.84,11.84,2642,7.82,17541,-2170,27-MAY-2026
OPTSTK,DEMOSTK,25-JUN-2026,1540,PE,82.07,83.19,79.71,82.19,82.19,2053,42.18,38403,-162,27-MAY-2026
OPTSTK,DEMOSTK,25-JUN-2026,1560,CE,11.21,14.88,10.02,12.88,12.88,1938,6.24,17201,1809,27-MAY-2026
OPTSTK,DEMOSTK,25-JUN-2026,1560,PE,114.29,116.64,113.63,114.88,114.88,1955,56.15,39039,-4346,27-MAY-2026
OPTSTK,DEMOSTK,25-JUN-2026,1580,CE,6.48,8.11,5.93,6.06,6.06,536,0.81,25888,1786,27-MAY-2026
OPTSTK,DEMOSTK,25-JUN-2026,1580,PE,132.7,134.19,129.1,131.83,131.83,1243,40.97,22139,4965,27-MAY-2026
OPTSTK,DEMOSTK,25-JUN-2026,1600,CE,10.29,11.0,8.55,10.65,10.65,2521,6.71,39754,1455,27-MAY-2026
OPTSTK,DEMOSTK,25-JUN-2026,1600,PE,149.77,151.07,149.09,149.57,149.57,2018,75.46,8185,1871,27-MAY-2026
OPTSTK,DEMOSTK,25-JUN-2026,1620,CE,9.7,12.53,8.51,9.63,9.63,126,0.3,38077,1982,27-MAY-2026
OPTSTK,DEMOSTK,25-JUN-2026,1620,PE,165.33,168.1,163.82,165.67,165.67,1817,75.26,48358,-1868,27-MAY-2026
OPTSTK,DEMOSTK,25-JUN-2026,1640,CE,4.74,6.99,3.79,6.01,6.01,2260,3.4,15661,1762,27-MAY-2026
OPTSTK,DEMOSTK,25-JUN-2026,1640,PE,178.68,181.87,176.65,180.09,180.09,2516,113.28,12763,-1702,27-MAY-2026
OPTSTK,DEMOSTK,25-JUN-2026,1660,CE,3.89,6.87,1.95,4.51,4.51,2467,2.78,26925,858,27-MAY-2026
OPTSTK,DEMOSTK,25-JUN-2026,1660,PE,201.62,203.32,200.0,200.85,200.85,2059,103.39,17747,2705,27-MAY-2026
OPTSTK,DEMOSTK,25-JUN-2026,1680,CE,1.05,4.38,0.05,2.28,2.28,1545,0.88,42816,-3073,27-MAY-2026
OPTSTK,DEMOSTK,25-JUN-2026,1680,PE,219.94,222.14,219.66,219.82,219.82,55,3.02,8404,-4252,27-MAY-2026
OPTSTK,DEMOSTK,25-JUN-2026,1700,CE,1.57,3.97,0.05,2.46,2.46,2648,1.63,28939,2781,27-MAY-2026
OPTSTK,DEMOSTK,25-JUN-2026,1700,PE,242.78,246.41,242.51,243.54,243.54,75,4.57,4730,4859,27-MAY-2026
OPTSTK,DEMOSTK,28-MAY-2026,1300,CE,166.38,168.17,165.26,166.59,166.59,1073,44.69,39908,-3093,28-MAY-2026
OPTSTK,DEMOSTK,28-MAY-2026,1300,PE,1.65,4.4,0.05,0.56,0.56,1653,0.23,31146,4397,28-MAY-2026
OPTSTK,DEMOSTK,28-MAY-2026,1320,CE,148.27,149.29,145.49,146.3,146.3,1570,57.42,18983,4717,28-MAY-2026
OPTSTK,DEMOSTK,28-MAY-2026,1320,PE,0.73,4.37,0.05,1.68,1.68,2385,1.0,29389,-55,28-MAY-2026
OPTSTK,DEMOSTK,28-MAY-2026,1340,CE,126.56,128.36,125.06,126.41,126.41,1231,38.9,2310,-410,28-MAY-2026
OPTSTK,DEMOSTK,28-MAY-2026,1340,PE,2.95,4.51,0.05,1.43,1.43,1246,0.45,45470,-134,28-MAY-2026
OPTSTK,DEMOSTK,28-MAY-2026,1360,CE,104.91,107.03,104.12,106.48,106.48,836,22.25,38413,1582,28-MAY-2026
OPTSTK,DEMOSTK,28-MAY-2026,1360,PE,-0.08,3.69,0.05,1.06,1.06,62,0.02,1616,4038,28-MAY-2026
OPTSTK,DEMOSTK,28-MAY-2026,1380,CE,86.89,89.42,86.31,88.16,88.16,1385,30.53,41555,-4754,28-MAY-2026
OPTSTK,DEMOSTK,28-MAY-2026,1380,PE,0.64,4.3,0.05,1.78,1.78,220,0.1,31839,1025,28-MAY-2026
OPTSTK,DEMOSTK,28-MAY-2026,1400,CE,65.06,68.44,64.81,66.17,66.17,2846,47.08,15841,215,28-MAY-2026
OPTSTK,DEMOSTK,28-MAY-2026,1400,PE,1.92,4.89,0.73,1.74,1.74,66,0.03,26421,-3430,28-MAY-2026
OPTSTK,DEMOSTK,28-MAY-2026,1420,CE,47.3,51.25,46.5,48.45,48.45,2234,27.06,40799,1186,28-MAY-2026
OPTSTK,DEMOSTK,28-MAY-2026,1420,PE,5.42,7.11,2.51,3.53,3.53,2713,2.39,21873,891,28-MAY-2026
OPTSTK,DEMOSTK,28-MAY-2026,1440,CE,29.11,30.26,26.26,28.41,28.41,1490,10.58,25302,-1190,28-MAY-2026
OPTSTK,DEMOSTK,28-MAY-2026,1440,PE,0.64,2.47,0.05,2.35,2.35,1187,0.7,20500,-3954,28-MAY-2026
OPTSTK,DEMOSTK,28-MAY-2026,1460,CE,7.17,10.42,5.59,7.5,7.5,2299,4.31,37940,1561,28-MAY-2026
OPTSTK,DEMOSTK,28-MAY-2026,1460,PE,0.56,2.61,0.05,0.63,0.63,2532,0.4,24008,-3433,28-MAY-2026
OPTSTK,DEMOSTK,28-MAY-2026,1480,CE,0.1,1.52,0.05,1.25,1.25,216,0.07,36750,1809,28-MAY-2026
OPTSTK,DEMOSTK,28-MAY-2026,1480,PE,17.08,17.8,13.88,15.39,15.39,1239,4.77,41876,-4633,28-MAY-2026
OPTSTK,DEMOSTK,28-MAY-2026,1500,CE,3.14,5.18,1.6,1.96,1.96,2297,1.13,18349,-2725,28-MAY-2026
OPTSTK,DEMOSTK,28-MAY-2026,1500,PE,37.02,38.21,36.92,37.54,37.54,1884,17.68,8806,-881,28-MAY-2026
OPTSTK,DEMOSTK,28-MAY-2026,1520,CE,2.04,5.05,1.13,2.5,2.5,1350,0.84,45582,-912,28-MAY-2026
OPTSTK,DEMOSTK,28-MAY-2026,1520,PE,57.22,58.2,56.57,57.95,57.95,70,1.01,35620,-592,28-MAY-2026
OPTSTK,DEMOSTK,28-MAY-2026,1540,CE,0.71,2.61,0.05,2.13,2.13,1461,0.78,39478,1772,28-MAY-2026
OPTSTK,DEMOSTK,28-MAY-2026,1540,PE,74.32,76.2,73.67,76.03,76.03,2574,48.93,39631,-4051,28-MAY-2026
OPTSTK,DEMOSTK,28-MAY-2026,1560,CE,2.7,4.53,1.47,2.33,2.33,151,0.09,28094,4615,28-MAY-2026
OPTSTK,DEMOSTK,28-MAY-2026,1560,PE,97.3,99.34,95.06,96.36,96.36,1434,34.55,6957,-887,28-MAY-2026
OPTSTK,DEMOSTK,28-MAY-2026,1580,CE,3.02,4.61,0.05,1.3,1.3,2777,0.9,24818,2903,28-MAY-2026
OPTSTK,DEMOSTK,28-MAY-2026,1580,PE,118.35,120.74,116.24,116.94,116.94,1300,38.01,24529,3100,28-MAY-2026
OPTSTK,DEMOSTK,28-MAY-2026,1600,CE,2.74,3.43,0.05,1.45,1.45,1264,0.46,12703,1814,28-MAY-2026
OPTSTK,DEMOSTK,28-MAY-2026,1600,PE,135.15,136.84,132.78,136.46,136.46,2350,80.17,38599,-3560,28-MAY-2026
OPTSTK,DEMOSTK,28-MAY-2026,1620,CE,1.02,3.15,0.05,0.38,0.38,1069,0.1,4756,-4374,28-MAY-2026
OPTSTK,DEMOSTK,28-MAY-2026,1620,PE,153.14,156.5,153.08,154.99,154.99,342,13.25,40652,-4274,28-MAY-2026
OPTSTK,DEMOSTK,28-MAY-2026,1640,CE,1.56,3.26,0.05,0.34,0.34,2388,0.2,30209,-746,28-MAY-2026
OPTSTK,DEMOSTK,28-MAY-2026,1640,PE,175.19,177.26,173.3,175.09,175.09,1421,62.2,6591,439,28-MAY-2026
OPTSTK,DEMOSTK,28-MAY-2026,1660,CE,1.2,3.51,0.05,0.37,0.37,1125,0.1,26539,-2267,28-MAY-2026
OPTSTK,DEMOSTK,28-MAY-2026,1660,PE,193.48,197.33,191.36,194.66,194.66,404,19.66,27398,-309,28-MAY-2026
OPTSTK,DEMOSTK,28-MAY-2026,1680,CE,2.32,3.35,0.63,0.76,0.76,725,0.14,35807,1146,28-MAY-2026
OPTSTK,DEMOSTK,28-MAY-2026,1680,PE,212.97,216.55,210.17,214.84,214.84,2993,160.75,36138,3365,28-MAY-2026
OPTSTK,DEMOSTK,28-MAY-2026,1700,CE,-1.13,1.57,0.05,0.64,0.64,1754,0.28,41576,-1443,28-MAY-2026
OPTSTK,DEMOSTK,28-MAY-2026,1700,PE,233.55,235.91,231.61,234.91,234.91,1088,63.9,31805,-2640,28-MAY-2026
OPTSTK,DEMOSTK,25-JUN-2026,1300,CE,165.33,169.0,163.01,166.84,166.84,512,21.36,21476,1272,28-MAY-2026
OPTSTK,DEMOSTK,25-JUN-2026,1300,PE,7.09,9.45,4.25,8.29,8.29,1841,3.82,34440,4157,28-MAY-2026
OPTSTK,DEMOSTK,25-JUN-2026,1320,CE,152.66,155.38,150.73,152.02,152.02,1186,45.07,19612,3365,28-MAY-2026
OPTSTK,DEMOSTK,25-JUN-2026,1320,PE,5.97,6.46,4.44,5.21,5.21,843,1.1,5543,-3251,28-MAY-2026
OPTSTK,DEMOSTK,25-JUN-2026,1340,CE,134.38,136.74,133.42,135.2,135.2,752,25.42,49895,2230,28-MAY-2026
OPTSTK,DEMOSTK,25-JUN-2026,1340,PE,7.89,8.98,4.94,7.84,7.84,593,1.16,24399,90,28-MAY-2026
OPTSTK,DEMOSTK,25-JUN-2026,1360,CE,109.99,113.66,107.64,111.04,111.04,787,21.85,35019,-1804,28-MAY-2026
OPTSTK,DEMOSTK,25-JUN-2026,1360,PE,6.64,6.97,5.02,5.21,5.21,2026,2.64,48890,4652,28-MAY-2026
OPTSTK,DEMOSTK,25-JUN-2026,1380,CE,102.24,103.45,100.32,102.21,102.21,2286,58.41,30302,-474,28-MAY-2026
OPTSTK,DEMOSTK,25-JUN-2026,1380,PE,11.69,12.73,11.32,11.58,11.58,1768,5.12,20743,2125,28-MAY-2026
OPTSTK,DEMOSTK,25-JUN-2026,1400,CE,76.0,78.93,75.04,77.5,77.5,985,19.08,3612,-1691,28-MAY-2026
OPTSTK,DEMOSTK,25-JUN-2026,1400,PE,19.44,21.96,17.23,19.63,19.63,453,2.22,39436,-3540,28-MAY-2026
OPTSTK,DEMOSTK,25-JUN-2026,1420,CE,62.75,64.15,61.45,63.43,63.43,2842,45.07,42993,859,28-MAY-2026
OPTSTK,DEMOSTK,25-JUN-2026,1420,PE,9.94,10.5,6.57,8.98,8.98,2525,5.67,8603,-97,28-MAY-2026
OPTSTK,DEMOSTK,25-JUN-2026,1440,CE,44.21,46.3,40.88,42.27,42.27,2468,26.08,38151,-325,28-MAY-2026
OPTSTK,DEMOSTK,25-JUN-2026,1440,PE,7.32,8.87,6.08,6.34,6.34,1225,1.94,45974,3687,28-MAY-2026
OPTSTK,DEMOSTK,25-JUN-2026,1460,CE,20.7,23.24,18.75,21.12,21.12,57,0.3,49995,-404,28-MAY-2026
OPTSTK,DEMOSTK,25-JUN-2026,1460,PE,11.87,12.89,9.53,12.76,12.76,1802,5.75,2538,1460,28-MAY-2026
OPTSTK,DEMOSTK,25-JUN-2026,1480,CE,7.16,9.96,6.98,7.04,7.04,437,0.77,49718,128,28-MAY-2026
OPTSTK,DEMOSTK,25-JUN-2026,1480,PE,36.01,37.8,34.62,35.37,35.37,2812,24.87,39307,3919,28-MAY-2026
OPTSTK,DEMOSTK,25-JUN-2026,1500,CE,23.5,24.56,20.72,23.44,23.44,2608,15.28,6844,593,28-MAY-2026
OPTSTK,DEMOSTK,25-JUN-2026,1500,PE,39.93,40.58,37.42,40.27,40.27,1947,19.6,43799,-1482,28-MAY-2026
OPTSTK,DEMOSTK,25-JUN-2026,1520,CE,16.45,18.74,13.7,14.95,14.95,1661,6.21,43747,1299,28-MAY-2026
OPTSTK,DEMOSTK,25-JUN-2026,1520,PE,68.35,69.35,67.81,68.49,68.49,997,17.07,7848,4933,28-MAY-2026
OPTSTK,DEMOSTK,25-JUN-2026,1540,CE,9.0,12.15,7.84,9.19,9.19,1701,3.91,44217,2135,28-MAY-2026
OPTSTK,DEMOSTK,25-JUN-2026,1540,PE,89.25,90.6,88.57,89.41,89.41,674,15.07,31282,2739,28-MAY-2026
OPTSTK,DEMOSTK,25-JUN-2026,1560,CE,5.68,8.65,5.31,5.64,5.64,2306,3.25,40436,3246,28-MAY-2026
OPTSTK,DEMOSTK,25-JUN-2026,1560,PE,102.69,105.04,100.82,102.03,102.03,1617,41.25,41206,-3709,28-MAY-2026
OPTSTK,DEMOSTK,25-JUN-2026,1580,CE,9.63,10.66,6.03,7.92,7.92,2474,4.9,27726,2207,28-MAY-2026
OPTSTK,DEMOSTK,25-JUN-2026,1580,PE,121.5,123.52,120.35,121.34,121.34,1550,47.02,48300,2562,28-MAY-2026
OPTSTK,DEMOSTK,25-JUN-2026,1600,CE,6.91,8.85,6.56,7.16,7.16,1977,3.54,26952,-176,28-MAY-2026
OPTSTK,DEMOSTK,25-JUN-2026,1600,PE,140.91,144.6,139.37,142.59,142.59,2093,74.61,32261,1907,28-MAY-2026
OPTSTK,DEMOSTK,25-JUN-2026,1620,CE,10.53,11.21,6.5,8.66,8.66,2898,6.27,36324,1266,28-MAY-2026
OPTSTK,DEMOSTK,25-JUN-2026,1620,PE,159.14,160.02,158.94,159.28,159.28,1446,57.58,3636,-428,28-MAY-2026
OPTSTK,DEMOSTK,25-JUN-2026,1640,CE,3.8,4.09,2.19,4.06,4.06,2614,2.65,35852,-378,28-MAY-2026
OPTSTK,DEMOSTK,25-JUN-2026,1640,PE,184.54,187.25,182.11,182.9,182.9,499,22.82,22348,-3575,28-MAY-2026
OPTSTK,DEMOSTK,25-JUN-2026,1660,CE,2.16,2.69,0.05,1.41,1.41,270,0.1,34209,-3566,28-MAY-2026
OPTSTK,DEMOSTK,25-JUN-2026,1660,PE,195.08,196.5,192.85,195.87,195.87,2509,122.86,15790,-2730,28-MAY-2026
OPTSTK,DEMOSTK,25-JUN-2026,1680,CE,3.71,5.56,2.77,4.17,4.17,980,1.02,25147,-41,28-MAY-2026
OPTSTK,DEMOSTK,25-JUN-2026,1680,PE,218.68,219.59,216.08,216.96,216.96,2641,143.25,37739,-4256,28-MAY-2026
OPTSTK,DEMOSTK,25-JUN-2026,1700,CE,5.39,5.86,1.82,4.68,4.68,2592,3.03,30093,398,28-MAY-2026
OPTSTK,DEMOSTK,25-JUN-2026,1700,PE,236.84,240.41,236.82,238.23,238.23,2666,158.78,46745,-2637,28-MAY-2026
OPTSTK,DEMOSTK,25-JUN-2026,1300,CE,175.64,178.01,171.34,173.85,173.85,1487,64.63,23480,506,29-MAY-2026
OPTSTK,DEMOSTK,25-JUN-2026,1300,PE,6.11,10.5,5.85,8.1,8.1,2096,4.24,29907,-3824,29-MAY-2026
OPTSTK,DEMOSTK,25-JUN-2026,1320,CE,159.14,160.68,158.99,159.39,159.39,2412,96.11,35638,1655,29-MAY-2026
OPTSTK,DEMOSTK,25-JUN-2026,1320,PE,0.87,4.47,0.05,1.64,1.64,1234,0.51,20209,2389,29-MAY-2026
OPTSTK,DEMOSTK,25-JUN-2026,1340,CE,137.82,139.17,136.26,137.17,137.17,2242,76.88,2812,-3938,29-MAY-2026
OPTSTK,DEMOSTK,25-JUN-2026,1340,PE,12.43,13.68,8.57,11.52,11.52,2099,6.05,44437,-1953,29-MAY-2026
OPTSTK,DEMOSTK,25-JUN-2026,1360,CE,113.02,115.08,110.43,114.34,114.34,2381,68.06,38935,-552,29-MAY-2026
OPTSTK,DEMOSTK,25-JUN-2026,1360,PE,9.87,12.28,8.87,10.73,10.73,2425,6.51,28779,-3212,29-MAY-2026
OPTSTK,DEMOSTK,25-JUN-2026,1380,CE,106.17,108.58,101.83,104.43,104.43,1625,42.42,37331,-724,29-MAY-2026
OPTSTK,DEMOSTK,25-JUN-2026,1380,PE,4.96,5.97,3.04,5.18,5.18,555,0.72,38428,-2993,29-MAY-2026
OPTSTK,DEMOSTK,25-JUN-2026,1400,CE,79.08,80.13,78.02,78.88,78.88,2131,42.02,28103,-4089,29-MAY-2026
OPTSTK,DEMOSTK,25-JUN-2026,1400,PE,10.93,11.76,9.59,11.38,11.38,2968,8.44,48110,-3698,29-MAY-2026
OPTSTK,DEMOSTK,25-JUN-2026,1420,CE,60.03,62.13,60.02,60.79,60.79,451,6.85,6644,-1130,29-MAY-2026
OPTSTK,DEMOSTK,25-JUN-2026,1420,PE,4.04,6.46,3.93,4.45,4.45,896,1.0,23326,2105,29-MAY-2026
OPTSTK,DEMOSTK,25-JUN-2026,1440,CE,44.01,44.82,41.31,44.31,44.31,1350,14.95,47205,4632,29-MAY-2026
OPTSTK,DEMOSTK,25-JUN-2026,1440,PE,15.8,18.52,14.27,17.29,17.29,216,0.93,4681,-3591,29-MAY-2026
OPTSTK,DEMOSTK,25-JUN-2026,1460,CE,14.58,15.38,13.83,14.32,14.32,560,2.0,41647,4936,29-MAY-2026
OPTSTK,DEMOSTK,25-JUN-2026,1460,PE,18.76,21.07,15.92,19.67,19.67,477,2.35,15347,1634,29-MAY-2026
OPTSTK,DEMOSTK,25-JUN-2026,1480,CE,16.33,19.51,15.63,16.75,16.75,1152,4.82,11649,4392,29-MAY-2026
OPTSTK,DEMOSTK,25-JUN-2026,1480,PE,30.72,32.12,28.52,31.0,31.0,658,5.1,31705,-1297,29-MAY-2026
OPTSTK,DEMOSTK,25-JUN-2026,1500,CE,9.0,9.22,5.04,7.78,7.78,1536,2.99,2599,-2588,29-MAY-2026
OPTSTK,DEMOSTK,25-JUN-2026,1500,PE,39.55,42.01,37.01,37.89,37.89,1826,17.3,39010,-974,29-MAY-2026
OPTSTK,DEMOSTK,25-JUN-2026,1520,CE,8.2,9.44,7.02,7.45,7.45,2595,4.83,48021,-1007,29-MAY-2026
OPTSTK,DEMOSTK,25-JUN-2026,1520,PE,57.02,59.45,56.38,58.33,58.33,2217,32.33,35501,-1184,29-MAY-2026
OPTSTK,DEMOSTK,25-JUN-2026,1540,CE,3.17,5.61,0.22,4.16,4.16,84,0.09,8843,-4317,29-MAY-2026
OPTSTK,DEMOSTK,25-JUN-2026,1540,PE,75.18,76.76,73.68,76.35,76.35,804,15.35,1750,1016,29-MAY-2026
OPTSTK,DEMOSTK,25-JUN-2026,1560,CE,9.3,11.23,4.91,7.78,7.78,376,0.73,18922,-2834,29-MAY-2026
OPTSTK,DEMOSTK,25-JUN-2026,1560,PE,109.91,111.98,105.41,108.29,108.29,1248,33.79,33000,3849,29-MAY-2026
OPTSTK,DEMOSTK,25-JUN-2026,1580,CE,12.06,15.0,10.24,11.84,11.84,1995,5.91,9754,-1735,29-MAY-2026
OPTSTK,DEMOSTK,25-JUN-2026,1580,PE,123.42,126.07,122.01,123.02,123.02,1946,59.85,31080,-811,29-MAY-2026
OPTSTK,DEMOSTK,25-JUN-2026,1600,CE,11.09,13.5,10.22,10.93,10.93,2682,7.33,2023,-3976,29-MAY-2026
OPTSTK,DEMOSTK,25-JUN-2026,1600,PE,141.31,142.36,140.15,141.65,141.65,612,21.67,2030,-963,29-MAY-2026
OPTSTK,DEMOSTK,25-JUN-2026,1620,CE,10.63,12.65,8.29,8.77,8.77,1781,3.9,17629,-4985,29-MAY-2026
OPTSTK,DEMOSTK,25-JUN-2026,1620,PE,162.57,163.66,160.78,162.09,162.09,2899,117.47,41567,2836,29-MAY-2026
OPTSTK,DEMOSTK,25-JUN-2026,1640,CE,3.1,4.39,1.11,1.63,1.63,464,0.19,42630,3597,29-MAY-2026
OPTSTK,DEMOSTK,25-JUN-2026,1640,PE,173.69,174.75,172.68,173.83,173.83,2412,104.82,34126,-1426,29-MAY-2026
OPTSTK,DEMOSTK,25-JUN-2026,1660,CE,1.31,3.83,0.05,1.3,1.3,579,0.19,40476,3138,29-MAY-2026
OPTSTK,DEMOSTK,25-JUN-2026,1660,PE,191.34,192.8,189.75,192.77,192.77,777,37.45,24231,-434,29-MAY-2026
OPTSTK,DEMOSTK,25-JUN-2026,1680,CE,5.48,6.06,3.04,3.69,3.69,720,0.66,30448,-982,29-MAY-2026
OPTSTK,DEMOSTK,25-JUN-2026,1680,PE,214.25,217.38,212.19,214.92,214.92,368,19.77,6755,-2695,29-MAY-2026
OPTSTK,DEMOSTK,25-JUN-2026,1700,CE,4.17,7.12,2.6,4.88,4.88,2694,3.29,49060,331,29-MAY-2026
OPTSTK,DEMOSTK,25-JUN-2026,1700,PE,230.86,235.46,230.02,232.62,232.62,2587,150.45,26671,-2488,29-MAY-2026
OPTSTK,DEMOSTK,25-JUN-2026,1300,CE,177.54,180.4,173.52,175.74,175.74,630,27.68,14001,-664,01-JUN-2026
OPTSTK,DEMOSTK,25-JUN-2026,1300,PE,7.28,8.8,2.5,5.45,5.45,2939,4.0,22719,-2193,01-JUN-2026
OPTSTK,DEMOSTK,25-JUN-2026,1320,CE,151.9,153.52,150.26,151.78,151.78,1693,64.24,43863,-2938,01-JUN-2026
OPTSTK,DEMOSTK,25-JUN-2026,1320,PE,4.63,9.07,2.52,6.39,6.39,1328,2.12,41142,-4431,01-JUN-2026
OPTSTK,DEMOSTK,25-JUN-2026,1340,CE,139.99,140.11,139.38,139.45,139.45,2986,104.1,37098,1332,01-JUN-2026
OPTSTK,DEMOSTK,25-JUN-2026,1340,PE,3.79,4.49,0.82,1.94,1.94,1137,0.55,9553,-3649,01-JUN-2026
OPTSTK,DEMOSTK,25-JUN-2026,1360,CE,113.46,116.87,112.71,114.63,114.63,544,15.59,27975,842,01-JUN-2026
OPTSTK,DEMOSTK,25-JUN-2026,1360,PE,3.69,4.45,1.05,4.03,4.03,144,0.15,37451,1827,01-JUN-2026
OPTSTK,DEMOSTK,25-JUN-2026,1380,CE,93.88,96.76,92.15,94.08,94.08,1176,27.66,28572,-4799,01-JUN-2026
OPTSTK,DEMOSTK,25-JUN-2026,1380,PE,15.26,17.83,11.45,13.63,13.63,2372,8.08,49838,3380,01-JUN-2026
OPTSTK,DEMOSTK,25-JUN-2026,1400,CE,83.53,88.13,81.73,85.48,85.48,888,18.98,30001,-1826,01-JUN-2026
OPTSTK,DEMOSTK,25-JUN-2026,1400,PE,14.11,16.13,12.38,14.96,14.96,1043,3.9,11562,1294,01-JUN-2026
OPTSTK,DEMOSTK,25-JUN-2026,1420,CE,65.64,66.54,61.97,63.96,63.96,1387,22.18,7868,-4025,01-JUN-2026
OPTSTK,DEMOSTK,25-JUN-2026,1420,PE,17.03,18.69,15.91,16.49,16.49,2173,8.96,22547,-750,01-JUN-2026
OPTSTK,DEMOSTK,25-JUN-2026,1440,CE,48.76,51.5,48.04,50.59,50.59,795,10.05,32403,1546,01-JUN-2026
OPTSTK,DEMOSTK,25-JUN-2026,1440,PE,5.75,9.31,5.37,6.39,6.39,2432,3.89,19009,-1163,01-JUN-2026
OPTSTK,DEMOSTK,25-JUN-2026,1460,CE,26.9,30.66,26.13,28.63,28.63,1397,10.0,37160,-4530,01-JUN-2026
OPTSTK,DEMOSTK,25-JUN-2026,1460,PE,8.0,8.84,5.13,7.74,7.74,2749,5.32,4948,3440,01-JUN-2026
OPTSTK,DEMOSTK,25-JUN-2026,1480,CE,17.48,18.56,14.81,17.96,17.96,2768,12.43,1323,720,01-JUN-2026
OPTSTK,DEMOSTK,25-JUN-2026,1480,PE,17.84,19.09,13.68,16.27,16.27,1211,4.93,4170,-2179,01-JUN-2026
OPTSTK,DEMOSTK,25-JUN-2026,1500,CE,5.53,6.02,4.53,5.29,5.29,1493,1.97,44307,-2324,01-JUN-2026
OPTSTK,DEMOSTK,25-JUN-2026,1500,PE,44.55,44.97,41.64,44.13,44.13,2379,26.25,35805,4776,01-JUN-2026
OPTSTK,DEMOSTK,25-JUN-2026,1520,CE,4.03,6.46,1.11,5.69,5.69,1349,1.92,37682,-406,01-JUN-2026
OPTSTK,DEMOSTK,25-JUN-2026,1520,PE,69.29,71.46,65.18,67.34,67.34,1446,24.34,21153,2609,01-JUN-2026
OPTSTK,DEMOSTK,25-JUN-2026,1540,CE,4.36,6.79,0.47,2.76,2.76,912,0.63,33245,-3365,01-JUN-2026
OPTSTK,DEMOSTK,25-JUN-2026,1540,PE,79.56,84.37,77.47,81.43,81.43,803,16.35,22777,4783,01-JUN-2026
OPTSTK,DEMOSTK,25-JUN-2026,1560,CE,12.37,16.35,11.14,14.21,14.21,2073,7.36,1901,-1826,01-JUN-2026
OPTSTK,DEMOSTK,25-JUN-2026,1560,PE,98.82,102.86,97.19,100.3,100.3,1900,47.64,4710,4085,01-JUN-2026
OPTSTK,DEMOSTK,25-JUN-2026,1580,CE,11.93,14.25,9.55,13.16,13.16,1411,4.64,5704,508,01-JUN-2026
OPTSTK,DEMOSTK,25-JUN-2026,1580,PE,118.77,120.12,118.36,120.06,120.06,1778,53.37,40636,-3282,01-JUN-2026
OPTSTK,DEMOSTK,25-JUN-2026,1600,CE,8.41,10.37,7.77,9.85,9.85,2486,6.12,45168,4561,01-JUN-2026
OPTSTK,DEMOSTK,25-JUN-2026,1600,PE,139.46,140.16,136.74,138.23,138.23,70,2.42,48713,770,01-JUN-2026
OPTSTK,DEMOSTK,25-JUN-2026,1620,CE,7.67,9.69,5.02,6.02,6.02,1850,2.78,29969,-61,01-JUN-2026
OPTSTK,DEMOSTK,25-JUN-2026,1620,PE,155.4,158.5,154.2,156.51,156.51,248,9.7,7914,-2696,01-JUN-2026
OPTSTK,DEMOSTK,25-JUN-2026,1640,CE,6.69,8.73,2.81,5.4,5.4,2776,3.75,19459,4713,01-JUN-2026
OPTSTK,DEMOSTK,25-JUN-2026,1640,PE,174.65,175.13,173.81,174.52,174.52,401,17.5,37562,-3180,01-JUN-2026
OPTSTK,DEMOSTK,25-JUN-2026,1660,CE,3.87,6.84,2.31,3.6,3.6,1307,1.18,18621,-417,01-JUN-2026
OPTSTK,DEMOSTK,25-JUN-2026,1660,PE,191.6,192.19,191.05,191.24,191.24,952,45.52,14383,-4876,01-JUN-2026
OPTSTK,DEMOSTK,25-JUN-2026,1680,CE,3.04,4.11,0.44,2.71,2.71,2632,1.78,5811,-4006,01-JUN-2026
OPTSTK,DEMOSTK,25-JUN-2026,1680,PE,211.67,212.79,209.2,210.24,210.24,2920,153.48,15032,3694,01-JUN-2026
OPTSTK,DEMOSTK,25-JUN-2026,1700,CE,-0.82,1.95,0.05,1.02,1.02,1057,0.27,3513,-2076,01-JUN-2026
OPTSTK,DEMOSTK,25-JUN-2026,1700,PE,231.17,231.97,229.6,231.07,231.07,2105,121.6,30576,-678,01-JUN-2026
OPTSTK,DEMOSTK,25-JUN-2026,1300,CE,177.55,178.09,173.83,176.77,176.77,2291,101.25,36256,3740,02-JUN-2026
OPTSTK,DEMOSTK,25-JUN-2026,1300,PE,6.3,7.34,3.24,6.02,6.02,2126,3.2,17640,-89,02-JUN-2026
OPTSTK,DEMOSTK,25-JUN-2026,1320,CE,160.04,161.63,159.03,159.98,159.98,2507,100.27,37059,3432,02-JUN-2026
OPTSTK,DEMOSTK,25-JUN-2026,1320,PE,2.97,4.34,1.64,2.96,2.96,1048,0.78,48048,-3432,02-JUN-2026
OPTSTK,DEMOSTK,25-JUN-2026,1340,CE,139.31,140.66,138.16,139.75,139.75,2185,76.34,12359,-1309,02-JUN-2026
OPTSTK,DEMOSTK,25-JUN-2026,1340,PE,6.22,9.29,5.78,7.72,7.72,169,0.33,32539,1946,02-JUN-2026
OPTSTK,DEMOSTK,25-JUN-2026,1360,CE,119.85,122.31,118.84,119.74,119.74,298,8.92,21049,-781,02-JUN-2026
OPTSTK,DEMOSTK,25-JUN-2026,1360,PE,4.28,4.96,1.7,3.9,3.9,553,0.54,8483,-2223,02-JUN-2026
OPTSTK,DEMOSTK,25-JUN-2026,1380,CE,104.24,106.07,102.9,103.42,103.42,2103,54.37,1932,381,02-JUN-2026
OPTSTK,DEMOSTK,25-JUN-2026,1380,PE,12.2,14.09,11.33,11.84,11.84,276,0.82,11004,-4701,02-JUN-2026
OPTSTK,DEMOSTK,25-JUN-2026,1400,CE,76.28,80.17,74.09,77.63,77.63,1082,21.0,17244,-4629,02-JUN-2026
OPTSTK,DEMOSTK,25-JUN-2026,1400,PE,5.05,6.42,4.06,6.05,6.05,470,0.71,1907,4418,02-JUN-2026
OPTSTK,DEMOSTK,25-JUN-2026,1420,CE,55.02,57.38,54.14,56.29,56.29,898,12.64,14415,-567,02-JUN-2026
OPTSTK,DEMOSTK,25-JUN-2026,1420,PE,6.05,7.51,4.23,6.75,6.75,1110,1.87,47861,-1299,02-JUN-2026
OPTSTK,DEMOSTK,25-JUN-2026,1440,CE,41.26,45.26,38.48,42.53,42.53,1558,16.57,11805,3966,02-JUN-2026
OPTSTK,DEMOSTK,25-JUN-2026,1440,PE,5.72,7.62,2.75,4.81,4.81,2665,3.2,37838,3409,02-JUN-2026
OPTSTK,DEMOSTK,25-JUN-2026,1460,CE,15.19,19.68,12.44,16.69,16.69,1816,7.58,18120,-2274,02-JUN-2026
OPTSTK,DEMOSTK,25-JUN-2026,1460,PE,12.01,13.23,7.68,10.09,10.09,559,1.41,47700,4816,02-JUN-2026
OPTSTK,DEMOSTK,25-JUN-2026,1480,CE,1.07,4.44,0.98,3.04,3.04,2686,2.04,26554,1675,02-JUN-2026
OPTSTK,DEMOSTK,25-JUN-2026,1480,PE,14.59,14.6,11.16,13.05,13.05,2224,7.26,26871,-786,02-JUN-2026
OPTSTK,DEMOSTK,25-JUN-2026,1500,CE,6.03,7.76,2.29,5.1,5.1,410,0.52,47561,1533,02-JUN-2026
OPTSTK,DEMOSTK,25-JUN-2026,1500,PE,48.89,51.8,46.88,47.93,47.93,1270,15.22,32032,285,02-JUN-2026
OPTSTK,DEMOSTK,25-JUN-2026,1520,CE,17.44,18.75,14.65,15.89,15.89,879,3.49,10361,-2275,02-JUN-2026
OPTSTK,DEMOSTK,25-JUN-2026,1520,PE,53.81,56.03,52.16,54.79,54.79,1935,26.5,3313,602,02-JUN-2026
OPTSTK,DEMOSTK,25-JUN-2026,1540,CE,5.32,8.16,3.28,6.84,6.84,1846,3.16,43811,2860,02-JUN-2026
OPTSTK,DEMOSTK,25-JUN-2026,1540,PE,75.76,77.86,74.03,77.68,77.68,1408,27.34,19487,-2844,02-JUN-2026
OPTSTK,DEMOSTK,25-JUN-2026,1560,CE,8.55,9.31,5.47,7.82,7.82,2534,4.95,37295,-2334,02-JUN-2026
OPTSTK,DEMOSTK,25-JUN-2026,1560,PE,98.52,101.23,97.45,97.68,97.68,1366,33.36,28235,635,02-JUN-2026
OPTSTK,DEMOSTK,25-JUN-2026,1580,CE,10.85,13.12,8.53,11.76,11.76,403,1.18,10719,-2691,02-JUN-2026
OPTSTK,DEMOSTK,25-JUN-2026,1580,PE,108.42,111.36,107.07,110.22,110.22,52,1.43,9964,3909,02-JUN-2026
OPTSTK,DEMOSTK,25-JUN-2026,1600,CE,5.21,5.29,3.58,4.6,4.6,2850,3.28,26381,-4179,02-JUN-2026
OPTSTK,DEMOSTK,25-JUN-2026,1600,PE,132.5,134.09,128.55,130.93,130.93,885,28.97,11699,1469,02-JUN-2026
OPTSTK,DEMOSTK,25-JUN-2026,1620,CE,8.16,8.91,3.45,6.44,6.44,2237,3.6,14883,-1591,02-JUN-2026
OPTSTK,DEMOSTK,25-JUN-2026,1620,PE,158.14,159.73,154.38,157.37,157.37,1025,40.33,36690,-2657,02-JUN-2026
OPTSTK,DEMOSTK,25-JUN-2026,1640,CE,4.09,7.84,3.98,5.13,5.13,1859,2.38,44447,-2458,02-JUN-2026
OPTSTK,DEMOSTK,25-JUN-2026,1640,PE,169.93,172.12,169.42,170.86,170.86,259,11.06,22100,-3518,02-JUN-2026
OPTSTK,DEMOSTK,25-JUN-2026,1660,CE,1.94,3.86,1.01,3.09,3.09,866,0.67,41266,16,02-JUN-2026
OPTSTK,DEMOSTK,25-JUN-2026,1660,PE,193.15,194.93,191.41,192.98,192.98,1470,70.92,11249,-2026,02-JUN-2026
OPTSTK,DEMOSTK,25-JUN-2026,1680,CE,0.01,2.17,0.05,1.18,1.18,2571,0.76,11859,-1729,02-JUN-2026
OPTSTK,DEMOSTK,25-JUN-2026,1680,PE,209.2,211.54,207.17,209.28,209.28,2443,127.82,18852,2334,02-JUN-2026
OPTSTK,DEMOSTK,25-JUN-2026,1700,CE,0.97,2.37,0.05,1.89,1.89,2956,1.4,20061,-743,02-JUN-2026
OPTSTK,DEMOSTK,25-JUN-2026,1700,PE,227.97,231.92,226.55,229.25,229.25,223,12.78,29893,-935,02-JUN-2026
OPTSTK,DEMOSTK,25-JUN-2026,1300,CE,174.98,178.66,174.88,176.3,176.3,1957,86.25,18834,1958,03-JUN-2026
OPTSTK,DEMOSTK,25-JUN-2026,1300,PE,1.08,4.19,0.05,1.4,1.4,1198,0.42,15681,-4213,03-JUN-2026
OPTSTK,DEMOSTK,25-JUN-2026,1320,CE,157.16,159.94,155.32,158.33,158.33,620,24.54,16552,1647,03-JUN-2026
OPTSTK,DEMOSTK,25-JUN-2026,1320,PE,1.84,3.94,0.05,3.12,3.12,1493,1.16,32588,2211,03-JUN-2026
OPTSTK,DEMOSTK,25-JUN-2026,1340,CE,144.23,146.92,141.92,143.01,143.01,1001,35.79,49735,3402,03-JUN-2026
OPTSTK,DEMOSTK,25-JUN-2026,1340,PE,4.87,7.54,2.68,6.16,6.16,2127,3.28,15301,-1330,03-JUN-2026
OPTSTK,DEMOSTK,25-JUN-2026,1360,CE,123.06,125.48,120.55,121.88,121.88,2873,87.54,26028,2992,03-JUN-2026
OPTSTK,DEMOSTK,25-JUN-2026,1360,PE,6.22,8.65,3.5,6.14,6.14,1078,1.65,25078,4024,03-JUN-2026
OPTSTK,DEMOSTK,25-JUN-2026,1380,CE,107.7,108.86,105.81,106.94,106.94,889,23.77,18993,3883,03-JUN-2026
OPTSTK,DEMOSTK,25-JUN-2026,1380,PE,0.33,2.32,0.05,1.9,1.9,1458,0.69,15348,-3699,03-JUN-2026
OPTSTK,DEMOSTK,25-JUN-2026,1400,CE,81.12,81.73,79.79,81.51,81.51,1470,29.95,20845,-1193,03-JUN-2026
OPTSTK,DEMOSTK,25-JUN-2026,1400,PE,12.55,13.75,10.15,11.83,11.83,988,2.92,20365,-419,03-JUN-2026
OPTSTK,DEMOSTK,25-JUN-2026,1420,CE,69.46,72.79,67.77,71.43,71.43,1111,19.84,20181,-3376,03-JUN-2026
OPTSTK,DEMOSTK,25-JUN-2026,1420,PE,2.52,7.31,0.05,4.46,4.46,2051,2.29,39720,4327,03-JUN-2026
OPTSTK,DEMOSTK,25-JUN-2026,1440,CE,38.82,39.74,37.98,39.31,39.31,2403,23.62,33877,-2181,03-JUN-2026
OPTSTK,DEMOSTK,25-JUN-2026,1440,PE,14.21,16.75,10.51,13.51,13.51,1600,5.4,22108,-100,03-JUN-2026
OPTSTK,DEMOSTK,25-JUN-2026,1460,CE,18.33,19.76,17.45,18.99,18.99,2652,12.59,15552,-4212,03-JUN-2026
OPTSTK,DEMOSTK,25-JUN-2026,1460,PE,16.3,16.37,12.56,15.37,15.37,2470,9.49,43695,-433,03-JUN-2026
OPTSTK,DEMOSTK,25-JUN-2026,1480,CE,8.96,11.7,6.83,8.23,8.23,1673,3.44,38111,3857,03-JUN-2026
OPTSTK,DEMOSTK,25-JUN-2026,1480,PE,25.5,28.28,22.41,24.75,24.75,1075,6.65,16898,-3074,03-JUN-2026
OPTSTK,DEMOSTK,25-JUN-2026,1500,CE,4.69,7.24,1.85,6.22,6.22,1256,1.95,2539,60,03-JUN-2026
OPTSTK,DEMOSTK,25-JUN-2026,1500,PE,39.68,41.27,37.86,40.97,40.97,861,8.82,5293,3562,03-JUN-2026
OPTSTK,DEMOSTK,25-JUN-2026,1520,CE,0.81,3.56,0.09,2.56,2.56,1879,1.2,39200,2993,03-JUN-2026
OPTSTK,DEMOSTK,25-JUN-2026,1520,PE,55.93,58.12,55.66,57.26,57.26,174,2.49,40420,4113,03-JUN-2026
OPTSTK,DEMOSTK,25-JUN-2026,1540,CE,3.31,6.04,2.85,3.54,3.54,317,0.28,14487,-3622,03-JUN-2026
OPTSTK,DEMOSTK,25-JUN-2026,1540,PE,74.57,77.22,72.02,75.58,75.58,1283,24.24,47056,-1702,03-JUN-2026
OPTSTK,DEMOSTK,25-JUN-2026,1560,CE,2.49,7.11,0.12,4.17,4.17,332,0.35,37136,-1935,03-JUN-2026
OPTSTK,DEMOSTK,25-JUN-2026,1560,PE,95.02,97.24,93.47,95.11,95.11,1430,34.0,7002,-2270,03-JUN-2026
OPTSTK,DEMOSTK,25-JUN-2026,1580,CE,7.2,9.74,7.02,7.03,7.03,1503,2.64,5721,2525,03-JUN-2026
OPTSTK,DEMOSTK,25-JUN-2026,1580,PE,112.05,114.38,109.14,113.39,113.39,2710,76.82,44809,4923,03-JUN-2026
OPTSTK,DEMOSTK,25-JUN-2026,1600,CE,7.77,8.76,3.74,6.72,6.72,448,0.75,23542,-1704,03-JUN-2026
OPTSTK,DEMOSTK,25-JUN-2026,1600,PE,126.81,129.19,125.24,127.41,127.41,491,15.64,33822,-1648,03-JUN-2026
OPTSTK,DEMOSTK,25-JUN-2026,1620,CE,1.82,5.69,0.09,3.76,3.76,878,0.83,14243,96,03-JUN-2026
OPTSTK,DEMOSTK,25-JUN-2026,1620,PE,148.51,151.35,146.75,148.16,148.16,2337,86.56,13923,458,03-JUN-2026
OPTSTK,DEMOSTK,25-JUN-2026,1640,CE,2.23,4.8,0.05,2.23,2.23,650,0.36,34182,-3345,03-JUN-2026
OPTSTK,DEMOSTK,25-JUN-2026,1640,PE,165.89,167.72,164.8,167.36,167.36,1751,73.26,32328,-1816,03-JUN-2026
OPTSTK,DEMOSTK,25-JUN-2026,1660,CE,5.08,7.1,3.85,5.36,5.36,1618,2.17,18366,-946,03-JUN-2026
OPTSTK,DEMOSTK,25-JUN-2026,1660,PE,185.41,188.56,183.01,186.39,186.39,2860,133.27,6509,2225,03-JUN-2026
OPTSTK,DEMOSTK,25-JUN-2026,1680,CE,1.56,3.68,0.05,0.59,0.59,2456,0.36,45345,1620,03-JUN-2026
OPTSTK,DEMOSTK,25-JUN-2026,1680,PE,206.39,208.87,203.65,207.65,207.65,218,11.32,29202,4457,03-JUN-2026
OPTSTK,DEMOSTK,25-JUN-2026,1700,CE,5.57,6.43,2.64,4.01,4.01,959,0.96,40707,-2770,03-JUN-2026
OPTSTK,DEMOSTK,25-JUN-2026,1700,PE,228.34,229.95,226.19,228.09,228.09,108,6.16,14850,-2515,03-JUN-2026
OPTSTK,DEMOSTK,25-JUN-2026,1300,CE,178.72,180.68,177.57,177.69,177.69,1377,61.17,7009,697,04-JUN-2026
OPTSTK,DEMOSTK,25-JUN-2026,1300,PE,4.07,5.94,3.49,5.56,5.56,1167,1.62,47517,-3711,04-JUN-2026
OPTSTK,DEMOSTK,25-JUN-2026,1320,CE,157.13,159.05,154.45,157.14,157.14,2877,113.02,16632,-1325,04-JUN-2026
OPTSTK,DEMOSTK,25-JUN-2026,1320,PE,5.15,6.05,2.71,5.29,5.29,249,0.33,14942,855,04-JUN-2026
OPTSTK,DEMOSTK,25-JUN-2026,1340,CE,144.36,146.04,140.25,142.89,142.89,243,8.68,1995,-4406,04-JUN-2026
OPTSTK,DEMOSTK,25-JUN-2026,1340,PE,2.38,3.73,0.24,2.04,2.04,2125,1.08,19468,-542,04-JUN-2026
OPTSTK,DEMOSTK,25-JUN-2026,1360,CE,120.85,124.89,118.72,122.36,122.36,1643,50.26,38578,4574,04-JUN-2026
OPTSTK,DEMOSTK,25-JUN-2026,1360,PE,8.15,10.4,6.24,8.08,8.08,945,1.91,44738,2592,04-JUN-2026
OPTSTK,DEMOSTK,25-JUN-2026,1380,CE,110.01,110.75,105.79,108.62,108.62,1920,52.14,38423,-980,04-JUN-2026
OPTSTK,DEMOSTK,25-JUN-2026,1380,PE,9.45,12.09,6.28,8.98,8.98,1343,3.02,27857,174,04-JUN-2026
OPTSTK,DEMOSTK,25-JUN-2026,1400,CE,82.33,84.73,80.39,82.37,82.37,2773,57.1,26384,3328,04-JUN-2026
OPTSTK,DEMOSTK,25-JUN-2026,1400,PE,12.6,16.38,10.65,14.14,14.14,120,0.42,24833,2534,04-JUN-2026
OPTSTK,DEMOSTK,25-JUN-2026,1420,CE,61.31,65.76,60.03,63.23,63.23,564,8.92,36598,-2949,04-JUN-2026
OPTSTK,DEMOSTK,25-JUN-2026,1420,PE,12.05,14.23,12.04,13.01,13.01,2102,6.84,11079,1613,04-JUN-2026
OPTSTK,DEMOSTK,25-JUN-2026,1440,CE,41.6,44.06,40.11,43.46,43.46,1649,17.92,22854,-2677,04-JUN-2026
OPTSTK,DEMOSTK,25-JUN-2026,1440,PE,5.28,7.3,1.21,3.62,3.62,1089,0.99,14545,414,04-JUN-2026
OPTSTK,DEMOSTK,25-JUN-2026,1460,CE,20.19,21.88,17.8,20.74,20.74,1033,5.36,23317,-349,04-JUN-2026
OPTSTK,DEMOSTK,25-JUN-2026,1460,PE,4.3,9.07,1.56,6.15,6.15,1344,2.07,19569,-4426,04-JUN-2026
OPTSTK,DEMOSTK,25-JUN-2026,1480,CE,9.83,13.35,7.17,10.99,10.99,2966,8.15,42664,1544,04-JUN-2026
OPTSTK,DEMOSTK,25-JUN-2026,1480,PE,9.7,13.38,7.9,10.82,10.82,757,2.05,22559,3988,04-JUN-2026
OPTSTK,DEMOSTK,25-JUN-2026,1500,CE,15.26,17.84,14.38,15.62,15.62,310,1.21,18116,3414,04-JUN-2026
OPTSTK,DEMOSTK,25-JUN-2026,1500,PE,39.16,43.97,38.65,41.14,41.14,1139,11.71,11499,-1526,04-JUN-2026
OPTSTK,DEMOSTK,25-JUN-2026,1520,CE,9.68,10.8,7.41,10.0,10.0,674,1.69,31537,-3826,04-JUN-2026
OPTSTK,DEMOSTK,25-JUN-2026,1520,PE,52.54,53.59,51.39,53.03,53.03,2273,30.13,13715,-2771,04-JUN-2026
OPTSTK,DEMOSTK,25-JUN-2026,1540,CE,6.53,9.35,4.97,6.42,6.42,1468,2.36,3255,3487,04-JUN-2026
OPTSTK,DEMOSTK,25-JUN-2026,1540,PE,73.92,76.18,71.02,75.47,75.47,1488,28.07,38499,4800,04-JUN-2026
OPTSTK,DEMOSTK,25-JUN-2026,1560,CE,7.75,9.65,6.17,9.5,9.5,2529,6.01,22575,4125,04-JUN-2026
OPTSTK,DEMOSTK,25-JUN-2026,1560,PE,91.16,91.68,89.12,91.06,91.06,1691,38.5,35665,1770,04-JUN-2026
OPTSTK,DEMOSTK,25-JUN-2026,1580,CE,4.58,6.02,4.05,4.06,4.06,288,0.29,44581,-1581,04-JUN-2026
OPTSTK,DEMOSTK,25-JUN-2026,1580,PE,116.47,117.87,114.86,115.66,115.66,2932,84.78,5754,1862,04-JUN-2026
OPTSTK,DEMOSTK,25-JUN-2026,1600,CE,5.04,7.3,4.58,5.51,5.51,1516,2.09,26760,-2501,04-JUN-2026
OPTSTK,DEMOSTK,25-JUN-2026,1600,PE,126.55,127.5,123.87,126.52,126.52,1812,57.31,4561,-717,04-JUN-2026
OPTSTK,DEMOSTK,25-JUN-2026,1620,CE,3.01,3.43,1.66,3.39,3.39,659,0.56,40410,-1393,04-JUN-2026
OPTSTK,DEMOSTK,25-JUN-2026,1620,PE,153.31,155.32,150.58,152.21,152.21,980,37.29,40495,88,04-JUN-2026
OPTSTK,DEMOSTK,25-JUN-2026,1640,CE,7.51,8.79,3.92,5.54,5.54,956,1.32,29692,462,04-JUN-2026
OPTSTK,DEMOSTK,25-JUN-2026,1640,PE,167.54,168.65,165.97,166.85,166.85,2500,104.28,41474,-3346,04-JUN-2026
OPTSTK,DEMOSTK,25-JUN-2026,1660,CE,-0.57,2.59,0.05,1.01,1.01,1212,0.31,21701,-2976,04-JUN-2026
OPTSTK,DEMOSTK,25-JUN-2026,1660,PE,187.76,190.44,185.72,187.98,187.98,1109,52.12,18062,-4516,04-JUN-2026
OPTSTK,DEMOSTK,25-JUN-2026,1680,CE,0.66,3.95,0.31,2.5,2.5,1063,0.66,40329,-3502,04-JUN-2026
OPTSTK,DEMOSTK,25-JUN-2026,1680,PE,205.15,206.55,203.29,205.42,205.42,2131,109.44,26215,1063,04-JUN-2026
OPTSTK,DEMOSTK,25-JUN-2026,1700,CE,1.49,2.85,1.26,2.37,2.37,2267,1.34,35395,-910,04-JUN-2026
OPTSTK,DEMOSTK,25-JUN-2026,1700,PE,225.37,225.61,224.34,225.25,225.25,2790,157.11,2417,-2522,04-JUN-2026
OPTSTK,DEMOSTK,25-JUN-2026,1300,CE,185.09,185.34,184.99,185.08,185.08,576,26.65,14234,-375,05-JUN-2026
OPTSTK,DEMOSTK,25-JUN-2026,1300,PE,4.26,7.59,2.34,4.85,4.85,154,0.19,3422,-4773,05-JUN-2026
OPTSTK,DEMOSTK,25-JUN-2026,1320,CE,161.57,164.19,158.76,163.15,163.15,1889,77.05,22371,-4864,05-JUN-2026
OPTSTK,DEMOSTK,25-JUN-2026,1320,PE,3.96,7.55,2.79,5.92,5.92,359,0.53,3915,1850,05-JUN-2026
OPTSTK,DEMOSTK,25-JUN-2026,1340,CE,143.37,146.16,141.69,143.47,143.47,2663,95.52,41952,2531,05-JUN-2026
OPTSTK,DEMOSTK,25-JUN-2026,1340,PE,7.35,9.45,6.0,6.8,6.8,2208,3.75,6982,-4113,05-JUN-2026
OPTSTK,DEMOSTK,25-JUN-2026,1360,CE,124.28,124.5,122.52,122.86,122.86,2144,65.85,14739,-2731,05-JUN-2026
OPTSTK,DEMOSTK,25-JUN-2026,1360,PE,8.47,11.51,7.76,8.95,8.95,1274,2.85,35514,-1337,05-JUN-2026
OPTSTK,DEMOSTK,25-JUN-2026,1380,CE,106.39,110.63,103.46,108.34,108.34,1761,47.7,43898,4789,05-JUN-2026
OPTSTK,DEMOSTK,25-JUN-2026,1380,PE,5.08,6.96,3.3,5.2,5.2,2300,2.99,38164,-4686,05-JUN-2026
OPTSTK,DEMOSTK,25-JUN-2026,1400,CE,88.52,88.83,87.55,88.74,88.74,2027,44.97,39336,-4811,05-JUN-2026
OPTSTK,DEMOSTK,25-JUN-2026,1400,PE,8.61,10.4,6.82,9.5,9.5,1076,2.56,33940,-3126,05-JUN-2026
OPTSTK,DEMOSTK,25-JUN-2026,1420,CE,67.82,70.03,65.28,66.27,66.27,2238,37.08,11093,1968,05-JUN-2026
OPTSTK,DEMOSTK,25-JUN-2026,1420,PE,13.22,16.57,11.94,14.06,14.06,826,2.9,30507,4289,05-JUN-2026
OPTSTK,DEMOSTK,25-JUN-2026,1440,CE,55.01,55.54,52.43,55.31,55.31,1767,24.43,30744,-3019,05-JUN-2026
OPTSTK,DEMOSTK,25-JUN-2026,1440,PE,11.94,14.12,9.74,12.45,12.45,2446,7.61,40511,1295,05-JUN-2026
OPTSTK,DEMOSTK,25-JUN-2026,1460,CE,36.19,37.82,34.41,37.67,37.67,1601,15.08,19316,-238,05-JUN-2026
OPTSTK,DEMOSTK,25-JUN-2026,1460,PE,16.47,20.26,16.1,17.6,17.6,1557,6.85,35826,1130,05-JUN-2026
OPTSTK,DEMOSTK,25-JUN-2026,1480,CE,15.64,16.84,14.96,14.99,14.99,1538,5.76,42222,3538,05-JUN-2026
OPTSTK,DEMOSTK,25-JUN-2026,1480,PE,3.39,7.53,2.73,4.59,4.59,1485,1.7,3309,3479,05-JUN-2026
OPTSTK,DEMOSTK,25-JUN-2026,1500,CE,6.09,7.56,3.19,4.55,4.55,2884,3.28,17998,3893,05-JUN-2026
OPTSTK,DEMOSTK,25-JUN-2026,1500,PE,30.91,33.17,28.04,29.28,29.28,1439,10.53,15824,-1197,05-JUN-2026
OPTSTK,DEMOSTK,25-JUN-2026,1520,CE,7.58,9.17,4.71,5.59,5.59,1543,2.16,15779,1002,05-JUN-2026
OPTSTK,DEMOSTK,25-JUN-2026,1520,PE,43.14,47.53,40.94,44.6,44.6,1523,16.98,13828,-3217,05-JUN-2026
OPTSTK,DEMOSTK,25-JUN-2026,1540,CE,6.85,9.65,5.75,8.8,8.8,2975,6.55,37135,-1978,05-JUN-2026
OPTSTK,DEMOSTK,25-JUN-2026,1540,PE,73.52,75.07,73.49,73.76,73.76,2410,44.44,48884,-1090,05-JUN-2026
OPTSTK,DEMOSTK,25-JUN-2026,1560,CE,9.72,10.43,5.32,8.28,8.28,594,1.23,40980,4422,05-JUN-2026
OPTSTK,DEMOSTK,25-JUN-2026,1560,PE,81.61,84.34,79.56,82.33,82.33,150,3.09,20600,-4257,05-JUN-2026
OPTSTK,DEMOSTK,25-JUN-2026,1580,CE,6.23,6.25,3.43,4.94,4.94,2129,2.63,11369,340,05-JUN-2026
OPTSTK,DEMOSTK,25-JUN-2026,1580,PE,106.37,109.77,105.86,107.54,107.54,873,23.47,21454,-3454,05-JUN-2026
OPTSTK,DEMOSTK,25-JUN-2026,1600,CE,4.65,6.34,0.76,2.89,2.89,2293,1.66,25554,1451,05-JUN-2026
OPTSTK,DEMOSTK,25-JUN-2026,1600,PE,123.33,126.27,122.98,124.86,124.86,1389,43.36,31055,-2139,05-JUN-2026
OPTSTK,DEMOSTK,25-JUN-2026,1620,CE,6.64,7.99,3.24,5.14,5.14,2037,2.62,47638,1936,05-JUN-2026
OPTSTK,DEMOSTK,25-JUN-2026,1620,PE,142.22,144.34,141.2,143.4,143.4,1075,38.54,45288,-4758,05-JUN-2026
OPTSTK,DEMOSTK,25-JUN-2026,1640,CE,1.1,3.75,1.0,1.55,1.55,2442,0.95,41300,-1850,05-JUN-2026
OPTSTK,DEMOSTK,25-JUN-2026,1640,PE,165.04,166.3,164.57,165.76,165.76,1916,79.4,4434,-1724,05-JUN-2026
OPTSTK,DEMOSTK,25-JUN-2026,1660,CE,4.23,7.64,3.51,5.66,5.66,2825,4.0,19749,-2628,05-JUN-2026
OPTSTK,DEMOSTK,25-JUN-2026,1660,PE,182.26,185.2,179.36,181.03,181.03,1383,62.59,9097,1193,05-JUN-2026
OPTSTK,DEMOSTK,25-JUN-2026,1680,CE,1.4,2.1,0.05,0.87,0.87,679,0.15,24683,518,05-JUN-2026
OPTSTK,DEMOSTK,25-JUN-2026,1680,PE,201.61,202.61,199.61,201.02,201.02,2293,115.23,28598,2283,05-JUN-2026
OPTSTK,DEMOSTK,25-JUN-2026,1700,CE,2.62,4.83,0.05,1.42,1.42,1299,0.46,28228,-3782,05-JUN-2026
OPTSTK,DEMOSTK,25-JUN-2026,1700,PE,221.52,223.4,220.19,220.45,220.45,2340,128.96,25725,-106,05-JUN-2026
OPTSTK,DEMOSTK,25-JUN-2026,1300,CE,189.92,190.29,187.61,189.94,189.94,1795,85.24,36271,4211,08-JUN-2026
OPTSTK,DEMOSTK,25-JUN-2026,1300,PE,4.33,5.89,2.09,3.42,3.42,2209,1.89,38436,-4457,08-JUN-2026
OPTSTK,DEMOSTK,25-JUN-2026,1320,CE,171.64,175.35,169.99,173.04,173.04,1366,59.09,15072,-2921,08-JUN-2026
OPTSTK,DEMOSTK,25-JUN-2026,1320,PE,5.28,7.75,4.36,4.37,4.37,676,0.74,15596,-1822,08-JUN-2026
OPTSTK,DEMOSTK,25-JUN-2026,1340,CE,151.86,152.7,151.38,152.59,152.59,1145,43.68,4815,-671,08-JUN-2026
OPTSTK,DEMOSTK,25-JUN-2026,1340,PE,3.94,4.12,2.66,3.94,3.94,2432,2.4,23076,2092,08-JUN-2026
OPTSTK,DEMOSTK,25-JUN-2026,1360,CE,129.7,129.84,126.15,129.07,129.07,877,28.3,46474,-2468,08-JUN-2026
OPTSTK,DEMOSTK,25-JUN-2026,1360,PE,2.45,3.87,1.91,2.6,2.6,1672,1.09,23844,-3962,08-JUN-2026
OPTSTK,DEMOSTK,25-JUN-2026,1380,CE,112.68,114.37,110.14,113.4,113.4,2156,61.12,12512,-2638,08-JUN-2026
OPTSTK,DEMOSTK,25-JUN-2026,1380,PE,9.87,11.89,5.35,8.03,8.03,864,1.73,9041,707,08-JUN-2026
OPTSTK,DEMOSTK,25-JUN-2026,1400,CE,90.59,90.78,86.6,89.11,89.11,836,18.62,45296,3666,08-JUN-2026
OPTSTK,DEMOSTK,25-JUN-2026,1400,PE,8.03,10.46,5.0,6.3,6.3,2981,4.7,4539,2046,08-JUN-2026
OPTSTK,DEMOSTK,25-JUN-2026,1420,CE,78.87,80.77,76.03,79.25,79.25,771,15.28,46803,-4357,08-JUN-2026
OPTSTK,DEMOSTK,25-JUN-2026,1420,PE,9.02,10.45,6.74,7.49,7.49,2785,5.21,8098,4025,08-JUN-2026
OPTSTK,DEMOSTK,25-JUN-2026,1440,CE,51.05,53.33,48.5,52.83,52.83,693,9.15,28671,2593,08-JUN-2026
OPTSTK,DEMOSTK,25-JUN-2026,1440,PE,5.31,5.47,1.62,3.6,3.6,2237,2.01,40100,-1285,08-JUN-2026
OPTSTK,DEMOSTK,25-JUN-2026,1460,CE,37.29,38.1,34.64,36.03,36.03,273,2.46,27368,2720,08-JUN-2026
OPTSTK,DEMOSTK,25-JUN-2026,1460,PE,10.75,12.85,9.74,11.38,11.38,1341,3.82,12457,-3078,08-JUN-2026
OPTSTK,DEMOSTK,25-JUN-2026,1480,CE,18.68,22.5,16.54,20.01,20.01,450,2.25,36425,-3866,08-JUN-2026
OPTSTK,DEMOSTK,25-JUN-2026,1480,PE,2.9,4.5,0.76,3.47,3.47,1491,1.29,46536,1159,08-JUN-2026
OPTSTK,DEMOSTK,25-JUN-2026,1500,CE,9.06,9.51,6.63,7.31,7.31,1856,3.39,18081,4975,08-JUN-2026
OPTSTK,DEMOSTK,25-JUN-2026,1500,PE,26.3,28.53,23.99,24.96,24.96,2426,15.14,24262,161,08-JUN-2026
OPTSTK,DEMOSTK,25-JUN-2026,1520,CE,8.53,9.04,4.41,7.28,7.28,1388,2.53,6999,-1170,08-JUN-2026
OPTSTK,DEMOSTK,25-JUN-2026,1520,PE,45.2,48.54,43.66,45.63,45.63,113,1.29,28931,-1285,08-JUN-2026
OPTSTK,DEMOSTK,25-JUN-2026,1540,CE,4.71,7.58,2.24,6.11,6.11,907,1.39,22195,-2604,08-JUN-2026
OPTSTK,DEMOSTK,25-JUN-2026,1540,PE,62.97,63.04,61.07,62.6,62.6,1286,20.13,43439,3771,08-JUN-2026
OPTSTK,DEMOSTK,25-JUN-2026,1560,CE,11.07,14.05,10.39,10.51,10.51,1791,4.71,36821,-1763,08-JUN-2026
OPTSTK,DEMOSTK,25-JUN-2026,1560,PE,80.32,81.79,78.2,79.01,79.01,1681,33.2,2123,-1244,08-JUN-2026
OPTSTK,DEMOSTK,25-JUN-2026,1580,CE,3.49,6.42,1.59,4.48,4.48,925,1.04,47597,-3201,08-JUN-2026
OPTSTK,DEMOSTK,25-JUN-2026,1580,PE,92.85,97.29,90.06,94.63,94.63,2696,63.78,49557,4320,08-JUN-2026
OPTSTK,DEMOSTK,25-JUN-2026,1600,CE,1.29,3.63,0.05,2.69,2.69,1494,1.0,29566,-635,08-JUN-2026
OPTSTK,DEMOSTK,25-JUN-2026,1600,PE,115.54,116.81,112.96,115.39,115.39,245,7.07,41624,-3658,08-JUN-2026
OPTSTK,DEMOSTK,25-JUN-2026,1620,CE,1.53,5.35,0.76,2.36,2.36,2979,1.76,45110,-565,08-JUN-2026
OPTSTK,DEMOSTK,25-JUN-2026,1620,PE,135.44,139.6,132.83,136.81,136.81,2050,70.12,18552,-4144,08-JUN-2026
OPTSTK,DEMOSTK,25-JUN-2026,1640,CE,2.84,2.99,1.1,2.89,2.89,2589,1.87,19020,-2699,08-JUN-2026
OPTSTK,DEMOSTK,25-JUN-2026,1640,PE,152.83,154.38,152.77,153.6,153.6,2650,101.76,33944,-47,08-JUN-2026
OPTSTK,DEMOSTK,25-JUN-2026,1660,CE,0.51,3.12,0.05,1.44,1.44,2645,0.95,30723,-8,08-JUN-2026
OPTSTK,DEMOSTK,25-JUN-2026,1660,PE,175.92,177.67,174.09,174.85,174.85,563,24.61,36784,-1563,08-JUN-2026
OPTSTK,DEMOSTK,25-JUN-2026,1680,CE,5.19,7.64,0.92,3.39,3.39,2466,2.09,30255,-979,08-JUN-2026
OPTSTK,DEMOSTK,25-JUN-2026,1680,PE,195.34,197.69,192.1,193.39,193.39,2455,118.69,36988,-4409,08-JUN-2026
OPTSTK,DEMOSTK,25-JUN-2026,1700,CE,-1.04,1.11,0.05,0.51,0.51,408,0.05,24761,-2341,08-JUN-2026
OPTSTK,DEMOSTK,25-JUN-2026,1700,PE,214.92,215.66,212.39,214.27,214.27,2055,110.08,6469,-3406,08-JUN-2026
OPTSTK,DEMOSTK,25-JUN-2026,1300,CE,195.21,197.68,193.0,195.13,195.13,2491,121.52,20158,2608,09-JUN-2026
OPTSTK,DEMOSTK,25-JUN-2026,1300,PE,2.24,3.9,2.07,2.95,2.95,1004,0.74,35294,3985,09-JUN-2026
OPTSTK,DEMOSTK,25-JUN-2026,1320,CE,173.25,173.82,171.94,173.24,173.24,2995,129.71,34175,1015,09-JUN-2026
OPTSTK,DEMOSTK,25-JUN-2026,1320,PE,0.51,4.27,0.05,1.36,1.36,810,0.28,47102,4989,09-JUN-2026
OPTSTK,DEMOSTK,25-JUN-2026,1340,CE,155.67,156.41,151.44,154.02,154.02,267,10.28,10197,3603,09-JUN-2026
OPTSTK,DEMOSTK,25-JUN-2026,1340,PE,6.39,6.6,2.27,4.52,4.52,634,0.72,43292,-4040,09-JUN-2026
OPTSTK,DEMOSTK,25-JUN-2026,1360,CE,137.64,139.39,135.26,137.25,137.25,59,2.02,1849,3174,09-JUN-2026
OPTSTK,DEMOSTK,25-JUN-2026,1360,PE,0.18,3.21,0.05,1.99,1.99,836,0.42,12433,4952,09-JUN-2026
OPTSTK,DEMOSTK,25-JUN-2026,1380,CE,114.66,115.09,112.17,114.13,114.13,579,16.52,13908,3870,09-JUN-2026
OPTSTK,DEMOSTK,25-JUN-2026,1380,PE,3.01,5.19,0.05,3.21,3.21,2299,1.84,45926,-3095,09-JUN-2026
OPTSTK,DEMOSTK,25-JUN-2026,1400,CE,101.3,102.6,97.42,100.34,100.34,1683,42.22,5142,-130,09-JUN-2026
OPTSTK,DEMOSTK,25-JUN-2026,1400,PE,6.31,9.06,3.79,6.13,6.13,1030,1.58,2410,1275,09-JUN-2026
OPTSTK,DEMOSTK,25-JUN-2026,1420,CE,79.38,79.9,77.28,79.4,79.4,1925,38.21,30778,2769,09-JUN-2026
OPTSTK,DEMOSTK,25-JUN-2026,1420,PE,1.51,2.95,0.05,2.9,2.9,622,0.45,12321,4232,09-JUN-2026
OPTSTK,DEMOSTK,25-JUN-2026,1440,CE,53.74,57.15,51.56,54.61,54.61,484,6.61,45158,-3998,09-JUN-2026
OPTSTK,DEMOSTK,25-JUN-2026,1440,PE,9.37,11.23,8.14,10.54,10.54,2500,6.59,13916,4360,09-JUN-2026
OPTSTK,DEMOSTK,25-JUN-2026,1460,CE,40.22,43.33,39.77,41.15,41.15,489,5.03,28894,-4846,09-JUN-2026
OPTSTK,DEMOSTK,25-JUN-2026,1460,PE,2.73,5.61,0.05,3.11,3.11,819,0.64,14785,-4588,09-JUN-2026
OPTSTK,DEMOSTK,25-JUN-2026,1480,CE,21.51,23.4,18.77,21.9,21.9,1964,10.75,25324,-4006,09-JUN-2026
OPTSTK,DEMOSTK,25-JUN-2026,1480,PE,6.57,7.17,3.38,4.87,4.87,2661,3.24,26173,2241,09-JUN-2026
OPTSTK,DEMOSTK,25-JUN-2026,1500,CE,5.94,6.84,3.29,4.2,4.2,341,0.36,25189,191,09-JUN-2026
OPTSTK,DEMOSTK,25-JUN-2026,1500,PE,18.82,20.67,15.32,17.25,17.25,1799,7.76,3851,2369,09-JUN-2026
OPTSTK,DEMOSTK,25-JUN-2026,1520,CE,10.41,11.66,8.14,10.07,10.07,1285,3.23,12823,-1450,09-JUN-2026
OPTSTK,DEMOSTK,25-JUN-2026,1520,PE,38.2,39.6,35.51,37.47,37.47,1769,16.57,5087,4662,09-JUN-2026
OPTSTK,DEMOSTK,25-JUN-2026,1540,CE,4.49,5.49,2.4,3.55,3.55,1821,1.62,23335,2660,09-JUN-2026
OPTSTK,DEMOSTK,25-JUN-2026,1540,PE,58.47,59.87,55.31,56.56,56.56,1135,16.05,12450,-1296,09-JUN-2026
OPTSTK,DEMOSTK,25-JUN-2026,1560,CE,8.4,11.91,5.77,9.74,9.74,1535,3.74,35381,1541,09-JUN-2026
OPTSTK,DEMOSTK,25-JUN-2026,1560,PE,75.79,76.18,73.11,74.32,74.32,188,3.49,31519,2347,09-JUN-2026
OPTSTK,DEMOSTK,25-JUN-2026,1580,CE,5.61,8.66,4.45,5.75,5.75,1303,1.87,5470,-2748,09-JUN-2026
OPTSTK,DEMOSTK,25-JUN-2026,1580,PE,97.04,98.33,95.65,96.74,96.74,259,6.26,2381,-3226,09-JUN-2026
OPTSTK,DEMOSTK,25-JUN-2026,1600,CE,6.34,6.49,3.19,4.6,4.6,1151,1.32,43230,3774,09-JUN-2026
OPTSTK,DEMOSTK,25-JUN-2026,1600,PE,109.47,112.61,106.49,110.57,110.57,515,14.24,44575,-1108,09-JUN-2026
OPTSTK,DEMOSTK,25-JUN-2026,1620,CE,2.6,4.93,1.68,4.45,4.45,2885,3.21,31834,-2826,09-JUN-2026
OPTSTK,DEMOSTK,25-JUN-2026,1620,PE,129.52,130.92,129.24,130.34,130.34,1160,37.8,33347,-1867,09-JUN-2026
OPTSTK,DEMOSTK,25-JUN-2026,1640,CE,3.75,7.43,3.28,4.59,4.59,1440,1.65,26092,25,09-JUN-2026
OPTSTK,DEMOSTK,25-JUN-2026,1640,PE,150.74,153.36,148.02,150.07,150.07,2745,102.99,17627,-593,09-JUN-2026
OPTSTK,DEMOSTK,25-JUN-2026,1660,CE,4.63,6.59,3.32,3.32,3.32,2142,1.78,34863,-1683,09-JUN-2026
OPTSTK,DEMOSTK,25-JUN-2026,1660,PE,170.22,172.88,168.38,172.12,172.12,2497,107.45,1505,2465,09-JUN-2026
OPTSTK,DEMOSTK,25-JUN-2026,1680,CE,0.54,4.33,0.05,1.79,1.79,1910,0.85,20685,-4152,09-JUN-2026
OPTSTK,DEMOSTK,25-JUN-2026,1680,PE,187.33,190.35,186.83,188.92,188.92,2132,100.69,10262,-1757,09-JUN-2026
OPTSTK,DEMOSTK,25-JUN-2026,1700,CE,3.32,5.82,1.2,3.0,3.0,534,0.4,28445,-2424,09-JUN-2026
OPTSTK,DEMOSTK,25-JUN-2026,1700,PE,206.38,208.84,205.7,208.37,208.37,2073,107.99,34539,-1999,09-JUN-2026
OPTSTK,DEMOSTK,25-JUN-2026,1300,CE,197.53,198.98,195.02,198.76,198.76,2797,138.98,16870,-66,10-JUN-2026
OPTSTK,DEMOSTK,25-JUN-2026,1300,PE,1.52,4.3,0.05,2.83,2.83,2511,1.78,24893,-3922,10-JUN-2026
OPTSTK,DEMOSTK,25-JUN-2026,1320,CE,182.59,183.53,180.64,181.84,181.84,961,43.69,20691,-4215,10-JUN-2026
OPTSTK,DEMOSTK,25-JUN-2026,1320,PE,2.4,5.08,1.27,1.53,1.53,2795,1.07,28656,1221,10-JUN-2026
OPTSTK,DEMOSTK,25-JUN-2026,1340,CE,162.68,163.49,162.05,162.46,162.46,2512,102.02,30677,-4582,10-JUN-2026
OPTSTK,DEMOSTK,25-JUN-2026,1340,PE,3.99,4.01,2.85,3.52,3.52,1104,0.97,32660,1461,10-JUN-2026
OPTSTK,DEMOSTK,25-JUN-2026,1360,CE,145.03,147.3,142.61,144.52,144.52,647,23.38,1882,-818,10-JUN-2026
OPTSTK,DEMOSTK,25-JUN-2026,1360,PE,-0.01,2.89,0.05,1.23,1.23,1584,0.49,22902,158,10-JUN-2026
OPTSTK,DEMOSTK,25-JUN-2026,1380,CE,123.28,126.27,121.65,123.66,123.66,846,26.15,1548,2243,10-JUN-2026
OPTSTK,DEMOSTK,25-JUN-2026,1380,PE,5.45,8.87,4.59,6.06,6.06,154,0.23,29047,469,10-JUN-2026
OPTSTK,DEMOSTK,25-JUN-2026,1400,CE,103.77,105.77,101.18,102.5,102.5,2756,70.62,29774,2922,10-JUN-2026
OPTSTK,DEMOSTK,25-JUN-2026,1400,PE,2.59,5.77,0.88,3.81,3.81,244,0.23,38449,-2348,10-JUN-2026
OPTSTK,DEMOSTK,25-JUN-2026,1420,CE,82.51,85.25,79.47,81.63,81.63,1546,31.55,20369,-3752,10-JUN-2026
OPTSTK,DEMOSTK,25-JUN-2026,1420,PE,9.03,9.23,6.29,8.08,8.08,2533,5.12,11907,-1190,10-JUN-2026
OPTSTK,DEMOSTK,25-JUN-2026,1440,CE,67.83,69.55,65.8,66.5,66.5,1645,27.35,17694,-1146,10-JUN-2026
OPTSTK,DEMOSTK,25-JUN-2026,1440,PE,7.78,10.1,6.41,6.53,6.53,1362,2.22,42818,-642,10-JUN-2026
OPTSTK,DEMOSTK,25-JUN-2026,1460,CE,47.72,50.66,44.53,47.22,47.22,1998,23.59,20931,1120,10-JUN-2026
OPTSTK,DEMOSTK,25-JUN-2026,1460,PE,12.24,14.99,7.91,10.46,10.46,1984,5.19,4675,1558,10-JUN-2026
OPTSTK,DEMOSTK,25-JUN-2026,1480,CE,21.54,23.33,21.14,22.98,22.98,1356,7.79,4294,-163,10-JUN-2026
OPTSTK,DEMOSTK,25-JUN-2026,1480,PE,12.76,15.13,12.71,13.23,13.23,2743,9.07,2020,4734,10-JUN-2026
OPTSTK,DEMOSTK,25-JUN-2026,1500,CE,11.55,11.64,8.71,11.38,11.38,525,1.49,7647,-1991,10-JUN-2026
OPTSTK,DEMOSTK,25-JUN-2026,1500,PE,16.41,18.32,15.46,16.1,16.1,175,0.7,21824,-2030,10-JUN-2026
OPTSTK,DEMOSTK,25-JUN-2026,1520,CE,11.18,13.46,11.0,11.32,11.32,1008,2.85,27279,4265,10-JUN-2026
OPTSTK,DEMOSTK,25-JUN-2026,1520,PE,32.17,34.75,30.09,31.69,31.69,317,2.51,11855,2795,10-JUN-2026
OPTSTK,DEMOSTK,25-JUN-2026,1540,CE,8.37,10.68,8.19,9.72,9.72,1810,4.4,49469,3375,10-JUN-2026
OPTSTK,DEMOSTK,25-JUN-2026,1540,PE,51.75,51.84,48.62,49.82,49.82,1023,12.74,39350,-4052,10-JUN-2026
OPTSTK,DEMOSTK,25-JUN-2026,1560,CE,1.06,4.17,0.05,1.74,1.74,1588,0.69,46859,-2264,10-JUN-2026
OPTSTK,DEMOSTK,25-JUN-2026,1560,PE,71.0,74.53,70.9,72.63,72.63,1377,25.0,36890,3748,10-JUN-2026
OPTSTK,DEMOSTK,25-JUN-2026,1580,CE,6.22,9.88,4.39,7.41,7.41,2045,3.79,31917,-2126,10-JUN-2026
OPTSTK,DEMOSTK,25-JUN-2026,1580,PE,84.74,86.77,82.31,85.65,85.65,2490,53.32,41297,-439,10-JUN-2026
OPTSTK,DEMOSTK,25-JUN-2026,1600,CE,9.05,11.36,5.09,8.0,8.0,2518,5.04,49165,4995,10-JUN-2026
OPTSTK,DEMOSTK,25-JUN-2026,1600,PE,107.52,108.96,103.53,105.55,105.55,1702,44.91,45445,3568,10-JUN-2026
OPTSTK,DEMOSTK,25-JUN-2026,1620,CE,6.26,8.74,4.12,5.7,5.7,2099,2.99,11383,-1760,10-JUN-2026
OPTSTK,DEMOSTK,25-JUN-2026,1620,PE,129.26,129.4,126.93,127.31,127.31,1929,61.4,30004,4740,10-JUN-2026
OPTSTK,DEMOSTK,25-JUN-2026,1640,CE,6.57,7.63,4.0,5.55,5.55,1676,2.33,1328,-3670,10-JUN-2026
OPTSTK,DEMOSTK,25-JUN-2026,1640,PE,143.87,147.36,142.29,145.14,145.14,2335,84.73,33179,-3325,10-JUN-2026
OPTSTK,DEMOSTK,25-JUN-2026,1660,CE,2.92,4.7,2.88,3.68,3.68,1153,1.06,25717,32,10-JUN-2026
OPTSTK,DEMOSTK,25-JUN-2026,1660,PE,162.58,165.23,162.13,163.75,163.75,1384,56.66,21766,-3277,10-JUN-2026
OPTSTK,DEMOSTK,25-JUN-2026,1680,CE,4.12,5.08,2.14,2.18,2.18,2247,1.22,49232,-4026,10-JUN-2026
OPTSTK,DEMOSTK,25-JUN-2026,1680,PE,183.67,184.36,180.82,182.93,182.93,1856,84.88,32794,-2237,10-JUN-2026
OPTSTK,DEMOSTK,25-JUN-2026,1700,CE,0.59,3.77,0.05,1.07,1.07,1874,0.5,22009,-1524,10-JUN-2026
OPTSTK,DEMOSTK,25-JUN-2026,1700,PE,204.47,206.27,201.58,203.03,203.03,2030,103.04,25506,4893,10-JUN-2026
OPTSTK,DEMOSTK,25-JUN-2026,1300,CE,201.22,203.85,200.5,203.12,203.12,880,44.69,41230,222,11-JUN-2026
OPTSTK,DEMOSTK,25-JUN-2026,1300,PE,2.26,2.93,0.05,0.67,0.67,1893,0.32,34776,-687,11-JUN-2026
OPTSTK,DEMOSTK,25-JUN-2026,1320,CE,185.23,186.8,182.58,184.05,184.05,2964,136.38,4995,2770,11-JUN-2026
OPTSTK,DEMOSTK,25-JUN-2026,1320,PE,0.2,3.38,0.05,0.97,0.97,702,0.17,39698,-4701,11-JUN-2026
OPTSTK,DEMOSTK,25-JUN-2026,1340,CE,163.46,167.17,161.91,165.18,165.18,1457,60.17,28444,-3833,11-JUN-2026
OPTSTK,DEMOSTK,25-JUN-2026,1340,PE,2.9,6.98,2.38,4.18,4.18,1576,1.65,25963,-2444,11-JUN-2026
OPTSTK,DEMOSTK,25-JUN-2026,1360,CE,146.44,148.83,143.55,145.7,145.7,1031,37.55,23109,4779,11-JUN-2026
OPTSTK,DEMOSTK,25-JUN-2026,1360,PE,7.0,9.37,3.53,5.62,5.62,1785,2.51,46701,2267,11-JUN-2026
OPTSTK,DEMOSTK,25-JUN-2026,1380,CE,122.07,124.4,120.11,123.45,123.45,183,5.65,42208,910,11-JUN-2026
OPTSTK,DEMOSTK,25-JUN-2026,1380,PE,0.48,2.54,0.05,1.71,1.71,2991,1.28,15976,1519,11-JUN-2026
OPTSTK,DEMOSTK,25-JUN-2026,1400,CE,104.73,106.5,100.54,103.3,103.3,2980,76.96,33269,-2869,11-JUN-2026
OPTSTK,DEMOSTK,25-JUN-2026,1400,PE,5.67,8.28,3.6,3.68,3.68,649,0.6,32793,-561,11-JUN-2026
OPTSTK,DEMOSTK,25-JUN-2026,1420,CE,86.38,89.27,83.22,84.38,84.38,563,11.88,3714,35,11-JUN-2026
OPTSTK,DEMOSTK,25-JUN-2026,1420,PE,4.74,7.04,3.2,4.22,4.22,1996,2.11,6837,-4914,11-JUN-2026
OPTSTK,DEMOSTK,25-JUN-2026,1440,CE,65.6,66.53,62.31,64.42,64.42,1808,29.12,41415,-602,11-JUN-2026
OPTSTK,DEMOSTK,25-JUN-2026,1440,PE,2.37,6.02,1.6,4.02,4.02,887,0.89,41381,2591,11-JUN-2026
OPTSTK,DEMOSTK,25-JUN-2026,1460,CE,49.46,52.1,47.7,49.91,49.91,158,1.97,29891,1418,11-JUN-2026
OPTSTK,DEMOSTK,25-JUN-2026,1460,PE,6.14,8.51,4.33,7.62,7.62,2022,3.85,40387,3762,11-JUN-2026
OPTSTK,DEMOSTK,25-JUN-2026,1480,CE,27.48,29.87,24.94,25.61,25.61,1558,9.98,3198,1018,11-JUN-2026
OPTSTK,DEMOSTK,25-JUN-2026,1480,PE,9.02,12.63,6.87,10.15,10.15,2362,5.99,4354,-1023,11-JUN-2026
OPTSTK,DEMOSTK,25-JUN-2026,1500,CE,10.45,13.71,7.97,12.43,12.43,1417,4.4,46814,-2701,11-JUN-2026
OPTSTK,DEMOSTK,25-JUN-2026,1500,PE,5.8,8.76,3.76,5.94,5.94,1826,2.71,41007,1485,11-JUN-2026
OPTSTK,DEMOSTK,25-JUN-2026,1520,CE,2.29,4.34,0.05,3.68,3.68,94,0.09,8298,-3947,11-JUN-2026
OPTSTK,DEMOSTK,25-JUN-2026,1520,PE,26.23,26.68,25.48,26.59,26.59,2714,18.04,45188,-4681,11-JUN-2026
OPTSTK,DEMOSTK,25-JUN-2026,1540,CE,2.09,3.17,0.12,2.25,2.25,2629,1.48,10138,-2860,11-JUN-2026
OPTSTK,DEMOSTK,25-JUN-2026,1540,PE,47.6,50.54,47.18,48.12,48.12,2127,25.59,25453,1798,11-JUN-2026
OPTSTK,DEMOSTK,25-JUN-2026,1560,CE,8.61,11.04,7.0,10.07,10.07,497,1.25,4990,4544,11-JUN-2026
OPTSTK,DEMOSTK,25-JUN-2026,1560,PE,61.08,63.22,60.13,62.17,62.17,2797,43.47,20840,-4249,11-JUN-2026
OPTSTK,DEMOSTK,25-JUN-2026,1580,CE,0.23,4.12,0.05,1.65,1.65,982,0.41,12616,-3767,11-JUN-2026
OPTSTK,DEMOSTK,25-JUN-2026,1580,PE,84.5,87.53,82.14,85.1,85.1,1362,28.98,31619,-4223,11-JUN-2026
OPTSTK,DEMOSTK,25-JUN-2026,1600,CE,8.25,10.93,4.53,6.47,6.47,2572,4.16,13940,847,11-JUN-2026
OPTSTK,DEMOSTK,25-JUN-2026,1600,PE,101.45,103.85,99.83,102.06,102.06,389,9.93,7030,1982,11-JUN-2026
OPTSTK,DEMOSTK,25-JUN-2026,1620,CE,3.07,5.49,1.59,3.71,3.71,2058,1.91,35706,-1976,11-JUN-2026
OPTSTK,DEMOSTK,25-JUN-2026,1620,PE,124.96,127.09,123.64,124.76,124.76,1655,51.62,13229,-361,11-JUN-2026
OPTSTK,DEMOSTK,25-JUN-2026,1640,CE,4.64,6.4,4.39,5.93,5.93,418,0.62,46970,-4170,11-JUN-2026
OPTSTK,DEMOSTK,25-JUN-2026,1640,PE,142.45,143.56,140.43,140.63,140.63,577,20.29,48230,2623,11-JUN-2026
OPTSTK,DEMOSTK,25-JUN-2026,1660,CE,4.13,6.15,1.91,4.94,4.94,1300,1.61,16432,-1354,11-JUN-2026
OPTSTK,DEMOSTK,25-JUN-2026,1660,PE,162.29,162.76,159.84,162.56,162.56,2573,104.57,48646,2368,11-JUN-2026
OPTSTK,DEMOSTK,25-JUN-2026,1680,CE,2.93,5.39,2.59,3.4,3.4,1475,1.25,5042,-4830,11-JUN-2026
OPTSTK,DEMOSTK,25-JUN-2026,1680,PE,179.54,180.77,177.68,179.56,179.56,2481,111.37,18101,-4522,11-JUN-2026
OPTSTK,DEMOSTK,25-JUN-2026,1700,CE,2.39,4.92,0.22,2.59,2.59,1691,1.09,34755,-3219,11-JUN-2026
OPTSTK,DEMOSTK,25-JUN-2026,1700,PE,201.37,202.06,200.14,200.28,200.28,261,13.07,46492,-116,11-JUN-2026
OPTSTK,DEMOSTK,25-JUN-2026,1300,CE,203.5,204.1,199.67,202.3,202.3,2672,135.14,15762,1396,12-JUN-2026
OPTSTK,DEMOSTK,25-JUN-2026,1300,PE,3.06,3.23,1.1,1.6,1.6,2315,0.93,37461,-1237,12-JUN-2026
OPTSTK,DEMOSTK,25-JUN-2026,1320,CE,180.25,184.62,180.04,181.96,181.96,1316,59.86,16269,2113,12-JUN-2026
OPTSTK,DEMOSTK,25-JUN-2026,1320,PE,1.3,3.34,0.58,2.35,2.35,2233,1.31,19865,-448,12-JUN-2026
OPTSTK,DEMOSTK,25-JUN-2026,1340,CE,163.86,164.86,160.98,163.18,163.18,1084,44.22,18147,1902,12-JUN-2026
OPTSTK,DEMOSTK,25-JUN-2026,1340,PE,4.08,5.25,1.93,4.46,4.46,1760,1.96,25266,4066,12-JUN-2026
OPTSTK,DEMOSTK,25-JUN-2026,1360,CE,143.98,147.63,143.08,144.65,144.65,200,7.23,35114,-4937,12-JUN-2026
OPTSTK,DEMOSTK,25-JUN-2026,1360,PE,2.61,5.13,0.05,4.39,4.39,376,0.41,27783,952,12-JUN-2026
OPTSTK,DEMOSTK,25-JUN-2026,1380,CE,122.15,124.09,120.03,121.35,121.35,2552,77.42,40023,-750,12-JUN-2026
OPTSTK,DEMOSTK,25-JUN-2026,1380,PE,3.26,5.62,2.33,4.42,4.42,1765,1.95,39093,4453,12-JUN-2026
OPTSTK,DEMOSTK,25-JUN-2026,1400,CE,104.08,104.34,101.11,104.05,104.05,1793,46.64,22693,-2157,12-JUN-2026
OPTSTK,DEMOSTK,25-JUN-2026,1400,PE,5.93,9.12,4.66,6.75,6.75,527,0.89,25544,4409,12-JUN-2026
OPTSTK,DEMOSTK,25-JUN-2026,1420,CE,85.86,87.1,85.76,86.83,86.83,1977,42.92,31904,2097,12-JUN-2026
OPTSTK,DEMOSTK,25-JUN-2026,1420,PE,5.51,6.69,3.77,6.3,6.3,831,1.31,6009,4746,12-JUN-2026
OPTSTK,DEMOSTK,25-JUN-2026,1440,CE,68.76,70.34,65.41,68.4,68.4,1440,24.62,4183,2368,12-JUN-2026
OPTSTK,DEMOSTK,25-JUN-2026,1440,PE,2.09,4.51,0.88,4.04,4.04,2190,2.21,35283,1603,12-JUN-2026
OPTSTK,DEMOSTK,25-JUN-2026,1460,CE,42.78,43.29,42.63,43.25,43.25,2962,32.03,22144,-4461,12-JUN-2026
OPTSTK,DEMOSTK,25-JUN-2026,1460,PE,4.29,6.91,3.82,4.71,4.71,2866,3.37,1289,-2716,12-JUN-2026
OPTSTK,DEMOSTK,25-JUN-2026,1480,CE,29.9,30.32,26.33,29.11,29.11,1618,11.77,36826,-34,12-JUN-2026
OPTSTK,DEMOSTK,25-JUN-2026,1480,PE,7.35,10.78,6.29,8.85,8.85,1425,3.15,48383,128,12-JUN-2026
OPTSTK,DEMOSTK,25-JUN-2026,1500,CE,5.59,7.13,4.89,5.49,5.49,2150,2.95,8952,-4624,12-JUN-2026
OPTSTK,DEMOSTK,25-JUN-2026,1500,PE,2.43,3.42,1.75,3.31,3.31,901,0.75,35306,3097,12-JUN-2026
OPTSTK,DEMOSTK,25-JUN-2026,1520,CE,5.94,5.96,3.41,4.32,4.32,974,1.05,49912,-818,12-JUN-2026
OPTSTK,DEMOSTK,25-JUN-2026,1520,PE,26.64,27.62,24.81,25.19,25.19,1913,12.05,6648,-2505,12-JUN-2026
OPTSTK,DEMOSTK,25-JUN-2026,1540,CE,4.39,4.75,2.47,2.82,2.82,1250,0.88,35176,2295,12-JUN-2026
OPTSTK,DEMOSTK,25-JUN-2026,1540,PE,48.58,51.06,47.4,48.94,48.94,2394,29.29,5244,-2207,12-JUN-2026
OPTSTK,DEMOSTK,25-JUN-2026,1560,CE,1.95,3.55,0.05,2.63,2.63,1739,1.14,31227,-3593,12-JUN-2026
OPTSTK,DEMOSTK,25-JUN-2026,1560,PE,70.7,72.3,66.8,68.93,68.93,2965,51.09,43765,-3006,12-JUN-2026
OPTSTK,DEMOSTK,25-JUN-2026,1580,CE,8.27,11.15,3.63,6.28,6.28,416,0.65,6442,1548,12-JUN-2026
OPTSTK,DEMOSTK,25-JUN-2026,1580,PE,85.7,88.28,83.31,84.16,84.16,1862,39.18,6206,-2814,12-JUN-2026
OPTSTK,DEMOSTK,25-JUN-2026,1600,CE,4.69,5.91,2.77,4.19,4.19,2648,2.77,37005,-1604,12-JUN-2026
OPTSTK,DEMOSTK,25-JUN-2026,1600,PE,102.28,106.2,102.16,103.59,103.59,892,23.1,28993,-1879,12-JUN-2026
OPTSTK,DEMOSTK,25-JUN-2026,1620,CE,2.28,3.73,0.05,1.38,1.38,2404,0.83,13149,674,12-JUN-2026
OPTSTK,DEMOSTK,25-JUN-2026,1620,PE,121.99,122.8,119.93,121.08,121.08,559,16.92,14259,-4375,12-JUN-2026
OPTSTK,DEMOSTK,25-JUN-2026,1640,CE,5.09,6.63,3.51,3.84,3.84,1693,1.63,6152,-3383,12-JUN-2026
OPTSTK,DEMOSTK,25-JUN-2026,1640,PE,144.97,145.15,142.18,143.41,143.41,1767,63.35,3145,-764,12-JUN-2026
OPTSTK,DEMOSTK,25-JUN-2026,1660,CE,4.01,4.76,1.18,2.11,2.11,535,0.28,26318,3778,12-JUN-2026
OPTSTK,DEMOSTK,25-JUN-2026,1660,PE,163.02,163.61,161.9,163.6,163.6,2886,118.04,42153,3615,12-JUN-2026
OPTSTK,DEMOSTK,25-JUN-2026,1680,CE,1.53,3.03,0.05,1.89,1.89,141,0.07,5657,-1394,12-JUN-2026
OPTSTK,DEMOSTK,25-JUN-2026,1680,PE,178.35,181.27,177.91,180.33,180.33,253,11.41,36700,3944,12-JUN-2026
OPTSTK,DEMOSTK,25-JUN-2026,1700,CE,2.46,4.72,0.05,1.26,1.26,1970,0.62,30579,-1756,12-JUN-2026
OPTSTK,DEMOSTK,25-JUN-2026,1700,PE,199.15,202.31,197.43,201.1,201.1,1471,73.95,19580,1447,12-JUN-2026
OPTSTK,DEMOSTK,25-JUN-2026,1300,CE,197.27,199.6,193.8,196.65,196.65,382,18.78,24391,-1797,15-JUN-2026
OPTSTK,DEMOSTK,25-JUN-2026,1300,PE,2.36,3.0,0.81,1.98,1.98,2910,1.44,19776,2550,15-JUN-2026
OPTSTK,DEMOSTK,25-JUN-2026,1320,CE,175.75,178.64,174.03,177.43,177.43,1158,51.37,9365,2970,15-JUN-2026
OPTSTK,DEMOSTK,25-JUN-2026,1320,PE,2.81,2.99,1.01,2.1,2.1,772,0.41,6279,-403,15-JUN-2026
OPTSTK,DEMOSTK,25-JUN-2026,1340,CE,155.5,160.26,153.73,157.46,157.46,1889,74.36,6779,736,15-JUN-2026
OPTSTK,DEMOSTK,25-JUN-2026,1340,PE,2.61,4.6,0.05,2.01,2.01,1397,0.7,46391,-1370,15-JUN-2026
OPTSTK,DEMOSTK,25-JUN-2026,1360,CE,137.82,138.99,135.12,137.74,137.74,1294,44.56,12840,3138,15-JUN-2026
OPTSTK,DEMOSTK,25-JUN-2026,1360,PE,0.58,4.01,0.05,1.58,1.58,1054,0.42,5303,1881,15-JUN-2026
OPTSTK,DEMOSTK,25-JUN-2026,1380,CE,120.47,123.04,118.37,118.75,118.75,700,20.78,4822,-3969,15-JUN-2026
OPTSTK,DEMOSTK,25-JUN-2026,1380,PE,4.65,8.23,4.56,5.37,5.37,2869,3.85,40383,3547,15-JUN-2026
OPTSTK,DEMOSTK,25-JUN-2026,1400,CE,98.12,100.21,95.29,99.5,99.5,2779,69.13,15498,-1194,15-JUN-2026
OPTSTK,DEMOSTK,25-JUN-2026,1400,PE,3.11,4.02,2.02,2.66,2.66,835,0.56,8287,-2301,15-JUN-2026
OPTSTK,DEMOSTK,25-JUN-2026,1420,CE,79.99,81.78,77.38,80.37,80.37,291,5.85,2079,-514,15-JUN-2026
OPTSTK,DEMOSTK,25-JUN-2026,1420,PE,3.72,6.4,1.53,5.72,5.72,2881,4.12,36339,4691,15-JUN-2026
OPTSTK,DEMOSTK,25-JUN-2026,1440,CE,56.28,59.7,53.9,57.24,57.24,964,13.79,38304,2180,15-JUN-2026
OPTSTK,DEMOSTK,25-JUN-2026,1440,PE,6.26,7.95,2.83,4.44,4.44,197,0.22,46600,927,15-JUN-2026
OPTSTK,DEMOSTK,25-JUN-2026,1460,CE,42.04,42.34,38.23,41.2,41.2,468,4.82,23531,1862,15-JUN-2026
OPTSTK,DEMOSTK,25-JUN-2026,1460,PE,2.6,5.19,1.55,4.25,4.25,1389,1.48,34209,-1016,15-JUN-2026
OPTSTK,DEMOSTK,25-JUN-2026,1480,CE,25.57,26.46,23.77,24.17,24.17,409,2.47,29138,1573,15-JUN-2026
OPTSTK,DEMOSTK,25-JUN-2026,1480,PE,2.29,4.89,1.36,1.99,1.99,392,0.2,6582,2172,15-JUN-2026
OPTSTK,DEMOSTK,25-JUN-2026,1500,CE,3.09,5.92,1.48,4.46,4.46,677,0.75,21997,-1404,15-JUN-2026
OPTSTK,DEMOSTK,25-JUN-2026,1500,PE,5.93,8.24,5.83,7.68,7.68,55,0.11,4038,-3112,15-JUN-2026
OPTSTK,DEMOSTK,25-JUN-2026,1520,CE,0.65,3.65,0.05,1.35,1.35,288,0.1,6695,-236,15-JUN-2026
OPTSTK,DEMOSTK,25-JUN-2026,1520,PE,27.53,30.47,24.48,26.73,26.73,1010,6.75,32744,660,15-JUN-2026
OPTSTK,DEMOSTK,25-JUN-2026,1540,CE,7.5,8.46,5.28,6.65,6.65,158,0.26,28745,-1985,15-JUN-2026
OPTSTK,DEMOSTK,25-JUN-2026,1540,PE,48.95,49.57,47.86,48.2,48.2,60,0.72,7353,457,15-JUN-2026
OPTSTK,DEMOSTK,25-JUN-2026,1560,CE,3.95,4.49,0.2,2.17,2.17,2264,1.23,13803,-3022,15-JUN-2026
OPTSTK,DEMOSTK,25-JUN-2026,1560,PE,69.98,71.32,65.29,68.26,68.26,607,10.36,9427,2259,15-JUN-2026
OPTSTK,DEMOSTK,25-JUN-2026,1580,CE,5.91,8.45,3.26,4.09,4.09,669,0.68,28611,1776,15-JUN-2026
OPTSTK,DEMOSTK,25-JUN-2026,1580,PE,87.95,88.7,87.15,87.45,87.45,2731,59.71,23687,4869,15-JUN-2026
OPTSTK,DEMOSTK,25-JUN-2026,1600,CE,0.88,3.9,0.16,1.27,1.27,1437,0.46,14594,3000,15-JUN-2026
OPTSTK,DEMOSTK,25-JUN-2026,1600,PE,104.35,106.08,102.92,105.25,105.25,1235,32.5,17694,-3509,15-JUN-2026
OPTSTK,DEMOSTK,25-JUN-2026,1620,CE,3.77,5.58,2.84,4.24,4.24,489,0.52,15984,-2891,15-JUN-2026
OPTSTK,DEMOSTK,25-JUN-2026,1620,PE,130.4,133.3,128.43,128.66,128.66,2961,95.24,12062,1889,15-JUN-2026
OPTSTK,DEMOSTK,25-JUN-2026,1640,CE,0.47,3.51,0.05,1.48,1.48,2254,0.83,13897,2560,15-JUN-2026
OPTSTK,DEMOSTK,25-JUN-2026,1640,PE,145.88,149.18,145.65,146.42,146.42,1169,42.79,31208,-1714,15-JUN-2026
OPTSTK,DEMOSTK,25-JUN-2026,1660,CE,1.04,4.87,0.13,2.04,2.04,1362,0.69,9467,-4025,15-JUN-2026
OPTSTK,DEMOSTK,25-JUN-2026,1660,PE,165.22,168.46,162.48,167.02,167.02,1506,62.88,19892,721,15-JUN-2026
OPTSTK,DEMOSTK,25-JUN-2026,1680,CE,0.4,2.96,0.05,0.41,0.41,2110,0.22,40126,-13,15-JUN-2026
OPTSTK,DEMOSTK,25-JUN-2026,1680,PE,187.05,189.17,184.02,185.57,185.57,2551,118.35,9168,498,15-JUN-2026
OPTSTK,DEMOSTK,25-JUN-2026,1700,CE,2.99,5.62,0.05,1.12,1.12,2872,0.8,32873,1348,15-JUN-2026
OPTSTK,DEMOSTK,25-JUN-2026,1700,PE,206.3,206.91,203.74,205.52,205.52,2104,108.1,27801,-119,15-JUN-2026
OPTSTK,DEMOSTK,25-JUN-2026,1300,CE,193.16,197.18,192.42,194.22,194.22,1879,91.23,36464,-4089,16-JUN-2026
OPTSTK,DEMOSTK,25-JUN-2026,1300,PE,0.26,2.16,0.05,0.79,0.79,1274,0.25,15671,385,16-JUN-2026
OPTSTK,DEMOSTK,25-JUN-2026,1320,CE,174.54,176.18,172.56,175.18,175.18,1300,56.93,32309,-4264,16-JUN-2026
OPTSTK,DEMOSTK,25-JUN-2026,1320,PE,1.36,2.03,0.21,1.0,1.0,386,0.1,16578,-1416,16-JUN-2026
OPTSTK,DEMOSTK,25-JUN-2026,1340,CE,155.61,156.73,152.88,154.51,154.51,342,13.21,37120,-1012,16-JUN-2026
OPTSTK,DEMOSTK,25-JUN-2026,1340,PE,2.96,4.37,0.05,2.51,2.51,629,0.39,39659,-497,16-JUN-2026
OPTSTK,DEMOSTK,25-JUN-2026,1360,CE,137.04,138.82,135.77,137.52,137.52,1271,43.7,24863,4207,16-JUN-2026
OPTSTK,DEMOSTK,25-JUN-2026,1360,PE,2.08,5.48,0.05,3.58,3.58,1752,1.57,31681,-3512,16-JUN-2026
OPTSTK,DEMOSTK,25-JUN-2026,1380,CE,114.23,117.28,111.45,116.13,116.13,1766,51.27,43463,661,16-JUN-2026
OPTSTK,DEMOSTK,25-JUN-2026,1380,PE,6.21,8.41,2.97,4.46,4.46,1278,1.42,48628,-3478,16-JUN-2026
OPTSTK,DEMOSTK,25-JUN-2026,1400,CE,99.58,99.75,96.66,98.61,98.61,2875,70.88,19555,-2791,16-JUN-2026
OPTSTK,DEMOSTK,25-JUN-2026,1400,PE,3.47,5.54,2.66,4.01,4.01,1731,1.74,10965,1055,16-JUN-2026
OPTSTK,DEMOSTK,25-JUN-2026,1420,CE,75.35,79.68,74.1,77.3,77.3,1191,23.02,20655,-883,16-JUN-2026
OPTSTK,DEMOSTK,25-JUN-2026,1420,PE,7.48,7.82,4.08,5.7,5.7,605,0.86,47856,1484,16-JUN-2026
OPTSTK,DEMOSTK,25-JUN-2026,1440,CE,59.64,61.83,56.09,58.39,58.39,149,2.18,27546,755,16-JUN-2026
OPTSTK,DEMOSTK,25-JUN-2026,1440,PE,6.8,6.8,4.82,6.66,6.66,2361,3.93,23469,-4688,16-JUN-2026
OPTSTK,DEMOSTK,25-JUN-2026,1460,CE,36.79,37.35,34.91,36.0,36.0,1847,16.62,42526,3481,16-JUN-2026
OPTSTK,DEMOSTK,25-JUN-2026,1460,PE,6.1,8.98,4.39,4.51,4.51,1834,2.07,28950,-2991,16-JUN-2026
OPTSTK,DEMOSTK,25-JUN-2026,1480,CE,18.12,21.23,16.48,18.73,18.73,2902,13.59,15041,4113,16-JUN-2026
OPTSTK,DEMOSTK,25-JUN-2026,1480,PE,7.48,9.75,4.82,7.66,7.66,2047,3.92,21456,3668,16-JUN-2026
OPTSTK,DEMOSTK,25-JUN-2026,1500,CE,1.94,5.86,0.29,3.3,3.3,2788,2.3,40223,3758,16-JUN-2026
OPTSTK,DEMOSTK,25-JUN-2026,1500,PE,7.68,11.89,6.92,9.19,9.19,727,1.67,48317,3652,16-JUN-2026
OPTSTK,DEMOSTK,25-JUN-2026,1520,CE,1.23,3.83,0.78,1.19,1.19,2232,0.66,45250,4373,16-JUN-2026
OPTSTK,DEMOSTK,25-JUN-2026,1520,PE,31.1,32.58,27.11,29.41,29.41,422,3.1,23871,32,16-JUN-2026
OPTSTK,DEMOSTK,25-JUN-2026,1540,CE,2.33,6.54,0.76,3.69,3.69,439,0.4,2807,3507,16-JUN-2026
OPTSTK,DEMOSTK,25-JUN-2026,1540,PE,50.65,53.21,49.74,52.48,52.48,2096,27.5,7865,-3431,16-JUN-2026
OPTSTK,DEMOSTK,25-JUN-2026,1560,CE,4.23,6.37,1.65,4.02,4.02,514,0.52,2418,-4500,16-JUN-2026
OPTSTK,DEMOSTK,25-JUN-2026,1560,PE,72.11,73.52,71.08,71.93,71.93,1412,25.39,21150,4433,16-JUN-2026
OPTSTK,DEMOSTK,25-JUN-2026,1580,CE,3.55,4.76,0.47,3.44,3.44,1696,1.46,38630,2977,16-JUN-2026
OPTSTK,DEMOSTK,25-JUN-2026,1580,PE,88.84,91.98,86.07,89.44,89.44,113,2.53,14293,4811,16-JUN-2026
OPTSTK,DEMOSTK,25-JUN-2026,1600,CE,3.64,6.44,3.52,4.04,4.04,2457,2.48,11280,1224,16-JUN-2026
OPTSTK,DEMOSTK,25-JUN-2026,1600,PE,107.68,111.47,105.32,108.88,108.88,1674,45.57,28765,3887,16-JUN-2026
OPTSTK,DEMOSTK,25-JUN-2026,1620,CE,0.4,1.48,0.05,1.31,1.31,1447,0.47,35224,-703,16-JUN-2026
OPTSTK,DEMOSTK,25-JUN-2026,1620,PE,128.23,131.59,126.66,129.27,129.27,859,27.76,11882,-623,16-JUN-2026
OPTSTK,DEMOSTK,25-JUN-2026,1640,CE,2.02,3.68,0.96,2.86,2.86,1001,0.72,42820,361,16-JUN-2026
OPTSTK,DEMOSTK,25-JUN-2026,1640,PE,148.53,150.96,147.21,147.8,147.8,71,2.62,35143,442,16-JUN-2026
OPTSTK,DEMOSTK,25-JUN-2026,1660,CE,3.51,4.15,0.67,2.07,2.07,2955,1.53,2044,-1011,16-JUN-2026
OPTSTK,DEMOSTK,25-JUN-2026,1660,PE,167.66,169.01,165.98,167.49,167.49,2728,114.23,8473,-376,16-JUN-2026
OPTSTK,DEMOSTK,25-JUN-2026,1680,CE,2.3,2.34,0.64,1.51,1.51,411,0.16,12049,-1798,16-JUN-2026
OPTSTK,DEMOSTK,25-JUN-2026,1680,PE,185.8,190.24,185.17,187.25,187.25,1867,87.4,5418,4896,16-JUN-2026
OPTSTK,DEMOSTK,25-JUN-2026,1700,CE,2.39,3.52,0.05,1.07,1.07,1026,0.27,6424,2046,16-JUN-2026
OPTSTK,DEMOSTK,25-JUN-2026,1700,PE,205.6,209.55,203.78,207.46,207.46,1688,87.55,5091,1877,16-JUN-2026
OPTSTK,DEMOSTK,25-JUN-2026,1300,CE,193.96,196.91,191.81,192.1,192.1,1635,78.52,8808,-1154,17-JUN-2026
OPTSTK,DEMOSTK,25-JUN-2026,1300,PE,0.19,3.51,0.05,0.52,0.52,2806,0.36,43371,-2618,17-JUN-2026
OPTSTK,DEMOSTK,25-JUN-2026,1320,CE,173.76,175.18,170.41,172.8,172.8,2885,124.63,1071,-4381,17-JUN-2026
OPTSTK,DEMOSTK,25-JUN-2026,1320,PE,0.51,4.3,0.29,2.38,2.38,1279,0.76,29358,268,17-JUN-2026
OPTSTK,DEMOSTK,25-JUN-2026,1340,CE,153.36,154.1,149.29,151.99,151.99,1622,61.63,44841,4151,17-JUN-2026
OPTSTK,DEMOSTK,25-JUN-2026,1340,PE,3.01,3.04,0.08,1.8,1.8,992,0.45,23123,525,17-JUN-2026
OPTSTK,DEMOSTK,25-JUN-2026,1360,CE,134.73,137.06,131.16,132.86,132.86,2506,83.24,10526,-2480,17-JUN-2026
OPTSTK,DEMOSTK,25-JUN-2026,1360,PE,-0.02,2.14,0.05,1.04,1.04,2524,0.66,10649,4986,17-JUN-2026
OPTSTK,DEMOSTK,25-JUN-2026,1380,CE,111.89,113.73,109.24,112.61,112.61,419,11.8,49067,2597,17-JUN-2026
OPTSTK,DEMOSTK,25-JUN-2026,1380,PE,0.39,2.14,0.05,1.5,1.5,2295,0.86,7262,-2585,17-JUN-2026
OPTSTK,DEMOSTK,25-JUN-2026,1400,CE,95.21,97.55,93.34,93.47,93.47,2471,57.74,19324,-2035,17-JUN-2026
OPTSTK,DEMOSTK,25-JUN-2026,1400,PE,3.7,7.39,1.27,5.06,5.06,1298,1.64,15684,634,17-JUN-2026
OPTSTK,DEMOSTK,25-JUN-2026,1420,CE,76.14,77.81,73.1,74.15,74.15,1511,28.01,2779,4369,17-JUN-2026
OPTSTK,DEMOSTK,25-JUN-2026,1420,PE,4.07,5.08,1.15,3.97,3.97,2503,2.48,40971,-4281,17-JUN-2026
OPTSTK,DEMOSTK,25-JUN-2026,1440,CE,54.22,55.8,52.92,54.87,54.87,257,3.53,48147,-4733,17-JUN-2026
OPTSTK,DEMOSTK,25-JUN-2026,1440,PE,-0.24,2.5,0.05,1.31,1.31,1604,0.53,49971,-3641,17-JUN-2026
OPTSTK,DEMOSTK,25-JUN-2026,1460,CE,33.14,33.16,32.02,32.49,32.49,2080,16.89,20753,-4142,17-JUN-2026
OPTSTK,DEMOSTK,25-JUN-2026,1460,PE,5.47,6.81,3.69,5.84,5.84,292,0.43,20210,-3513,17-JUN-2026
OPTSTK,DEMOSTK,25-JUN-2026,1480,CE,17.51,19.42,13.59,16.05,16.05,1054,4.23,13200,2862,17-JUN-2026
OPTSTK,DEMOSTK,25-JUN-2026,1480,PE,9.27,10.24,4.82,7.6,7.6,403,0.77,15883,2401,17-JUN-2026
OPTSTK,DEMOSTK,25-JUN-2026,1500,CE,3.18,3.85,0.05,1.73,1.73,571,0.25,49065,3206,17-JUN-2026
OPTSTK,DEMOSTK,25-JUN-2026,1500,PE,10.61,14.27,7.74,11.95,11.95,643,1.92,47431,3913,17-JUN-2026
OPTSTK,DEMOSTK,25-JUN-2026,1520,CE,6.26,6.97,3.78,6.17,6.17,1811,2.79,20532,-718,17-JUN-2026
OPTSTK,DEMOSTK,25-JUN-2026,1520,PE,31.81,32.45,30.33,30.91,30.91,111,0.86,17450,-4613,17-JUN-2026
OPTSTK,DEMOSTK,25-JUN-2026,1540,CE,5.07,7.45,2.26,5.07,5.07,1854,2.35,2305,-1313,17-JUN-2026
OPTSTK,DEMOSTK,25-JUN-2026,1540,PE,52.41,56.52,50.99,53.52,53.52,2167,28.99,23395,-4660,17-JUN-2026
OPTSTK,DEMOSTK,25-JUN-2026,1560,CE,4.09,4.97,2.09,2.2,2.2,1195,0.66,28372,1017,17-JUN-2026
OPTSTK,DEMOSTK,25-JUN-2026,1560,PE,72.06,73.98,69.8,73.24,73.24,884,16.19,12766,-4142,17-JUN-2026
OPTSTK,DEMOSTK,25-JUN-2026,1580,CE,1.96,3.51,0.99,2.69,2.69,868,0.58,11440,1242,17-JUN-2026
OPTSTK,DEMOSTK,25-JUN-2026,1580,PE,92.92,93.68,89.79,91.6,91.6,986,22.58,23407,-612,17-JUN-2026
OPTSTK,DEMOSTK,25-JUN-2026,1600,CE,3.27,5.14,1.99,2.97,2.97,1362,1.01,38637,228,17-JUN-2026
OPTSTK,DEMOSTK,25-JUN-2026,1600,PE,110.52,114.52,109.07,112.03,112.03,2912,81.56,24660,-1114,17-JUN-2026
OPTSTK,DEMOSTK,25-JUN-2026,1620,CE,4.68,5.32,1.31,3.84,3.84,1569,1.51,22637,-1743,17-JUN-2026
OPTSTK,DEMOSTK,25-JUN-2026,1620,PE,131.66,134.37,129.43,131.44,131.44,2704,88.85,5966,1080,17-JUN-2026
OPTSTK,DEMOSTK,25-JUN-2026,1640,CE,0.13,1.73,0.05,1.71,1.71,1974,0.84,45494,-4426,17-JUN-2026
OPTSTK,DEMOSTK,25-JUN-2026,1640,PE,150.99,152.57,149.27,151.97,151.97,137,5.2,7605,-2016,17-JUN-2026
OPTSTK,DEMOSTK,25-JUN-2026,1660,CE,-0.3,1.83,0.05,0.51,0.51,2866,0.37,33862,1115,17-JUN-2026
OPTSTK,DEMOSTK,25-JUN-2026,1660,PE,171.41,173.8,168.21,170.39,170.39,1350,57.51,13802,4424,17-JUN-2026
OPTSTK,DEMOSTK,25-JUN-2026,1680,CE,0.4,2.04,0.05,1.85,1.85,949,0.44,40400,-3125,17-JUN-2026
OPTSTK,DEMOSTK,25-JUN-2026,1680,PE,191.86,192.28,189.82,190.65,190.65,1639,78.12,22571,1412,17-JUN-2026
OPTSTK,DEMOSTK,25-JUN-2026,1700,CE,0.97,2.98,0.05,1.03,1.03,828,0.21,28212,3855,17-JUN-2026
OPTSTK,DEMOSTK,25-JUN-2026,1700,PE,208.6,212.15,208.51,209.46,209.46,137,7.17,29350,1769,17-JUN-2026
OPTSTK,DEMOSTK,25-JUN-2026,1300,CE,189.6,191.81,188.49,190.89,190.89,2979,142.17,35445,-860,18-JUN-2026
OPTSTK,DEMOSTK,25-JUN-2026,1300,PE,1.44,1.97,0.05,0.93,0.93,1853,0.43,42816,-3928,18-JUN-2026
OPTSTK,DEMOSTK,25-JUN-2026,1320,CE,171.65,174.05,169.5,170.8,170.8,2620,111.87,5746,598,18-JUN-2026
OPTSTK,DEMOSTK,25-JUN-2026,1320,PE,0.02,1.41,0.05,1.4,1.4,353,0.12,21868,-3125,18-JUN-2026
OPTSTK,DEMOSTK,25-JUN-2026,1340,CE,154.05,155.93,152.54,152.64,152.64,1173,44.76,45363,1133,18-JUN-2026
OPTSTK,DEMOSTK,25-JUN-2026,1340,PE,-1.36,2.18,0.05,0.55,0.55,2124,0.29,2450,1585,18-JUN-2026
OPTSTK,DEMOSTK,25-JUN-2026,1360,CE,133.08,133.59,130.57,133.15,133.15,982,32.69,28309,3317,18-JUN-2026
OPTSTK,DEMOSTK,25-JUN-2026,1360,PE,-0.66,1.56,0.05,1.1,1.1,1027,0.28,13773,-1478,18-JUN-2026
OPTSTK,DEMOSTK,25-JUN-2026,1380,CE,113.63,114.7,111.86,113.39,113.39,2783,78.89,43987,2164,18-JUN-2026
OPTSTK,DEMOSTK,25-JUN-2026,1380,PE,1.61,2.96,0.05,1.64,1.64,997,0.41,10580,3014,18-JUN-2026
OPTSTK,DEMOSTK,25-JUN-2026,1400,CE,90.87,93.37,90.69,91.68,91.68,1322,30.3,17206,-2585,18-JUN-2026
OPTSTK,DEMOSTK,25-JUN-2026,1400,PE,5.77,8.52,3.18,4.44,4.44,2143,2.38,24384,4155,18-JUN-2026
OPTSTK,DEMOSTK,25-JUN-2026,1420,CE,75.68,76.85,71.51,74.34,74.34,2460,45.72,37867,4722,18-JUN-2026
OPTSTK,DEMOSTK,25-JUN-2026,1420,PE,0.88,4.18,0.7,2.11,2.11,2709,1.43,2029,-1243,18-JUN-2026
OPTSTK,DEMOSTK,25-JUN-2026,1440,CE,51.36,53.9,49.23,53.2,53.2,1497,19.91,10722,-3458,18-JUN-2026
OPTSTK,DEMOSTK,25-JUN-2026,1440,PE,3.75,5.6,2.62,2.63,2.63,1451,0.95,36968,4829,18-JUN-2026
OPTSTK,DEMOSTK,25-JUN-2026,1460,CE,35.57,37.78,33.14,34.67,34.67,516,4.47,44170,-2948,18-JUN-2026
OPTSTK,DEMOSTK,25-JUN-2026,1460,PE,5.12,5.8,3.08,3.17,3.17,2709,2.15,46451,4997,18-JUN-2026
OPTSTK,DEMOSTK,25-JUN-2026,1480,CE,14.6,16.69,13.18,16.16,16.16,1190,4.81,15177,-2882,18-JUN-2026
OPTSTK,DEMOSTK,25-JUN-2026,1480,PE,7.09,7.22,2.57,5.25,5.25,167,0.22,9471,-3443,18-JUN-2026
OPTSTK,DEMOSTK,25-JUN-2026,1500,CE,7.86,8.31,4.61,6.15,6.15,233,0.36,24878,1848,18-JUN-2026
OPTSTK,DEMOSTK,25-JUN-2026,1500,PE,12.21,14.17,8.69,10.82,10.82,1589,4.3,23990,2451,18-JUN-2026
OPTSTK,DEMOSTK,25-JUN-2026,1520,CE,2.55,4.92,0.05,1.19,1.19,1755,0.52,42544,4119,18-JUN-2026
OPTSTK,DEMOSTK,25-JUN-2026,1520,PE,29.9,31.59,27.01,30.82,30.82,1277,9.84,35054,-3479,18-JUN-2026
OPTSTK,DEMOSTK,25-JUN-2026,1540,CE,2.24,4.57,0.4,1.9,1.9,1378,0.65,36653,-2084,18-JUN-2026
OPTSTK,DEMOSTK,25-JUN-2026,1540,PE,52.42,56.35,51.19,53.69,53.69,1765,23.69,23340,3507,18-JUN-2026
OPTSTK,DEMOSTK,25-JUN-2026,1560,CE,1.25,3.09,0.05,2.73,2.73,712,0.49,2033,-943,18-JUN-2026
OPTSTK,DEMOSTK,25-JUN-2026,1560,PE,70.68,72.77,69.58,72.17,72.17,1118,20.17,41098,-411,18-JUN-2026
OPTSTK,DEMOSTK,25-JUN-2026,1580,CE,5.07,5.86,2.58,3.65,3.65,1323,1.21,47018,-278,18-JUN-2026
OPTSTK,DEMOSTK,25-JUN-2026,1580,PE,95.19,95.24,91.79,93.33,93.33,1608,37.52,3703,2292,18-JUN-2026
OPTSTK,DEMOSTK,25-JUN-2026,1600,CE,2.63,4.78,0.05,0.83,0.83,960,0.2,39255,3952,18-JUN-2026
OPTSTK,DEMOSTK,25-JUN-2026,1600,PE,110.31,113.04,109.74,111.91,111.91,144,4.03,44989,4728,18-JUN-2026
OPTSTK,DEMOSTK,25-JUN-2026,1620,CE,1.17,3.79,0.05,0.85,0.85,1591,0.34,44510,1003,18-JUN-2026
OPTSTK,DEMOSTK,25-JUN-2026,1620,PE,130.52,134.93,128.35,132.44,132.44,78,2.58,14427,-4500,18-JUN-2026
OPTSTK,DEMOSTK,25-JUN-2026,1640,CE,2.42,3.5,0.05,0.63,0.63,2511,0.4,18320,1532,18-JUN-2026
OPTSTK,DEMOSTK,25-JUN-2026,1640,PE,149.17,152.86,147.15,150.13,150.13,436,16.36,26742,-2497,18-JUN-2026
OPTSTK,DEMOSTK,25-JUN-2026,1660,CE,3.13,4.49,0.7,1.91,1.91,621,0.3,19902,-3319,18-JUN-2026
OPTSTK,DEMOSTK,25-JUN-2026,1660,PE,171.0,173.68,169.24,170.32,170.32,997,42.45,49792,1281,18-JUN-2026
OPTSTK,DEMOSTK,25-JUN-2026,1680,CE,-1.18,1.77,0.05,0.8,0.8,816,0.16,13625,2885,18-JUN-2026
OPTSTK,DEMOSTK,25-JUN-2026,1680,PE,189.38,193.33,186.53,190.74,190.74,2857,136.24,40872,-4309,18-JUN-2026
OPTSTK,DEMOSTK,25-JUN-2026,1700,CE,0.68,2.04,0.05,0.64,0.64,1401,0.22,16784,3594,18-JUN-2026
OPTSTK,DEMOSTK,25-JUN-2026,1700,PE,211.52,213.75,209.66,210.22,210.22,1861,97.8,13024,520,18-JUN-2026
OPTSTK,DEMOSTK,25-JUN-2026,1300,CE,188.44,190.02,185.74,189.1,189.1,2532,119.7,1061,433,19-JUN-2026
OPTSTK,DEMOSTK,25-JUN-2026,1300,PE,2.0,4.8,0.05,0.95,0.95,1534,0.36,34402,-885,19-JUN-2026
OPTSTK,DEMOSTK,25-JUN-2026,1320,CE,170.93,171.2,168.7,169.25,169.25,2630,111.28,36846,4321,19-JUN-2026
OPTSTK,DEMOSTK,25-JUN-2026,1320,PE,1.2,2.08,0.75,1.88,1.88,2895,1.36,29077,-65,19-JUN-2026
OPTSTK,DEMOSTK,25-JUN-2026,1340,CE,148.29,152.96,147.44,150.15,150.15,866,32.51,26928,2970,19-JUN-2026
OPTSTK,DEMOSTK,25-JUN-2026,1340,PE,2.05,4.83,0.77,1.79,1.79,636,0.28,9945,331,19-JUN-2026
OPTSTK,DEMOSTK,25-JUN-2026,1360,CE,130.47,131.65,127.86,128.96,128.96,1158,37.33,1511,1931,19-JUN-2026
OPTSTK,DEMOSTK,25-JUN-2026,1360,PE,0.7,3.29,0.05,1.38,1.38,2750,0.95,46970,-1381,19-JUN-2026
OPTSTK,DEMOSTK,25-JUN-2026,1380,CE,112.07,114.2,107.52,110.29,110.29,1743,48.06,36021,2561,19-JUN-2026
OPTSTK,DEMOSTK,25-JUN-2026,1380,PE,2.04,5.25,0.5,2.58,2.58,2929,1.89,42015,-1171,19-JUN-2026
OPTSTK,DEMOSTK,25-JUN-2026,1400,CE,91.82,94.07,87.96,90.87,90.87,2211,50.23,41349,3670,19-JUN-2026
OPTSTK,DEMOSTK,25-JUN-2026,1400,PE,2.58,5.01,0.35,2.33,2.33,2133,1.24,30132,3964,19-JUN-2026
OPTSTK,DEMOSTK,25-JUN-2026,1420,CE,71.56,73.99,69.32,70.96,70.96,1347,23.9,34351,4971,19-JUN-2026
OPTSTK,DEMOSTK,25-JUN-2026,1420,PE,2.53,6.81,0.06,4.25,4.25,2387,2.54,33886,-3773,19-JUN-2026
OPTSTK,DEMOSTK,25-JUN-2026,1440,CE,54.11,55.56,51.47,52.62,52.62,237,3.12,36136,493,19-JUN-2026
OPTSTK,DEMOSTK,25-JUN-2026,1440,PE,2.72,3.68,0.71,2.65,2.65,2444,1.62,35853,-850,19-JUN-2026
OPTSTK,DEMOSTK,25-JUN-2026,1460,CE,27.75,31.59,27.74,29.64,29.64,2174,16.11,40920,-425,19-JUN-2026
OPTSTK,DEMOSTK,25-JUN-2026,1460,PE,0.0,3.16,0.05,1.6,1.6,1121,0.45,22704,675,19-JUN-2026
OPTSTK,DEMOSTK,25-JUN-2026,1480,CE,13.28,15.78,9.59,12.46,12.46,2330,7.26,17914,-4241,19-JUN-2026
OPTSTK,DEMOSTK,25-JUN-2026,1480,PE,4.71,5.17,1.61,4.27,4.27,2327,2.48,27035,-526,19-JUN-2026
OPTSTK,DEMOSTK,25-JUN-2026,1500,CE,2.68,5.52,0.87,1.97,1.97,2113,1.04,21604,-45,19-JUN-2026
OPTSTK,DEMOSTK,25-JUN-2026,1500,PE,13.17,16.06,12.24,14.1,14.1,2086,7.35,42240,4107,19-JUN-2026
OPTSTK,DEMOSTK,25-JUN-2026,1520,CE,2.42,5.57,0.49,3.12,3.12,1165,0.91,48468,-4018,19-JUN-2026
OPTSTK,DEMOSTK,25-JUN-2026,1520,PE,35.38,38.67,34.27,36.65,36.65,686,6.29,11847,-2800,19-JUN-2026
OPTSTK,DEMOSTK,25-JUN-2026,1540,CE,5.36,7.81,2.86,3.9,3.9,2413,2.35,18070,3136,19-JUN-2026
OPTSTK,DEMOSTK,25-JUN-2026,1540,PE,52.35,53.69,49.89,52.78,52.78,2227,29.39,26044,3806,19-JUN-2026
OPTSTK,DEMOSTK,25-JUN-2026,1560,CE,0.52,2.83,0.05,1.43,1.43,919,0.33,30929,3049,19-JUN-2026
OPTSTK,DEMOSTK,25-JUN-2026,1560,PE,74.19,75.33,71.07,73.85,73.85,926,17.1,30749,2987,19-JUN-2026
OPTSTK,DEMOSTK,25-JUN-2026,1580,CE,1.89,5.46,0.07,3.41,3.41,1135,0.97,46197,-2941,19-JUN-2026
OPTSTK,DEMOSTK,25-JUN-2026,1580,PE,93.38,93.76,91.87,92.45,92.45,1271,29.38,34183,-625,19-JUN-2026
OPTSTK,DEMOSTK,25-JUN-2026,1600,CE,4.13,6.15,2.23,3.01,3.01,417,0.31,19813,-3094,19-JUN-2026
OPTSTK,DEMOSTK,25-JUN-2026,1600,PE,114.24,115.58,110.92,113.01,113.01,1617,45.68,28153,954,19-JUN-2026
OPTSTK,DEMOSTK,25-JUN-2026,1620,CE,2.08,2.31,0.05,1.27,1.27,2547,0.81,22663,1768,19-JUN-2026
OPTSTK,DEMOSTK,25-JUN-2026,1620,PE,131.2,134.48,130.23,132.91,132.91,2999,99.65,36276,-2913,19-JUN-2026
OPTSTK,DEMOSTK,25-JUN-2026,1640,CE,2.16,2.32,0.05,0.5,0.5,2365,0.3,48817,-4557,19-JUN-2026
OPTSTK,DEMOSTK,25-JUN-2026,1640,PE,153.49,155.77,151.58,152.33,152.33,1757,66.91,28238,-1366,19-JUN-2026
OPTSTK,DEMOSTK,25-JUN-2026,1660,CE,0.12,1.27,0.05,0.63,0.63,632,0.1,38618,-2493,19-JUN-2026
OPTSTK,DEMOSTK,25-JUN-2026,1660,PE,172.51,175.46,171.9,173.0,173.0,2650,114.61,34940,-515,19-JUN-2026
OPTSTK,DEMOSTK,25-JUN-2026,1680,CE,1.65,2.72,0.05,1.26,1.26,1684,0.53,40998,-3884,19-JUN-2026
OPTSTK,DEMOSTK,25-JUN-2026,1680,PE,190.92,194.85,190.67,192.92,192.92,2102,101.38,32661,922,19-JUN-2026
OPTSTK,DEMOSTK,25-JUN-2026,1700,CE,0.99,1.32,0.05,0.99,0.99,1060,0.26,48282,-4972,19-JUN-2026
OPTSTK,DEMOSTK,25-JUN-2026,1700,PE,213.11,215.78,209.82,211.77,211.77,2972,157.35,45692,3249,19-JUN-2026
OPTSTK,DEMOSTK,25-JUN-2026,1300,CE,185.71,185.98,185.52,185.93,185.93,2830,131.55,39667,328,22-JUN-2026
OPTSTK,DEMOSTK,25-JUN-2026,1300,PE,1.42,3.7,0.05,0.2,0.2,1613,0.08,18907,615,22-JUN-2026
OPTSTK,DEMOSTK,25-JUN-2026,1320,CE,164.91,167.86,163.57,165.99,165.99,389,16.14,5501,1340,22-JUN-2026
OPTSTK,DEMOSTK,25-JUN-2026,1320,PE,2.05,2.23,0.05,0.45,0.45,1763,0.2,45224,1830,22-JUN-2026
OPTSTK,DEMOSTK,25-JUN-2026,1340,CE,145.92,147.39,143.85,146.93,146.93,679,24.94,28952,-2128,22-JUN-2026
OPTSTK,DEMOSTK,25-JUN-2026,1340,PE,0.08,3.31,0.05,1.85,1.85,1943,0.9,12067,-541,22-JUN-2026
OPTSTK,DEMOSTK,25-JUN-2026,1360,CE,127.92,130.31,126.27,126.68,126.68,2220,70.31,31683,3932,22-JUN-2026
OPTSTK,DEMOSTK,25-JUN-2026,1360,PE,-0.63,2.79,0.05,0.83,0.83,65,0.01,21039,2091,22-JUN-2026
OPTSTK,DEMOSTK,25-JUN-2026,1380,CE,106.84,108.72,105.41,106.35,106.35,1104,29.35,14297,-1316,22-JUN-2026
OPTSTK,DEMOSTK,25-JUN-2026,1380,PE,-0.17,3.93,0.05,1.24,1.24,664,0.21,44075,566,22-JUN-2026
OPTSTK,DEMOSTK,25-JUN-2026,1400,CE,88.15,88.54,87.47,87.74,87.74,2783,61.05,26745,-978,22-JUN-2026
OPTSTK,DEMOSTK,25-JUN-2026,1400,PE,-0.2,3.32,0.05,0.84,0.84,2321,0.49,35476,-4881,22-JUN-2026
OPTSTK,DEMOSTK,25-JUN-2026,1420,CE,67.0,69.38,65.33,66.48,66.48,1825,30.33,16949,4156,22-JUN-2026
OPTSTK,DEMOSTK,25-JUN-2026,1420,PE,0.78,2.86,0.05,0.83,0.83,1851,0.38,4611,-2056,22-JUN-2026
OPTSTK,DEMOSTK,25-JUN-2026,1440,CE,47.32,50.53,45.36,48.42,48.42,569,6.89,4909,2899,22-JUN-2026
OPTSTK,DEMOSTK,25-JUN-2026,1440,PE,3.34,3.88,0.92,1.47,1.47,1915,0.7,6500,4013,22-JUN-2026
OPTSTK,DEMOSTK,25-JUN-2026,1460,CE,31.14,33.24,28.54,29.21,29.21,2800,20.45,23197,848,22-JUN-2026
OPTSTK,DEMOSTK,25-JUN-2026,1460,PE,1.68,1.92,0.05,1.47,1.47,1643,0.6,3255,-2373,22-JUN-2026
OPTSTK,DEMOSTK,25-JUN-2026,1480,CE,10.82,12.14,8.1,9.22,9.22,2599,5.99,21203,7,22-JUN-2026
OPTSTK,DEMOSTK,25-JUN-2026,1480,PE,2.62,3.96,0.63,3.58,3.58,2948,2.64,31127,1823,22-JUN-2026
OPTSTK,DEMOSTK,25-JUN-2026,1500,CE,4.45,5.29,2.55,3.49,3.49,1729,1.51,3182,-4091,22-JUN-2026
OPTSTK,DEMOSTK,25-JUN-2026,1500,PE,13.54,17.15,13.14,15.1,15.1,787,2.97,22360,1979,22-JUN-2026
OPTSTK,DEMOSTK,25-JUN-2026,1520,CE,0.25,1.94,0.05,1.25,1.25,1913,0.6,25913,3951,22-JUN-2026
OPTSTK,DEMOSTK,25-JUN-2026,1520,PE,37.51,38.92,34.67,36.18,36.18,2296,20.77,45591,300,22-JUN-2026
OPTSTK,DEMOSTK,25-JUN-2026,1540,CE,2.45,4.67,0.05,0.47,0.47,1807,0.21,21464,-2094,22-JUN-2026
OPTSTK,DEMOSTK,25-JUN-2026,1540,PE,58.2,59.94,56.47,57.06,57.06,2718,38.77,13000,4477,22-JUN-2026
OPTSTK,DEMOSTK,25-JUN-2026,1560,CE,1.36,5.51,1.36,3.06,3.06,2109,1.61,22498,-3293,22-JUN-2026
OPTSTK,DEMOSTK,25-JUN-2026,1560,PE,75.09,77.93,73.38,76.49,76.49,2098,40.12,49484,-1067,22-JUN-2026
OPTSTK,DEMOSTK,25-JUN-2026,1580,CE,2.94,3.08,0.56,1.42,1.42,529,0.19,29175,-4465,22-JUN-2026
OPTSTK,DEMOSTK,25-JUN-2026,1580,PE,95.32,98.38,93.79,96.4,96.4,2374,57.21,15423,1823,22-JUN-2026
OPTSTK,DEMOSTK,25-JUN-2026,1600,CE,1.6,3.66,0.44,1.47,1.47,1710,0.63,11693,3748,22-JUN-2026
OPTSTK,DEMOSTK,25-JUN-2026,1600,PE,115.39,116.56,114.5,115.04,115.04,306,8.8,38463,-4394,22-JUN-2026
OPTSTK,DEMOSTK,25-JUN-2026,1620,CE,2.62,5.1,0.57,0.71,0.71,541,0.1,13945,1307,22-JUN-2026
OPTSTK,DEMOSTK,25-JUN-2026,1620,PE,135.46,136.23,133.42,135.56,135.56,2670,90.49,29947,500,22-JUN-2026
OPTSTK,DEMOSTK,25-JUN-2026,1640,CE,-0.01,1.83,0.05,0.32,0.32,583,0.05,21171,2573,22-JUN-2026
OPTSTK,DEMOSTK,25-JUN-2026,1640,PE,153.28,155.4,150.81,155.1,155.1,505,19.58,37722,4534,22-JUN-2026
OPTSTK,DEMOSTK,25-JUN-2026,1660,CE,0.57,1.75,0.05,0.46,0.46,1921,0.22,24229,-446,22-JUN-2026
OPTSTK,DEMOSTK,25-JUN-2026,1660,PE,175.16,176.96,175.04,175.41,175.41,2248,98.58,11765,3517,22-JUN-2026
OPTSTK,DEMOSTK,25-JUN-2026,1680,CE,1.88,4.65,0.05,0.78,0.78,2920,0.57,26346,3415,22-JUN-2026
OPTSTK,DEMOSTK,25-JUN-2026,1680,PE,196.47,198.7,193.74,194.89,194.89,1560,76.01,20987,-4798,22-JUN-2026
OPTSTK,DEMOSTK,25-JUN-2026,1700,CE,0.35,3.61,0.05,0.84,0.84,2899,0.61,49754,546,22-JUN-2026
OPTSTK,DEMOSTK,25-JUN-2026,1700,PE,214.08,217.22,213.47,214.51,214.51,1176,63.07,15601,1402,22-JUN-2026
OPTSTK,DEMOSTK,25-JUN-2026,1300,CE,185.97,186.54,184.22,184.73,184.73,2226,102.8,4572,-4656,23-JUN-2026
OPTSTK,DEMOSTK,25-JUN-2026,1300,PE,-0.62,3.15,0.05,0.57,0.57,2072,0.3,31696,-4700,23-JUN-2026
OPTSTK,DEMOSTK,25-JUN-2026,1320,CE,163.15,165.24,161.27,164.69,164.69,1640,67.52,39243,-2596,23-JUN-2026
OPTSTK,DEMOSTK,25-JUN-2026,1320,PE,2.42,3.72,0.05,1.04,1.04,1118,0.29,2366,2079,23-JUN-2026
OPTSTK,DEMOSTK,25-JUN-2026,1340,CE,147.2,149.74,144.65,145.38,145.38,1698,61.71,31122,53,23-JUN-2026
OPTSTK,DEMOSTK,25-JUN-2026,1340,PE,-0.38,2.06,0.05,0.77,0.77,2052,0.4,43311,4360,23-JUN-2026
OPTSTK,DEMOSTK,25-JUN-2026,1360,CE,124.81,127.42,123.59,125.75,125.75,72,2.26,32840,-1894,23-JUN-2026
OPTSTK,DEMOSTK,25-JUN-2026,1360,PE,2.39,4.67,1.14,2.05,2.05,717,0.37,8828,153,23-JUN-2026
OPTSTK,DEMOSTK,25-JUN-2026,1380,CE,106.9,109.63,104.95,106.76,106.76,1900,50.71,15332,-2857,23-JUN-2026
OPTSTK,DEMOSTK,25-JUN-2026,1380,PE,0.24,4.3,0.05,1.96,1.96,62,0.03,37894,-1331,23-JUN-2026
OPTSTK,DEMOSTK,25-JUN-2026,1400,CE,88.99,89.47,86.18,87.22,87.22,2250,49.06,7864,-2520,23-JUN-2026
OPTSTK,DEMOSTK,25-JUN-2026,1400,PE,-0.05,3.21,0.05,1.23,1.23,130,0.04,46025,1507,23-JUN-2026
OPTSTK,DEMOSTK,25-JUN-2026,1420,CE,66.23,68.62,64.24,67.47,67.47,1170,19.73,8878,-990,23-JUN-2026
OPTSTK,DEMOSTK,25-JUN-2026,1420,PE,-0.24,0.68,0.05,0.52,0.52,566,0.07,4700,-3537,23-JUN-2026
OPTSTK,DEMOSTK,25-JUN-2026,1440,CE,47.46,48.43,43.25,46.22,46.22,536,6.19,9327,-3660,23-JUN-2026
OPTSTK,DEMOSTK,25-JUN-2026,1440,PE,1.74,4.63,0.05,0.85,0.85,790,0.17,17088,-2725,23-JUN-2026
OPTSTK,DEMOSTK,25-JUN-2026,1460,CE,27.77,29.76,25.78,26.49,26.49,1638,10.85,21551,4110,23-JUN-2026
OPTSTK,DEMOSTK,25-JUN-2026,1460,PE,2.63,3.78,0.23,2.42,2.42,998,0.6,4387,-65,23-JUN-2026
OPTSTK,DEMOSTK,25-JUN-2026,1480,CE,7.23,8.39,4.9,6.92,6.92,2087,3.61,9621,2013,23-JUN-2026
OPTSTK,DEMOSTK,25-JUN-2026,1480,PE,2.5,5.0,0.05,1.74,1.74,588,0.26,1687,3977,23-JUN-2026
OPTSTK,DEMOSTK,25-JUN-2026,1500,CE,-0.07,1.99,0.05,1.22,1.22,928,0.28,2512,-2608,23-JUN-2026
OPTSTK,DEMOSTK,25-JUN-2026,1500,PE,18.0,19.77,15.62,16.78,16.78,2171,9.11,14932,174,23-JUN-2026
OPTSTK,DEMOSTK,25-JUN-2026,1520,CE,2.38,3.86,2.05,2.12,2.12,1204,0.64,7858,-4883,23-JUN-2026
OPTSTK,DEMOSTK,25-JUN-2026,1520,PE,38.99,39.51,38.91,39.24,39.24,715,7.01,11868,2938,23-JUN-2026
OPTSTK,DEMOSTK,25-JUN-2026,1540,CE,-0.26,2.27,0.05,0.82,0.82,1673,0.34,34441,-1601,23-JUN-2026
OPTSTK,DEMOSTK,25-JUN-2026,1540,PE,57.08,58.64,54.33,57.14,57.14,382,5.46,30849,-4031,23-JUN-2026
OPTSTK,DEMOSTK,25-JUN-2026,1560,CE,1.13,3.72,0.78,2.71,2.71,2290,1.55,30286,4925,23-JUN-2026
OPTSTK,DEMOSTK,25-JUN-2026,1560,PE,76.5,77.3,75.2,76.44,76.44,729,13.93,16478,-2792,23-JUN-2026
OPTSTK,DEMOSTK,25-JUN-2026,1580,CE,2.06,4.28,0.65,2.74,2.74,1456,1.0,13997,-4062,23-JUN-2026
OPTSTK,DEMOSTK,25-JUN-2026,1580,PE,96.29,97.71,94.21,96.12,96.12,622,14.95,9747,-1827,23-JUN-2026
OPTSTK,DEMOSTK,25-JUN-2026,1600,CE,-0.4,2.5,0.05,0.66,0.66,1774,0.29,22385,4151,23-JUN-2026
OPTSTK,DEMOSTK,25-JUN-2026,1600,PE,115.53,118.8,113.46,117.23,117.23,2975,87.19,25373,1290,23-JUN-2026
OPTSTK,DEMOSTK,25-JUN-2026,1620,CE,1.34,3.42,0.05,0.45,0.45,2569,0.29,46251,2600,23-JUN-2026
OPTSTK,DEMOSTK,25-JUN-2026,1620,PE,138.6,139.83,135.63,137.46,137.46,1572,54.02,23016,4126,23-JUN-2026
OPTSTK,DEMOSTK,25-JUN-2026,1640,CE,1.17,2.93,0.05,0.37,0.37,1187,0.11,35714,-4192,23-JUN-2026
OPTSTK,DEMOSTK,25-JUN-2026,1640,PE,157.18,159.23,154.78,156.82,156.82,2590,101.54,32996,287,23-JUN-2026
OPTSTK,DEMOSTK,25-JUN-2026,1660,CE,0.37,3.78,0.05,0.93,0.93,437,0.1,47013,1502,23-JUN-2026
OPTSTK,DEMOSTK,25-JUN-2026,1660,PE,174.75,178.23,172.87,176.64,176.64,195,8.61,12418,3655,23-JUN-2026
OPTSTK,DEMOSTK,25-JUN-2026,1680,CE,1.44,2.53,0.05,0.6,0.6,1884,0.28,49842,60,23-JUN-2026
OPTSTK,DEMOSTK,25-JUN-2026,1680,PE,195.11,197.75,192.36,196.51,196.51,1132,55.61,47789,-3273,23-JUN-2026
OPTSTK,DEMOSTK,25-JUN-2026,1700,CE,1.6,3.19,0.05,0.32,0.32,1726,0.14,21340,4696,23-JUN-2026
OPTSTK,DEMOSTK,25-JUN-2026,1700,PE,217.76,220.56,215.31,216.23,216.23,1416,76.55,34501,1870,23-JUN-2026
OPTSTK,DEMOSTK,25-JUN-2026,1300,CE,180.12,182.63,179.92,181.68,181.68,2560,116.28,43494,-195,24-JUN-2026
OPTSTK,DEMOSTK,25-JUN-2026,1300,PE,0.69,2.32,0.67,0.71,0.71,2472,0.44,10480,4680,24-JUN-2026
OPTSTK,DEMOSTK,25-JUN-2026,1320,CE,162.49,165.22,160.98,161.45,161.45,2731,110.23,34418,3322,24-JUN-2026
OPTSTK,DEMOSTK,25-JUN-2026,1320,PE,0.57,1.26,0.05,0.39,0.39,2622,0.26,48486,-4478,24-JUN-2026
OPTSTK,DEMOSTK,25-JUN-2026,1340,CE,143.28,145.89,139.85,142.36,142.36,2080,74.03,3279,2996,24-JUN-2026
OPTSTK,DEMOSTK,25-JUN-2026,1340,PE,0.69,2.53,0.05,1.9,1.9,2284,1.08,31433,1921,24-JUN-2026
OPTSTK,DEMOSTK,25-JUN-2026,1360,CE,123.86,124.29,121.32,123.08,123.08,851,26.19,26390,-4125,24-JUN-2026
OPTSTK,DEMOSTK,25-JUN-2026,1360,PE,-0.64,1.97,0.05,0.52,0.52,1181,0.15,2145,-1243,24-JUN-2026
OPTSTK,DEMOSTK,25-JUN-2026,1380,CE,101.88,103.66,101.35,103.21,103.21,2305,59.47,41028,-4580,24-JUN-2026
OPTSTK,DEMOSTK,25-JUN-2026,1380,PE,3.19,4.91,0.38,2.09,2.09,1481,0.77,32810,4910,24-JUN-2026
OPTSTK,DEMOSTK,25-JUN-2026,1400,CE,84.29,85.45,79.91,82.6,82.6,1248,25.77,33608,-2457,24-JUN-2026
OPTSTK,DEMOSTK,25-JUN-2026,1400,PE,3.7,5.31,1.69,3.04,3.04,1414,1.07,49762,-2473,24-JUN-2026
OPTSTK,DEMOSTK,25-JUN-2026,1420,CE,63.64,65.32,59.65,62.39,62.39,1889,29.46,36242,-3069,24-JUN-2026
OPTSTK,DEMOSTK,25-JUN-2026,1420,PE,2.77,5.14,0.05,1.11,1.11,1803,0.5,31567,-1209,24-JUN-2026
OPTSTK,DEMOSTK,25-JUN-2026,1440,CE,44.09,44.84,42.61,42.68,42.68,305,3.25,41447,2577,24-JUN-2026
OPTSTK,DEMOSTK,25-JUN-2026,1440,PE,0.18,2.09,0.05,2.05,2.05,61,0.03,26889,30,24-JUN-2026
OPTSTK,DEMOSTK,25-JUN-2026,1460,CE,22.02,26.62,20.86,23.66,23.66,956,5.65,15597,-4398,24-JUN-2026
OPTSTK,DEMOSTK,25-JUN-2026,1460,PE,3.83,4.48,0.05,2.3,2.3,2768,1.59,3262,-3568,24-JUN-2026
OPTSTK,DEMOSTK,25-JUN-2026,1480,CE,2.83,3.91,1.8,2.3,2.3,1175,0.68,19075,2337,24-JUN-2026
OPTSTK,DEMOSTK,25-JUN-2026,1480,PE,-0.46,3.66,0.05,1.12,1.12,177,0.05,14088,-4947,24-JUN-2026
OPTSTK,DEMOSTK,25-JUN-2026,1500,CE,3.34,4.36,0.48,2.66,2.66,1854,1.23,36374,4655,24-JUN-2026
OPTSTK,DEMOSTK,25-JUN-2026,1500,PE,21.25,22.64,18.13,20.4,20.4,2398,12.23,8115,1991,24-JUN-2026
OPTSTK,DEMOSTK,25-JUN-2026,1520,CE,1.79,4.12,0.05,0.54,0.54,782,0.11,42433,-4099,24-JUN-2026
OPTSTK,DEMOSTK,25-JUN-2026,1520,PE,39.4,42.69,38.26,41.24,41.24,1837,18.94,21429,650,24-JUN-2026
OPTSTK,DEMOSTK,25-JUN-2026,1540,CE,4.19,7.13,2.53,3.0,3.0,108,0.08,34888,742,24-JUN-2026
OPTSTK,DEMOSTK,25-JUN-2026,1540,PE,59.9,62.53,57.31,61.88,61.88,1366,21.13,21146,-3167,24-JUN-2026
OPTSTK,DEMOSTK,25-JUN-2026,1560,CE,2.14,3.45,0.05,0.56,0.56,2635,0.37,10898,-4311,24-JUN-2026
OPTSTK,DEMOSTK,25-JUN-2026,1560,PE,79.76,81.86,78.43,79.92,79.92,2216,44.28,30943,-3788,24-JUN-2026
OPTSTK,DEMOSTK,25-JUN-2026,1580,CE,1.62,2.81,0.44,1.33,1.33,1754,0.58,35737,-2467,24-JUN-2026
OPTSTK,DEMOSTK,25-JUN-2026,1580,PE,101.15,104.2,100.18,101.56,101.56,1475,37.45,19252,2966,24-JUN-2026
OPTSTK,DEMOSTK,25-JUN-2026,1600,CE,0.71,3.98,0.05,1.77,1.77,434,0.19,7823,3452,24-JUN-2026
OPTSTK,DEMOSTK,25-JUN-2026,1600,PE,118.59,120.68,115.68,119.45,119.45,433,12.93,37068,1573,24-JUN-2026
OPTSTK,DEMOSTK,25-JUN-2026,1620,CE,2.59,3.7,0.05,1.34,1.34,939,0.31,12989,-1277,24-JUN-2026
OPTSTK,DEMOSTK,25-JUN-2026,1620,PE,141.95,144.88,137.85,140.34,140.34,214,7.51,49118,176,24-JUN-2026
OPTSTK,DEMOSTK,25-JUN-2026,1640,CE,1.49,3.19,0.05,1.07,1.07,2604,0.7,37572,-4580,24-JUN-2026
OPTSTK,DEMOSTK,25-JUN-2026,1640,PE,160.32,163.02,158.71,159.37,159.37,1775,70.72,28120,-1820,24-JUN-2026
OPTSTK,DEMOSTK,25-JUN-2026,1660,CE,1.87,4.15,0.05,0.5,0.5,891,0.11,2611,-2809,24-JUN-2026
OPTSTK,DEMOSTK,25-JUN-2026,1660,PE,178.71,181.3,177.17,180.22,180.22,2972,133.9,43744,201,24-JUN-2026
OPTSTK,DEMOSTK,25-JUN-2026,1680,CE,0.83,2.83,0.05,0.53,0.53,1567,0.21,6414,715,24-JUN-2026
OPTSTK,DEMOSTK,25-JUN-2026,1680,PE,200.29,202.54,198.08,199.34,199.34,2637,131.41,8649,-1880,24-JUN-2026
OPTSTK,DEMOSTK,25-JUN-2026,1700,CE,2.63,5.47,0.05,0.77,0.77,2705,0.52,17449,-3141,24-JUN-2026
OPTSTK,DEMOSTK,25-JUN-2026,1700,PE,221.35,224.35,217.09,219.7,219.7,333,18.29,17885,3666,24-JUN-2026
OPTSTK,DEMOSTK,25-JUN-2026,1300,CE,176.61,180.08,174.16,178.46,178.46,2429,108.37,11342,814,25-JUN-2026
OPTSTK,DEMOSTK,25-JUN-2026,1300,PE,-1.27,1.62,0.05,0.31,0.31,763,0.06,43079,-1996,25-JUN-2026
OPTSTK,DEMOSTK,25-JUN-2026,1320,CE,158.72,159.7,155.56,158.27,158.27,2324,91.95,26123,-3985,25-JUN-2026
OPTSTK,DEMOSTK,25-JUN-2026,1320,PE,1.19,2.7,0.05,1.45,1.45,282,0.1,45154,3127,25-JUN-2026
OPTSTK,DEMOSTK,25-JUN-2026,1340,CE,139.36,140.9,137.15,138.83,138.83,101,3.51,14858,-2642,25-JUN-2026
OPTSTK,DEMOSTK,25-JUN-2026,1340,PE,0.85,2.45,0.17,1.23,1.23,1728,0.53,32988,-4163,25-JUN-2026
OPTSTK,DEMOSTK,25-JUN-2026,1360,CE,119.95,122.15,116.61,118.76,118.76,863,25.62,31314,812,25-JUN-2026
OPTSTK,DEMOSTK,25-JUN-2026,1360,PE,1.22,3.52,0.05,2.35,2.35,2340,1.37,9059,-4863,25-JUN-2026
OPTSTK,DEMOSTK,25-JUN-2026,1380,CE,97.78,99.58,97.11,99.11,99.11,1446,35.83,29435,-2460,25-JUN-2026
OPTSTK,DEMOSTK,25-JUN-2026,1380,PE,1.63,3.66,0.98,2.7,2.7,1350,0.91,4252,-1906,25-JUN-2026
OPTSTK,DEMOSTK,25-JUN-2026,1400,CE,81.29,82.41,77.22,79.82,79.82,2540,50.69,8963,916,25-JUN-2026
OPTSTK,DEMOSTK,25-JUN-2026,1400,PE,4.7,6.34,0.45,2.75,2.75,72,0.05,16387,-1707,25-JUN-2026
OPTSTK,DEMOSTK,25-JUN-2026,1420,CE,58.16,60.23,57.61,59.2,59.2,1024,15.16,5979,4170,25-JUN-2026
OPTSTK,DEMOSTK,25-JUN-2026,1420,PE,1.77,3.27,0.73,1.51,1.51,2244,0.85,10876,-4873,25-JUN-2026
OPTSTK,DEMOSTK,25-JUN-2026,1440,CE,41.2,43.63,40.44,40.86,40.86,2770,28.3,39886,-109,25-JUN-2026
OPTSTK,DEMOSTK,25-JUN-2026,1440,PE,2.39,5.33,1.31,3.07,3.07,369,0.28,34263,4395,25-JUN-2026
OPTSTK,DEMOSTK,25-JUN-2026,1460,CE,17.99,18.2,16.36,18.09,18.09,301,1.36,31097,-1780,25-JUN-2026
OPTSTK,DEMOSTK,25-JUN-2026,1460,PE,-0.15,4.11,0.05,1.16,1.16,1377,0.4,22514,3003,25-JUN-2026
OPTSTK,DEMOSTK,25-JUN-2026,1480,CE,3.01,3.56,0.05,1.05,1.05,2478,0.65,21974,4986,25-JUN-2026
OPTSTK,DEMOSTK,25-JUN-2026,1480,PE,6.44,7.84,4.1,5.96,5.96,2899,4.32,25393,4430,25-JUN-2026
OPTSTK,DEMOSTK,25-JUN-2026,1500,CE,0.31,4.44,0.05,1.59,1.59,2870,1.14,28035,3153,25-JUN-2026
OPTSTK,DEMOSTK,25-JUN-2026,1500,PE,26.44,28.02,23.57,26.62,26.62,1210,8.05,38511,-717,25-JUN-2026
OPTSTK,DEMOSTK,25-JUN-2026,1520,CE,1.59,3.88,0.43,1.42,1.42,756,0.27,14311,2340,25-JUN-2026
OPTSTK,DEMOSTK,25-JUN-2026,1520,PE,43.84,46.48,42.43,45.58,45.58,1223,13.94,31976,4199,25-JUN-2026
OPTSTK,DEMOSTK,25-JUN-2026,1540,CE,2.49,2.73,0.77,0.86,0.86,1192,0.26,22776,-4683,25-JUN-2026
OPTSTK,DEMOSTK,25-JUN-2026,1540,PE,63.93,66.61,62.62,64.92,64.92,1446,23.47,12651,3779,25-JUN-2026
OPTSTK,DEMOSTK,25-JUN-2026,1560,CE,2.69,2.74,1.49,2.39,2.39,1780,1.06,7035,2735,25-JUN-2026
OPTSTK,DEMOSTK,25-JUN-2026,1560,PE,82.82,83.4,81.59,83.09,83.09,1992,41.38,28820,-23,25-JUN-2026
OPTSTK,DEMOSTK,25-JUN-2026,1580,CE,2.31,5.06,0.26,2.55,2.55,228,0.15,5875,-4915,25-JUN-2026
OPTSTK,DEMOSTK,25-JUN-2026,1580,PE,103.08,106.03,101.32,103.04,103.04,86,2.22,35395,-27,25-JUN-2026
OPTSTK,DEMOSTK,25-JUN-2026,1600,CE,0.03,3.88,0.05,1.28,1.28,2019,0.65,11785,-2863,25-JUN-2026
OPTSTK,DEMOSTK,25-JUN-2026,1600,PE,123.99,125.36,123.55,124.68,124.68,1459,45.48,2350,-4482,25-JUN-2026
OPTSTK,DEMOSTK,25-JUN-2026,1620,CE,-0.36,1.22,0.05,1.04,1.04,2897,0.75,18412,4943,25-JUN-2026
OPTSTK,DEMOSTK,25-JUN-2026,1620,PE,145.43,147.18,141.82,143.56,143.56,2006,72.0,46232,-3528,25-JUN-2026
OPTSTK,DEMOSTK,25-JUN-2026,1640,CE,2.32,2.66,0.05,1.16,1.16,946,0.27,9252,3334,25-JUN-2026
OPTSTK,DEMOSTK,25-JUN-2026,1640,PE,164.02,166.24,161.24,164.05,164.05,922,37.81,7698,-4613,25-JUN-2026
OPTSTK,DEMOSTK,25-JUN-2026,1660,CE,2.57,3.09,0.05,1.15,1.15,2181,0.63,41264,3549,25-JUN-2026
OPTSTK,DEMOSTK,25-JUN-2026,1660,PE,183.8,186.34,182.16,183.52,183.52,339,15.55,33377,4573,25-JUN-2026
OPTSTK,DEMOSTK,25-JUN-2026,1680,CE,-0.04,3.48,0.05,0.74,0.74,2926,0.54,15117,4612,25-JUN-2026
OPTSTK,DEMOSTK,25-JUN-2026,1680,PE,202.47,205.66,199.98,203.55,203.55,1144,58.22,5918,1294,25-JUN-2026
OPTSTK,DEMOSTK,25-JUN-2026,1700,CE,-0.1,1.11,0.05,0.7,0.7,2245,0.39,48776,-654,25-JUN-2026
OPTSTK,DEMOSTK,25-JUN-2026,1700,PE,224.89,227.84,220.31,223.2,223.2,2566,143.18,24347,1894,25-JUN-2026
OPTSTK,DEMOSTK,25-JUN-2026,1300,CE,177.29,179.68,173.88,176.25,176.25,1145,50.45,7846,3704,26-JUN-2026
OPTSTK,DEMOSTK,25-JUN-2026,1300,PE,0.21,3.04,0.05,0.87,0.87,185,0.04,28411,-3913,26-JUN-2026
OPTSTK,DEMOSTK,25-JUN-2026,1320,CE,157.32,158.39,156.02,156.97,156.97,2109,82.76,9871,3727,26-JUN-2026
OPTSTK,DEMOSTK,25-JUN-2026,1320,PE,1.16,1.75,0.05,0.61,0.61,2213,0.34,22023,-2112,26-JUN-2026
OPTSTK,DEMOSTK,25-JUN-2026,1340,CE,135.34,137.19,135.3,135.94,135.94,2844,96.65,22415,-4632,26-JUN-2026
OPTSTK,DEMOSTK,25-JUN-2026,1340,PE,3.39,5.31,0.3,1.53,1.53,741,0.28,22096,1484,26-JUN-2026
OPTSTK,DEMOSTK,25-JUN-2026,1360,CE,117.75,120.03,114.75,117.98,117.98,1857,54.77,23531,-773,26-JUN-2026
OPTSTK,DEMOSTK,25-JUN-2026,1360,PE,2.99,4.05,0.05,1.49,1.49,1827,0.68,38556,-1474,26-JUN-2026
OPTSTK,DEMOSTK,25-JUN-2026,1380,CE,97.0,99.35,94.5,97.53,97.53,2872,70.03,18198,-3457,26-JUN-2026
OPTSTK,DEMOSTK,25-JUN-2026,1380,PE,3.06,5.07,0.05,2.4,2.4,159,0.1,20703,-3017,26-JUN-2026
OPTSTK,DEMOSTK,25-JUN-2026,1400,CE,76.92,78.5,74.32,78.36,78.36,1121,21.96,6657,3753,26-JUN-2026
OPTSTK,DEMOSTK,25-JUN-2026,1400,PE,1.89,3.79,1.21,2.63,2.63,394,0.26,49364,3300,26-JUN-2026
OPTSTK,DEMOSTK,25-JUN-2026,1420,CE,58.58,59.03,54.99,57.41,57.41,348,4.99,3191,-1258,26-JUN-2026
OPTSTK,DEMOSTK,25-JUN-2026,1420,PE,2.02,4.52,0.05,1.37,1.37,2863,0.98,30865,-660,26-JUN-2026
OPTSTK,DEMOSTK,25-JUN-2026,1440,CE,37.22,38.68,34.61,38.08,38.08,2317,22.06,5100,264,26-JUN-2026
OPTSTK,DEMOSTK,25-JUN-2026,1440,PE,4.16,6.89,0.76,2.3,2.3,1059,0.61,30544,741,26-JUN-2026
OPTSTK,DEMOSTK,25-JUN-2026,1460,CE,17.05,18.4,14.73,18.11,18.11,1588,7.19,20858,-680,26-JUN-2026
OPTSTK,DEMOSTK,25-JUN-2026,1460,PE,5.08,6.22,2.25,3.3,3.3,2821,2.33,38281,3735,26-JUN-2026
OPTSTK,DEMOSTK,25-JUN-2026,1480,CE,3.1,6.57,2.47,4.08,4.08,1220,1.24,43797,34,26-JUN-2026
OPTSTK,DEMOSTK,25-JUN-2026,1480,PE,7.38,9.89,5.69,6.43,6.43,2207,3.55,23793,-3348,26-JUN-2026
OPTSTK,DEMOSTK,25-JUN-2026,1500,CE,2.03,3.05,0.05,2.58,2.58,2755,1.78,5323,3466,26-JUN-2026
OPTSTK,DEMOSTK,25-JUN-2026,1500,PE,26.73,27.64,24.06,26.61,26.61,1246,8.29,14928,-4445,26-JUN-2026
OPTSTK,DEMOSTK,25-JUN-2026,1520,CE,0.62,4.07,0.05,1.75,1.75,2759,1.21,19206,786,26-JUN-2026
OPTSTK,DEMOSTK,25-JUN-2026,1520,PE,45.11,48.48,44.62,45.83,45.83,2701,30.95,24772,790,26-JUN-2026
OPTSTK,DEMOSTK,25-JUN-2026,1540,CE,1.33,3.82,0.05,1.6,1.6,938,0.38,11141,2813,26-JUN-2026
OPTSTK,DEMOSTK,25-JUN-2026,1540,PE,66.54,67.59,65.54,66.95,66.95,1583,26.5,43622,2986,26-JUN-2026
OPTSTK,DEMOSTK,25-JUN-2026,1560,CE,3.27,4.92,1.16,1.59,1.59,931,0.37,3426,4778,26-JUN-2026
OPTSTK,DEMOSTK,25-JUN-2026,1560,PE,86.9,89.67,82.44,85.0,85.0,1338,28.43,34187,848,26-JUN-2026
OPTSTK,DEMOSTK,25-JUN-2026,1580,CE,-0.11,3.22,0.05,1.67,1.67,1962,0.82,40439,-1385,26-JUN-2026
OPTSTK,DEMOSTK,25-JUN-2026,1580,PE,104.18,107.25,103.82,104.99,104.99,806,21.16,43366,4161,26-JUN-2026
OPTSTK,DEMOSTK,25-JUN-2026,1600,CE,1.55,3.56,0.05,2.21,2.21,944,0.52,16495,-629,26-JUN-2026
OPTSTK,DEMOSTK,25-JUN-2026,1600,PE,126.11,128.08,124.55,126.57,126.57,469,14.84,17904,-2405,26-JUN-2026
OPTSTK,DEMOSTK,25-JUN-2026,1620,CE,3.04,3.23,0.33,1.34,1.34,2137,0.72,33188,1711,26-JUN-2026
OPTSTK,DEMOSTK,25-JUN-2026,1620,PE,146.16,147.4,142.89,145.82,145.82,1860,67.81,19433,-2930,26-JUN-2026
OPTSTK,DEMOSTK,25-JUN-2026,1640,CE,1.81,3.75,0.05,0.29,0.29,1369,0.1,47353,604,26-JUN-2026
OPTSTK,DEMOSTK,25-JUN-2026,1640,PE,165.45,165.84,163.75,164.72,164.72,2860,117.77,24814,-579,26-JUN-2026
OPTSTK,DEMOSTK,25-JUN-2026,1660,CE,-1.45,1.07,0.05,0.4,0.4,2589,0.26,3795,-864,26-JUN-2026
OPTSTK,DEMOSTK,25-JUN-2026,1660,PE,185.86,187.15,183.46,185.04,185.04,2715,125.6,16891,-2353,26-JUN-2026
OPTSTK,DEMOSTK,25-JUN-2026,1680,CE,0.8,1.81,0.05,0.15,0.15,2768,0.1,16928,-2787,26-JUN-2026
OPTSTK,DEMOSTK,25-JUN-2026,1680,PE,204.14,207.65,203.83,204.93,204.93,1457,74.65,27563,-831,26-JUN-2026
OPTSTK,DEMOSTK,25-JUN-2026,1700,CE,1.22,1.9,0.05,0.75,0.75,568,0.11,21252,-3787,26-JUN-2026
OPTSTK,DEMOSTK,25-JUN-2026,1700,PE,226.21,226.27,223.95,224.97,224.97,1932,108.66,31028,43,26-JUN-2026
OPTSTK,DEMOSTK,25-JUN-2026,1300,CE,172.19,173.3,171.52,171.99,171.99,861,37.02,34773,-1403,29-JUN-2026
OPTSTK,DEMOSTK,25-JUN-2026,1300,PE,-0.0,3.85,0.05,1.39,1.39,2287,0.79,23175,2269,29-JUN-2026
OPTSTK,DEMOSTK,25-JUN-2026,1320,CE,151.73,152.88,150.82,152.75,152.75,1617,61.75,13992,1705,29-JUN-2026
OPTSTK,DEMOSTK,25-JUN-2026,1320,PE,3.18,3.82,1.09,1.66,1.66,2041,0.85,12754,-2277,29-JUN-2026
OPTSTK,DEMOSTK,25-JUN-2026,1340,CE,133.86,134.16,132.77,132.95,132.95,1903,63.25,19889,-2002,29-JUN-2026
OPTSTK,DEMOSTK,25-JUN-2026,1340,PE,-0.16,2.81,0.05,1.18,1.18,441,0.13,46179,-4335,29-JUN-2026
OPTSTK,DEMOSTK,25-JUN-2026,1360,CE,112.83,113.92,111.76,112.7,112.7,1237,34.85,17972,-2120,29-JUN-2026
OPTSTK,DEMOSTK,25-JUN-2026,1360,PE,3.16,4.39,0.35,1.48,1.48,88,0.03,6048,1173,29-JUN-2026
OPTSTK,DEMOSTK,25-JUN-2026,1380,CE,94.34,95.38,90.61,93.03,93.03,2222,51.68,40776,-4106,29-JUN-2026
OPTSTK,DEMOSTK,25-JUN-2026,1380,PE,0.1,1.7,0.05,0.5,0.5,2284,0.29,33531,4028,29-JUN-2026
OPTSTK,DEMOSTK,25-JUN-2026,1400,CE,73.39,75.13,70.58,73.88,73.88,221,4.08,43847,-2184,29-JUN-2026
OPTSTK,DEMOSTK,25-JUN-2026,1400,PE,4.44,7.1,0.43,2.49,2.49,2673,1.66,37468,-3574,29-JUN-2026
OPTSTK,DEMOSTK,25-JUN-2026,1420,CE,55.57,56.7,53.71,54.37,54.37,2128,28.92,1762,-1095,29-JUN-2026
OPTSTK,DEMOSTK,25-JUN-2026,1420,PE,2.02,3.59,0.05,3.08,3.08,2814,2.17,34466,2272,29-JUN-2026
OPTSTK,DEMOSTK,25-JUN-2026,1440,CE,34.02,34.03,29.54,32.33,32.33,827,6.68,42952,743,29-JUN-2026
OPTSTK,DEMOSTK,25-JUN-2026,1440,PE,3.73,4.98,1.07,1.84,1.84,979,0.45,12403,-4420,29-JUN-2026
OPTSTK,DEMOSTK,25-JUN-2026,1460,CE,13.77,14.13,13.61,13.89,13.89,1289,4.48,6820,-4803,29-JUN-2026
OPTSTK,DEMOSTK,25-JUN-2026,1460,PE,2.88,4.38,2.09,3.63,3.63,1806,1.64,32306,-3884,29-JUN-2026
OPTSTK,DEMOSTK,25-JUN-2026,1480,CE,3.83,6.23,1.5,3.12,3.12,152,0.12,44408,2746,29-JUN-2026
OPTSTK,DEMOSTK,25-JUN-2026,1480,PE,11.16,12.91,7.68,9.74,9.74,2862,6.97,3643,3454,29-JUN-2026
OPTSTK,DEMOSTK,25-JUN-2026,1500,CE,2.41,5.63,1.35,3.39,3.39,1039,0.88,37520,-685,29-JUN-2026
OPTSTK,DEMOSTK,25-JUN-2026,1500,PE,29.14,31.32,28.76,30.77,30.77,453,3.48,37262,-1580,29-JUN-2026
OPTSTK,DEMOSTK,25-JUN-2026,1520,CE,2.75,4.72,1.03,3.35,3.35,2898,2.43,31822,-3602,29-JUN-2026
OPTSTK,DEMOSTK,25-JUN-2026,1520,PE,49.92,50.88,49.86,50.56,50.56,1739,21.98,22559,4157,29-JUN-2026
OPTSTK,DEMOSTK,25-JUN-2026,1540,CE,3.95,5.96,0.93,2.37,2.37,1665,0.99,39586,-4897,29-JUN-2026
OPTSTK,DEMOSTK,25-JUN-2026,1540,PE,69.61,72.08,69.54,71.19,71.19,168,2.99,9134,3898,29-JUN-2026
OPTSTK,DEMOSTK,25-JUN-2026,1560,CE,1.26,2.26,0.05,1.98,1.98,2296,1.14,37771,-2740,29-JUN-2026
OPTSTK,DEMOSTK,25-JUN-2026,1560,PE,89.96,91.26,88.21,89.69,89.69,350,7.85,20407,4583,29-JUN-2026
OPTSTK,DEMOSTK,25-JUN-2026,1580,CE,0.58,4.97,0.18,2.38,2.38,805,0.48,15660,-2208,29-JUN-2026
OPTSTK,DEMOSTK,25-JUN-2026,1580,PE,107.91,109.77,105.7,109.04,109.04,1346,36.69,48257,-1119,29-JUN-2026
OPTSTK,DEMOSTK,25-JUN-2026,1600,CE,2.94,5.58,0.85,1.24,1.24,2811,0.87,16458,-2014,29-JUN-2026
OPTSTK,DEMOSTK,25-JUN-2026,1600,PE,129.18,129.86,128.36,129.59,129.59,421,13.64,11254,-3857,29-JUN-2026
OPTSTK,DEMOSTK,25-JUN-2026,1620,CE,2.18,3.82,0.05,1.63,1.63,799,0.33,21887,1344,29-JUN-2026
OPTSTK,DEMOSTK,25-JUN-2026,1620,PE,148.87,150.55,148.21,149.95,149.95,1244,46.63,14218,-4448,29-JUN-2026
OPTSTK,DEMOSTK,25-JUN-2026,1640,CE,1.34,2.86,0.05,0.65,0.65,2895,0.47,15686,-1065,29-JUN-2026
OPTSTK,DEMOSTK,25-JUN-2026,1640,PE,170.1,171.36,166.41,169.12,169.12,2167,91.62,12946,-1558,29-JUN-2026
OPTSTK,DEMOSTK,25-JUN-2026,1660,CE,-0.35,2.02,0.05,0.8,0.8,2454,0.49,8934,2879,29-JUN-2026
OPTSTK,DEMOSTK,25-JUN-2026,1660,PE,188.83,191.89,185.85,189.24,189.24,1583,74.89,36152,735,29-JUN-2026
OPTSTK,DEMOSTK,25-JUN-2026,1680,CE,-1.56,2.65,0.05,0.19,0.19,1557,0.07,39092,-1118,29-JUN-2026
OPTSTK,DEMOSTK,25-JUN-2026,1680,PE,207.83,209.58,206.16,208.64,208.64,625,32.6,16745,71,29-JUN-2026
OPTSTK,DEMOSTK,25-JUN-2026,1700,CE,2.03,4.71,0.05,0.31,0.31,518,0.04,48542,3564,29-JUN-2026
OPTSTK,DEMOSTK,25-JUN-2026,1700,PE,227.06,231.69,226.55,228.76,228.76,1763,100.83,41837,3989,29-JUN-2026
OPTSTK,DEMOSTK,25-JUN-2026,1300,CE,168.02,171.04,165.68,168.76,168.76,2788,117.63,3944,-1209,30-JUN-2026
OPTSTK,DEMOSTK,25-JUN-2026,1300,PE,1.12,2.73,0.05,0.94,0.94,2884,0.68,24153,-2030,30-JUN-2026
OPTSTK,DEMOSTK,25-JUN-2026,1320,CE,147.54,148.69,146.7,148.28,148.28,2779,103.02,20462,-399,30-JUN-2026
OPTSTK,DEMOSTK,25-JUN-2026,1320,PE,3.44,5.81,0.05,1.45,1.45,2727,0.99,20680,-1541,30-JUN-2026
OPTSTK,DEMOSTK,25-JUN-2026,1340,CE,130.25,130.91,127.33,129.16,129.16,69,2.23,26747,2559,30-JUN-2026
OPTSTK,DEMOSTK,25-JUN-2026,1340,PE,0.92,3.93,0.87,1.76,1.76,1714,0.75,27854,-4555,30-JUN-2026
OPTSTK,DEMOSTK,25-JUN-2026,1360,CE,109.55,110.27,106.2,108.53,108.53,504,13.67,45400,-90,30-JUN-2026
OPTSTK,DEMOSTK,25-JUN-2026,1360,PE,2.41,3.09,0.05,2.0,2.0,961,0.48,12034,710,30-JUN-2026
OPTSTK,DEMOSTK,25-JUN-2026,1380,CE,86.84,90.79,84.06,88.14,88.14,132,2.91,37417,3656,30-JUN-2026
OPTSTK,DEMOSTK,25-JUN-2026,1380,PE,2.33,3.29,1.11,2.63,2.63,1625,1.07,29198,3776,30-JUN-2026
OPTSTK,DEMOSTK,25-JUN-2026,1400,CE,69.23,71.34,68.47,70.3,70.3,2728,47.94,34537,-4672,30-JUN-2026
OPTSTK,DEMOSTK,25-JUN-2026,1400,PE,0.26,2.76,0.05,0.72,0.72,724,0.13,26454,2387,30-JUN-2026
OPTSTK,DEMOSTK,25-JUN-2026,1420,CE,47.87,49.73,46.59,49.41,49.41,2540,31.38,29114,-2222,30-JUN-2026
OPTSTK,DEMOSTK,25-JUN-2026,1420,PE,2.35,5.11,0.23,2.2,2.2,681,0.37,28138,1046,30-JUN-2026
OPTSTK,DEMOSTK,25-JUN-2026,1440,CE,31.03,32.63,30.87,30.96,30.96,1703,13.18,6380,3071,30-JUN-2026
OPTSTK,DEMOSTK,25-JUN-2026,1440,PE,3.05,3.14,1.99,2.78,2.78,1062,0.74,2052,-1575,30-JUN-2026
OPTSTK,DEMOSTK,25-JUN-2026,1460,CE,9.23,11.17,7.54,8.71,8.71,2838,6.18,23337,2399,30-JUN-2026
OPTSTK,DEMOSTK,25-JUN-2026,1460,PE,3.51,4.24,1.69,3.66,3.66,1140,1.04,47800,-2237,30-JUN-2026
OPTSTK,DEMOSTK,25-JUN-2026,1480,CE,0.74,3.31,0.05,1.11,1.11,730,0.2,13154,-401,30-JUN-2026
OPTSTK,DEMOSTK,25-JUN-2026,1480,PE,14.21,16.84,13.38,16.16,16.16,2827,11.42,14103,-1511,30-JUN-2026
OPTSTK,DEMOSTK,25-JUN-2026,1500,CE,2.29,5.28,0.55,2.19,2.19,2467,1.35,20673,-2082,30-JUN-2026
OPTSTK,DEMOSTK,25-JUN-2026,1500,PE,33.1,35.47,31.04,34.63,34.63,2669,23.11,30739,2042,30-JUN-2026
OPTSTK,DEMOSTK,25-JUN-2026,1520,CE,0.1,4.47,0.05,1.56,1.56,1957,0.76,29693,-3428,30-JUN-2026
OPTSTK,DEMOSTK,25-JUN-2026,1520,PE,56.92,59.3,55.22,55.43,55.43,2312,32.04,26465,2319,30-JUN-2026
OPTSTK,DEMOSTK,25-JUN-2026,1540,CE,1.55,3.12,0.05,1.59,1.59,924,0.37,28828,-2088,30-JUN-2026
OPTSTK,DEMOSTK,25-JUN-2026,1540,PE,72.8,74.69,70.81,74.55,74.55,2645,49.3,45856,-3739,30-JUN-2026
OPTSTK,DEMOSTK,25-JUN-2026,1560,CE,4.0,5.81,0.05,2.04,2.04,86,0.04,33484,-2896,30-JUN-2026
OPTSTK,DEMOSTK,25-JUN-2026,1560,PE,93.91,96.23,90.17,93.07,93.07,1343,31.25,27356,-2989,30-JUN-2026
OPTSTK,DEMOSTK,25-JUN-2026,1580,CE,3.78,5.17,0.05,2.34,2.34,2273,1.33,37984,-945,30-JUN-2026
OPTSTK,DEMOSTK,25-JUN-2026,1580,PE,112.92,115.34,111.41,114.17,114.17,1927,55.0,37764,605,30-JUN-2026
OPTSTK,DEMOSTK,25-JUN-2026,1600,CE,2.8,3.04,0.39,0.92,0.92,1478,0.34,27131,2651,30-JUN-2026
OPTSTK,DEMOSTK,25-JUN-2026,1600,PE,134.45,137.12,131.9,133.14,133.14,2738,91.13,5969,-670,30-JUN-2026
OPTSTK,DEMOSTK,25-JUN-2026,1620,CE,2.9,4.71,0.41,1.14,1.14,922,0.26,29512,-646,30-JUN-2026
OPTSTK,DEMOSTK,25-JUN-2026,1620,PE,155.08,155.79,152.08,153.73,153.73,2762,106.15,49402,3904,30-JUN-2026
OPTSTK,DEMOSTK,25-JUN-2026,1640,CE,-0.97,2.1,0.05,0.99,0.99,1891,0.47,7191,-4641,30-JUN-2026
OPTSTK,DEMOSTK,25-JUN-2026,1640,PE,172.72,175.2,171.36,173.32,173.32,1355,58.71,11913,2926,30-JUN-2026
OPTSTK,DEMOSTK,25-JUN-2026,1660,CE,-0.46,3.16,0.05,0.94,0.94,1307,0.31,19173,849,30-JUN-2026
OPTSTK,DEMOSTK,25-JUN-2026,1660,PE,191.72,193.78,191.4,192.94,192.94,1596,76.98,25176,-3721,30-JUN-2026
OPTSTK,DEMOSTK,25-JUN-2026,1680,CE,-0.15,1.77,0.05,0.57,0.57,2107,0.3,19594,-3329,30-JUN-2026
OPTSTK,DEMOSTK,25-JUN-2026,1680,PE,214.24,216.96,212.57,213.02,213.02,2809,149.59,13273,-1181,30-JUN-2026
OPTSTK,DEMOSTK,25-JUN-2026,1700,CE,2.32,4.62,0.31,0.64,0.64,365,0.06,23262,278,30-JUN-2026
OPTSTK,DEMOSTK,25-JUN-2026,1700,PE,233.12,234.2,231.38,232.95,232.95,1086,63.25,32285,-1592,30-JUN-2026
OPTSTK,DEMOSTK,25-JUN-2026,1300,CE,167.87,169.42,166.11,166.39,166.39,2766,115.06,46197,4106,01-JUL-2026
OPTSTK,DEMOSTK,25-JUN-2026,1300,PE,-0.5,2.98,0.05,0.41,0.41,1962,0.2,15214,375,01-JUL-2026
OPTSTK,DEMOSTK,25-JUN-2026,1320,CE,146.91,147.96,145.97,146.35,146.35,2687,98.31,13042,-1323,01-JUL-2026
OPTSTK,DEMOSTK,25-JUN-2026,1320,PE,1.31,4.19,0.65,1.4,1.4,2973,1.04,15535,1384,01-JUL-2026
OPTSTK,DEMOSTK,25-JUN-2026,1340,CE,128.86,129.62,124.93,126.99,126.99,2209,70.13,30415,1970,01-JUL-2026
OPTSTK,DEMOSTK,25-JUN-2026,1340,PE,3.1,4.78,0.18,1.51,1.51,265,0.1,9336,-30,01-JUL-2026
OPTSTK,DEMOSTK,25-JUN-2026,1360,CE,104.59,106.07,102.94,105.86,105.86,2697,71.38,40621,539,01-JUL-2026
OPTSTK,DEMOSTK,25-JUN-2026,1360,PE,2.16,4.4,0.77,0.94,0.94,858,0.2,14218,-2445,01-JUL-2026
OPTSTK,DEMOSTK,25-JUN-2026,1380,CE,88.8,88.99,87.08,87.81,87.81,713,15.65,42129,-2203,01-JUL-2026
OPTSTK,DEMOSTK,25-JUN-2026,1380,PE,3.27,5.78,0.64,1.5,1.5,1165,0.44,32038,3217,01-JUL-2026
OPTSTK,DEMOSTK,25-JUN-2026,1400,CE,68.0,68.78,66.14,66.53,66.53,1596,26.55,39586,2153,01-JUL-2026
OPTSTK,DEMOSTK,25-JUN-2026,1400,PE,3.45,4.5,0.05,1.58,1.58,1863,0.74,11592,-667,01-JUL-2026
OPTSTK,DEMOSTK,25-JUN-2026,1420,CE,47.53,49.7,44.77,48.34,48.34,540,6.53,21009,4976,01-JUL-2026
OPTSTK,DEMOSTK,25-JUN-2026,1420,PE,1.42,4.14,0.05,2.96,2.96,1307,0.97,1687,-2032,01-JUL-2026
OPTSTK,DEMOSTK,25-JUN-2026,1440,CE,28.19,30.18,27.23,27.73,27.73,338,2.34,10082,-4265,01-JUL-2026
OPTSTK,DEMOSTK,25-JUN-2026,1440,PE,2.49,5.18,1.78,3.74,3.74,1590,1.49,12005,4028,01-JUL-2026
OPTSTK,DEMOSTK,25-JUN-2026,1460,CE,6.35,7.62,5.69,6.28,6.28,1003,1.57,12196,-886,01-JUL-2026
OPTSTK,DEMOSTK,25-JUN-2026,1460,PE,2.92,5.25,0.57,3.08,3.08,1216,0.94,20473,-4085,01-JUL-2026
OPTSTK,DEMOSTK,25-JUN-2026,1480,CE,3.73,5.51,1.39,3.52,3.52,2184,1.92,40937,4118,01-JUL-2026
OPTSTK,DEMOSTK,25-JUN-2026,1480,PE,15.03,16.06,13.42,15.46,15.46,2922,11.29,32922,543,01-JUL-2026
OPTSTK,DEMOSTK,25-JUN-2026,1500,CE,2.96,5.76,2.61,2.84,2.84,1205,0.86,12876,-2272,01-JUL-2026
OPTSTK,DEMOSTK,25-JUN-2026,1500,PE,36.32,38.97,32.71,35.61,35.61,2746,24.45,17156,-3778,01-JUL-2026
OPTSTK,DEMOSTK,25-JUN-2026,1520,CE,3.15,3.92,0.05,2.31,2.31,1900,1.1,26786,3146,01-JUL-2026
OPTSTK,DEMOSTK,25-JUN-2026,1520,PE,56.62,59.02,55.38,56.22,56.22,1682,23.64,4699,-270,01-JUL-2026
OPTSTK,DEMOSTK,25-JUN-2026,1540,CE,2.0,4.47,1.23,2.12,2.12,1531,0.81,27181,1740,01-JUL-2026
OPTSTK,DEMOSTK,25-JUN-2026,1540,PE,76.2,77.39,75.54,77.01,77.01,914,17.6,36364,1956,01-JUL-2026
OPTSTK,DEMOSTK,25-JUN-2026,1560,CE,2.9,4.62,0.05,1.98,1.98,842,0.42,35799,-1986,01-JUL-2026
OPTSTK,DEMOSTK,25-JUN-2026,1560,PE,95.64,98.07,93.4,96.51,96.51,2681,64.69,49194,-3225,01-JUL-2026
OPTSTK,DEMOSTK,25-JUN-2026,1580,CE,0.75,4.6,0.05,2.2,2.2,2440,1.34,3885,-690,01-JUL-2026
OPTSTK,DEMOSTK,25-JUN-2026,1580,PE,117.74,119.53,115.8,116.88,116.88,2869,83.83,18533,2415,01-JUL-2026
OPTSTK,DEMOSTK,25-JUN-2026,1600,CE,1.46,2.72,0.05,0.73,0.73,2863,0.52,25552,-4266,01-JUL-2026
OPTSTK,DEMOSTK,25-JUN-2026,1600,PE,135.47,136.54,133.68,135.54,135.54,200,6.78,40282,-390,01-JUL-2026
OPTSTK,DEMOSTK,25-JUN-2026,1620,CE,0.44,4.33,0.21,1.49,1.49,1059,0.39,31008,-3819,01-JUL-2026
OPTSTK,DEMOSTK,25-JUN-2026,1620,PE,156.32,158.68,152.9,155.87,155.87,858,33.43,14825,798,01-JUL-2026
OPTSTK,DEMOSTK,25-JUN-2026,1640,CE,0.25,2.71,0.05,0.51,0.51,1450,0.18,44857,41,01-JUL-2026
OPTSTK,DEMOSTK,25-JUN-2026,1640,PE,176.54,178.45,174.23,175.07,175.07,2003,87.67,1761,-2396,01-JUL-2026
OPTSTK,DEMOSTK,25-JUN-2026,1660,CE,0.33,3.67,0.05,0.93,0.93,500,0.12,12694,1131,01-JUL-2026
OPTSTK,DEMOSTK,25-JUN-2026,1660,PE,196.29,197.08,194.13,195.04,195.04,99,4.83,10983,-2485,01-JUL-2026
OPTSTK,DEMOSTK,25-JUN-2026,1680,CE,1.24,3.75,0.05,0.52,0.52,917,0.12,3474,4664,01-JUL-2026
OPTSTK,DEMOSTK,25-JUN-2026,1680,PE,215.74,218.67,213.53,215.39,215.39,2220,119.54,46533,-1157,01-JUL-2026
OPTSTK,DEMOSTK,25-JUN-2026,1700,CE,-1.0,3.34,0.05,0.4,0.4,1553,0.16,18994,-4235,01-JUL-2026
OPTSTK,DEMOSTK,25-JUN-2026,1700,PE,234.24,235.29,231.75,235.22,235.22,1341,78.86,23541,2310,01-JUL-2026
OPTSTK,DEMOSTK,25-JUN-2026,1300,CE,163.82,166.87,161.07,164.76,164.76,1295,53.34,36228,195,02-JUL-2026
OPTSTK,DEMOSTK,25-JUN-2026,1300,PE,-0.18,3.26,0.05,0.59,0.59,2906,0.43,23604,-4634,02-JUL-2026
OPTSTK,DEMOSTK,25-JUN-2026,1320,CE,145.74,146.22,143.63,144.31,144.31,2575,92.9,26541,-1154,02-JUL-2026
OPTSTK,DEMOSTK,25-JUN-2026,1320,PE,-0.61,1.2,0.05,0.91,0.91,2832,0.64,4180,504,02-JUL-2026
OPTSTK,DEMOSTK,25-JUN-2026,1340,CE,124.65,127.81,123.73,125.45,125.45,1176,36.88,47297,-1163,02-JUL-2026
OPTSTK,DEMOSTK,25-JUN-2026,1340,PE,0.5,1.67,0.05,1.12,1.12,1350,0.38,47395,209,02-JUL-2026
OPTSTK,DEMOSTK,25-JUN-2026,1360,CE,105.08,105.99,103.64,105.74,105.74,2851,75.37,39988,-3496,02-JUL-2026
OPTSTK,DEMOSTK,25-JUN-2026,1360,PE,2.87,4.11,0.81,2.27,2.27,1038,0.59,26588,4173,02-JUL-2026
OPTSTK,DEMOSTK,25-JUN-2026,1380,CE,86.54,88.66,85.12,86.09,86.09,2688,57.85,33776,-3753,02-JUL-2026
OPTSTK,DEMOSTK,25-JUN-2026,1380,PE,0.95,4.84,0.05,2.73,2.73,244,0.17,27523,-4643,02-JUL-2026
OPTSTK,DEMOSTK,25-JUN-2026,1400,CE,64.86,68.72,62.56,65.89,65.89,619,10.2,13522,534,02-JUL-2026
OPTSTK,DEMOSTK,25-JUN-2026,1400,PE,1.92,2.07,0.05,1.07,1.07,1479,0.4,46110,-3856,02-JUL-2026
OPTSTK,DEMOSTK,25-JUN-2026,1420,CE,45.21,47.86,44.62,45.75,45.75,1261,14.42,3342,-1246,02-JUL-2026
OPTSTK,DEMOSTK,25-JUN-2026,1420,PE,2.96,6.01,0.52,3.6,3.6,2436,2.19,41453,3986,02-JUL-2026
OPTSTK,DEMOSTK,25-JUN-2026,1440,CE,27.04,29.68,25.59,27.26,27.26,1377,9.38,33699,2055,02-JUL-2026
OPTSTK,DEMOSTK,25-JUN-2026,1440,PE,2.85,5.08,0.51,1.04,1.04,2485,0.65,3600,402,02-JUL-2026
OPTSTK,DEMOSTK,25-JUN-2026,1460,CE,8.5,10.79,3.89,6.65,6.65,2904,4.83,48815,4948,02-JUL-2026
OPTSTK,DEMOSTK,25-JUN-2026,1460,PE,3.64,4.69,2.5,4.17,4.17,476,0.5,16727,2035,02-JUL-2026
OPTSTK,DEMOSTK,25-JUN-2026,1480,CE,1.31,4.27,0.96,1.51,1.51,986,0.37,25257,-670,02-JUL-2026
OPTSTK,DEMOSTK,25-JUN-2026,1480,PE,21.05,23.97,18.57,19.71,19.71,158,0.78,28907,-3311,02-JUL-2026
OPTSTK,DEMOSTK,25-JUN-2026,1500,CE,1.29,1.83,0.05,0.53,0.53,1917,0.25,31215,2690,02-JUL-2026
OPTSTK,DEMOSTK,25-JUN-2026,1500,PE,39.82,40.88,38.2,40.32,40.32,601,6.06,21141,-996,02-JUL-2026
OPTSTK,DEMOSTK,25-JUN-2026,1520,CE,1.29,3.56,0.05,2.33,2.33,2069,1.21,42675,4154,02-JUL-2026
OPTSTK,DEMOSTK,25-JUN-2026,1520,PE,57.07,59.16,55.53,59.03,59.03,1797,26.52,43447,-2415,02-JUL-2026
OPTSTK,DEMOSTK,25-JUN-2026,1540,CE,3.9,4.59,0.71,2.19,2.19,2377,1.3,35559,317,02-JUL-2026
OPTSTK,DEMOSTK,25-JUN-2026,1540,PE,78.47,79.88,75.9,79.72,79.72,54,1.08,27708,4522,02-JUL-2026
OPTSTK,DEMOSTK,25-JUN-2026,1560,CE,-0.31,1.77,0.05,1.68,1.68,1429,0.6,26524,-4018,02-JUL-2026
OPTSTK,DEMOSTK,25-JUN-2026,1560,PE,98.16,98.61,96.08,97.7,97.7,2203,53.81,32714,-3011,02-JUL-2026
OPTSTK,DEMOSTK,25-JUN-2026,1580,CE,1.46,4.45,0.05,1.68,1.68,862,0.36,48613,4575,02-JUL-2026
OPTSTK,DEMOSTK,25-JUN-2026,1580,PE,116.83,120.2,114.73,117.52,117.52,506,14.87,40731,-119,02-JUL-2026
OPTSTK,DEMOSTK,25-JUN-2026,1600,CE,0.03,3.49,0.05,1.55,1.55,699,0.27,47558,-849,02-JUL-2026
OPTSTK,DEMOSTK,25-JUN-2026,1600,PE,137.41,137.42,136.29,137.27,137.27,2618,89.84,32263,1387,02-JUL-2026
OPTSTK,DEMOSTK,25-JUN-2026,1620,CE,0.13,1.3,0.05,1.07,1.07,2918,0.78,36048,-4265,02-JUL-2026
OPTSTK,DEMOSTK,25-JUN-2026,1620,PE,158.82,161.36,154.85,157.05,157.05,537,21.08,12675,2932,02-JUL-2026
OPTSTK,DEMOSTK,25-JUN-2026,1640,CE,-0.22,0.67,0.05,0.61,0.61,2612,0.4,33413,-4956,02-JUL-2026
OPTSTK,DEMOSTK,25-JUN-2026,1640,PE,177.67,178.53,176.85,177.52,177.52,1287,57.12,43223,-960,02-JUL-2026
OPTSTK,DEMOSTK,25-JUN-2026,1660,CE,-0.04,2.51,0.05,0.35,0.35,233,0.02,9436,-4458,02-JUL-2026
OPTSTK,DEMOSTK,25-JUN-2026,1660,PE,196.74,197.93,194.37,197.27,197.27,2250,110.96,1946,-1307,02-JUL-2026
OPTSTK,DEMOSTK,25-JUN-2026,1680,CE,-0.37,2.58,0.05,0.75,0.75,547,0.1,48517,3883,02-JUL-2026
OPTSTK,DEMOSTK,25-JUN-2026,1680,PE,217.17,219.77,216.95,217.15,217.15,357,19.38,24886,-3227,02-JUL-2026
OPTSTK,DEMOSTK,25-JUN-2026,1700,CE,1.58,1.83,0.05,0.23,0.23,1018,0.06,37283,3867,02-JUL-2026
OPTSTK,DEMOSTK,25-JUN-2026,1700,PE,237.08,238.4,234.98,236.94,236.94,429,25.41,19814,2729,02-JUL-2026
OPTSTK,DEMOSTK,25-JUN-2026,1300,CE,164.43,166.42,163.26,163.34,163.34,1668,68.11,8241,981,03-JUL-2026
OPTSTK,DEMOSTK,25-JUN-2026,1300,PE,2.91,3.99,0.79,1.56,1.56,2131,0.83,40713,3196,03-JUL-2026
OPTSTK,DEMOSTK,25-JUN-2026,1320,CE,143.35,144.83,142.35,144.21,144.21,1737,62.62,41435,4906,03-JUL-2026
OPTSTK,DEMOSTK,25-JUN-2026,1320,PE,0.01,3.73,0.05,1.16,1.16,2475,0.72,5820,605,03-JUL-2026
OPTSTK,DEMOSTK,25-JUN-2026,1340,CE,124.03,126.02,121.22,123.24,123.24,1029,31.7,18767,1247,03-JUL-2026
OPTSTK,DEMOSTK,25-JUN-2026,1340,PE,1.55,3.69,0.05,1.18,1.18,1501,0.44,23168,-3487,03-JUL-2026
OPTSTK,DEMOSTK,25-JUN-2026,1360,CE,103.32,106.24,101.29,104.73,104.73,280,7.33,45020,-4486,03-JUL-2026
OPTSTK,DEMOSTK,25-JUN-2026,1360,PE,-0.63,1.22,0.05,1.09,1.09,2110,0.57,6444,-2712,03-JUL-2026
OPTSTK,DEMOSTK,25-JUN-2026,1380,CE,85.69,86.67,83.26,83.74,83.74,2272,47.56,17490,3320,03-JUL-2026
OPTSTK,DEMOSTK,25-JUN-2026,1380,PE,2.84,4.93,0.72,2.04,2.04,2570,1.31,1136,3341,03-JUL-2026
OPTSTK,DEMOSTK,25-JUN-2026,1400,CE,64.55,66.95,60.67,63.13,63.13,866,13.67,10523,-1018,03-JUL-2026
OPTSTK,DEMOSTK,25-JUN-2026,1400,PE,1.77,4.64,0.72,2.85,2.85,1300,0.93,10714,1009,03-JUL-2026
OPTSTK,DEMOSTK,25-JUN-2026,1420,CE,42.4,46.1,42.39,44.22,44.22,1793,19.82,47296,1235,03-JUL-2026
OPTSTK,DEMOSTK,25-JUN-2026,1420,PE,3.15,4.15,1.14,2.34,2.34,58,0.03,38953,3388,03-JUL-2026
OPTSTK,DEMOSTK,25-JUN-2026,1440,CE,25.96,26.88,23.2,25.17,25.17,2680,16.86,43094,-873,03-JUL-2026
OPTSTK,DEMOSTK,25-JUN-2026,1440,PE,3.58,6.23,3.15,4.04,4.04,2098,2.12,9872,3137,03-JUL-2026
OPTSTK,DEMOSTK,25-JUN-2026,1460,CE,6.12,6.29,3.06,5.98,5.98,2070,3.09,27768,-1586,03-JUL-2026
OPTSTK,DEMOSTK,25-JUN-2026,1460,PE,4.49,5.81,2.1,4.14,4.14,2090,2.16,5637,-2028,03-JUL-2026
OPTSTK,DEMOSTK,25-JUN-2026,1480,CE,1.86,3.12,1.52,2.12,2.12,2231,1.18,30190,428,03-JUL-2026
OPTSTK,DEMOSTK,25-JUN-2026,1480,PE,21.48,24.23,18.72,19.93,19.93,2213,11.03,48075,1372,03-JUL-2026
OPTSTK,DEMOSTK,25-JUN-2026,1500,CE,2.51,5.48,0.08,2.12,2.12,1494,0.79,25449,-3781,03-JUL-2026
OPTSTK,DEMOSTK,25-JUN-2026,1500,PE,41.29,41.81,39.2,40.54,40.54,2518,25.52,45314,-4655,03-JUL-2026
OPTSTK,DEMOSTK,25-JUN-2026,1520,CE,3.38,3.88,0.66,2.53,2.53,2242,1.42,18981,-46,03-JUL-2026
OPTSTK,DEMOSTK,25-JUN-2026,1520,PE,62.47,62.91,58.68,60.59,60.59,2035,30.83,40206,911,03-JUL-2026
OPTSTK,DEMOSTK,25-JUN-2026,1540,CE,2.71,5.48,0.05,1.85,1.85,2579,1.19,14795,666,03-JUL-2026
OPTSTK,DEMOSTK,25-JUN-2026,1540,PE,78.61,79.4,76.83,78.33,78.33,399,7.81,19743,3468,03-JUL-2026
OPTSTK,DEMOSTK,25-JUN-2026,1560,CE,2.46,4.05,0.05,1.56,1.56,2653,1.03,36858,1394,03-JUL-2026
OPTSTK,DEMOSTK,25-JUN-2026,1560,PE,97.54,99.98,97.46,99.2,99.2,512,12.7,48757,-1447,03-JUL-2026
OPTSTK,DEMOSTK,25-JUN-2026,1580,CE,2.34,4.3,0.05,1.1,1.1,926,0.25,43338,109,03-JUL-2026
OPTSTK,DEMOSTK,25-JUN-2026,1580,PE,120.32,121.3,118.89,119.05,119.05,2831,84.26,17452,-3365,03-JUL-2026
OPTSTK,DEMOSTK,25-JUN-2026,1600,CE,0.8,2.17,0.05,0.96,0.96,2180,0.52,10720,641,03-JUL-2026
OPTSTK,DEMOSTK,25-JUN-2026,1600,PE,139.4,140.99,138.05,139.12,139.12,1770,61.56,6749,4635,03-JUL-2026
OPTSTK,DEMOSTK,25-JUN-2026,1620,CE,1.69,3.76,0.05,0.6,0.6,608,0.09,25392,1700,03-JUL-2026
OPTSTK,DEMOSTK,25-JUN-2026,1620,PE,158.17,158.79,157.99,158.63,158.63,2805,111.24,33733,-3501,03-JUL-2026
OPTSTK,DEMOSTK,25-JUN-2026,1640,CE,-0.72,0.94,0.05,0.65,0.65,1935,0.31,46042,4677,03-JUL-2026
OPTSTK,DEMOSTK,25-JUN-2026,1640,PE,180.25,181.66,176.43,178.27,178.27,1436,64.0,8616,-2579,03-JUL-2026
OPTSTK,DEMOSTK,25-JUN-2026,1660,CE,0.19,3.01,0.05,0.18,0.18,1069,0.05,48511,3475,03-JUL-2026
OPTSTK,DEMOSTK,25-JUN-2026,1660,PE,197.43,198.45,195.18,198.29,198.29,1689,83.73,8931,-3908,03-JUL-2026
OPTSTK,DEMOSTK,25-JUN-2026,1680,CE,0.67,3.24,0.05,0.21,0.21,1660,0.09,38794,-748,03-JUL-2026
OPTSTK,DEMOSTK,25-JUN-2026,1680,PE,216.52,218.84,215.45,218.34,218.34,2435,132.91,1295,4376,03-JUL-2026
OPTSTK,DEMOSTK,25-JUN-2026,1700,CE,0.78,3.31,0.05,0.82,0.82,1005,0.21,31206,1729,03-JUL-2026
OPTSTK,DEMOSTK,25-JUN-2026,1700,PE,236.81,241.03,234.28,238.19,238.19,752,44.78,10545,-1801,03-JUL-2026
OPTSTK,DEMOSTK,25-JUN-2026,1300,CE,160.77,162.76,157.75,159.43,159.43,348,13.87,3062,153,06-JUL-2026
OPTSTK,DEMOSTK,25-JUN-2026,1300,PE,1.25,4.24,0.05,1.09,1.09,2923,0.8,43578,-2858,06-JUL-2026
OPTSTK,DEMOSTK,25-JUN-2026,1320,CE,140.19,141.79,137.86,139.62,139.62,268,9.35,36383,-1200,06-JUL-2026
OPTSTK,DEMOSTK,25-JUN-2026,1320,PE,2.5,5.21,0.05,1.4,1.4,2083,0.73,37927,869,06-JUL-2026
OPTSTK,DEMOSTK,25-JUN-2026,1340,CE,119.31,122.01,119.12,119.45,119.45,1777,53.07,42248,-3022,06-JUL-2026
OPTSTK,DEMOSTK,25-JUN-2026,1340,PE,-1.17,1.23,0.05,0.5,0.5,2501,0.31,41022,-594,06-JUL-2026
OPTSTK,DEMOSTK,25-JUN-2026,1360,CE,102.0,103.28,98.08,100.1,100.1,1936,48.45,21060,3428,06-JUL-2026
OPTSTK,DEMOSTK,25-JUN-2026,1360,PE,2.38,4.8,0.05,0.46,0.46,1007,0.12,3753,3409,06-JUL-2026
OPTSTK,DEMOSTK,25-JUN-2026,1380,CE,82.35,83.83,79.27,81.67,81.67,1306,26.67,32423,1400,06-JUL-2026
OPTSTK,DEMOSTK,25-JUN-2026,1380,PE,4.24,6.05,1.74,2.29,2.29,1294,0.74,37997,-3216,06-JUL-2026
OPTSTK,DEMOSTK,25-JUN-2026,1400,CE,60.87,60.96,58.17,59.72,59.72,286,4.27,31853,342,06-JUL-2026
OPTSTK,DEMOSTK,25-JUN-2026,1400,PE,3.94,6.57,0.16,1.95,1.95,1953,0.95,32111,-1639,06-JUL-2026
OPTSTK,DEMOSTK,25-JUN-2026,1420,CE,39.27,40.15,38.62,39.54,39.54,2516,24.87,38679,-4203,06-JUL-2026
OPTSTK,DEMOSTK,25-JUN-2026,1420,PE,3.7,4.24,2.62,3.54,3.54,466,0.41,28491,3088,06-JUL-2026
OPTSTK,DEMOSTK,25-JUN-2026,1440,CE,18.91,21.49,18.42,19.77,19.77,2062,10.19,31798,2920,06-JUL-2026
OPTSTK,DEMOSTK,25-JUN-2026,1440,PE,4.47,6.66,1.48,2.84,2.84,711,0.5,12915,4172,06-JUL-2026
OPTSTK,DEMOSTK,25-JUN-2026,1460,CE,3.65,4.29,0.15,2.41,2.41,1607,0.97,19250,-3006,06-JUL-2026
OPTSTK,DEMOSTK,25-JUN-2026,1460,PE,0.75,3.89,0.05,2.21,2.21,2583,1.43,45550,-3760,06-JUL-2026
OPTSTK,DEMOSTK,25-JUN-2026,1480,CE,3.98,5.32,2.22,2.97,2.97,736,0.55,36977,-3617,06-JUL-2026
OPTSTK,DEMOSTK,25-JUN-2026,1480,PE,22.97,24.24,22.11,23.33,23.33,918,5.35,33176,-2932,06-JUL-2026
OPTSTK,DEMOSTK,25-JUN-2026,1500,CE,2.66,4.77,0.05,0.88,0.88,2585,0.57,10827,1534,06-JUL-2026
OPTSTK,DEMOSTK,25-JUN-2026,1500,PE,41.54,43.31,39.75,42.55,42.55,98,1.04,11564,-4704,06-JUL-2026
OPTSTK,DEMOSTK,25-JUN-2026,1520,CE,0.89,3.23,0.5,2.36,2.36,109,0.06,40667,985,06-JUL-2026
OPTSTK,DEMOSTK,25-JUN-2026,1520,PE,65.62,66.17,62.65,63.75,63.75,1987,31.67,41030,3199,06-JUL-2026
OPTSTK,DEMOSTK,25-JUN-2026,1540,CE,1.26,3.73,0.05,0.42,0.42,1888,0.2,25796,-3567,06-JUL-2026
OPTSTK,DEMOSTK,25-JUN-2026,1540,PE,81.89,84.38,79.87,82.93,82.93,1989,41.24,14665,-3640,06-JUL-2026
OPTSTK,DEMOSTK,25-JUN-2026,1560,CE,1.07,3.77,0.05,0.62,0.62,1823,0.28,22286,4421,06-JUL-2026
OPTSTK,DEMOSTK,25-JUN-2026,1560,PE,104.49,105.02,100.82,103.01,103.01,1204,31.01,39357,1493,06-JUL-2026
OPTSTK,DEMOSTK,25-JUN-2026,1580,CE,-0.13,2.88,0.05,0.92,0.92,1718,0.4,20633,4450,06-JUL-2026
OPTSTK,DEMOSTK,25-JUN-2026,1580,PE,121.79,124.46,120.27,123.06,123.06,1214,37.35,15988,-4817,06-JUL-2026
OPTSTK,DEMOSTK,25-JUN-2026,1600,CE,-0.42,0.92,0.05,0.7,0.7,719,0.13,6905,-400,06-JUL-2026
OPTSTK,DEMOSTK,25-JUN-2026,1600,PE,142.3,143.48,139.76,142.65,142.65,2503,89.26,23608,-1577,06-JUL-2026
OPTSTK,DEMOSTK,25-JUN-2026,1620,CE,-1.19,1.68,0.05,0.56,0.56,547,0.08,40178,-846,06-JUL-2026
OPTSTK,DEMOSTK,25-JUN-2026,1620,PE,163.14,164.27,159.87,161.55,161.55,1347,54.4,17771,2085,06-JUL-2026
OPTSTK,DEMOSTK,25-JUN-2026,1640,CE,0.42,1.0,0.05,0.5,0.5,1689,0.21,27655,2154,06-JUL-2026
OPTSTK,DEMOSTK,25-JUN-2026,1640,PE,183.39,186.2,181.12,181.55,181.55,1250,56.73,44864,-1891,06-JUL-2026
OPTSTK,DEMOSTK,25-JUN-2026,1660,CE,1.98,4.33,0.05,0.33,0.33,1943,0.16,48461,1157,06-JUL-2026
OPTSTK,DEMOSTK,25-JUN-2026,1660,PE,200.65,202.02,198.74,201.94,201.94,316,15.95,46153,18,06-JUL-2026
OPTSTK,DEMOSTK,25-JUN-2026,1680,CE,-0.06,0.41,0.05,0.22,0.22,522,0.03,14319,-3192,06-JUL-2026
OPTSTK,DEMOSTK,25-JUN-2026,1680,PE,223.02,224.73,220.29,221.39,221.39,1151,63.7,46915,-2959,06-JUL-2026
OPTSTK,DEMOSTK,25-JUN-2026,1700,CE,0.4,1.28,0.05,0.67,0.67,386,0.06,6900,883,06-JUL-2026
OPTSTK,DEMOSTK,25-JUN-2026,1700,PE,241.63,241.84,239.73,241.42,241.42,2093,126.32,20968,-157,06-JUL-2026
OPTSTK,DEMOSTK,25-JUN-2026,1300,CE,154.59,157.53,152.37,154.98,154.98,2958,114.61,20790,3043,07-JUL-2026
OPTSTK,DEMOSTK,25-JUN-2026,1300,PE,1.56,1.82,0.05,0.48,0.48,1523,0.18,29275,-1861,07-JUL-2026
OPTSTK,DEMOSTK,25-JUN-2026,1320,CE,136.59,139.1,133.98,134.97,134.97,2981,100.59,42849,4511,07-JUL-2026
OPTSTK,DEMOSTK,25-JUN-2026,1320,PE,0.91,2.92,0.05,2.01,2.01,639,0.32,8316,-403,07-JUL-2026
OPTSTK,DEMOSTK,25-JUN-2026,1340,CE,116.5,119.01,113.31,116.2,116.2,2012,58.45,48754,2808,07-JUL-2026
OPTSTK,DEMOSTK,25-JUN-2026,1340,PE,1.8,3.59,0.05,1.47,1.47,1397,0.51,38070,3304,07-JUL-2026
OPTSTK,DEMOSTK,25-JUN-2026,1360,CE,95.11,99.42,92.91,96.52,96.52,1903,45.92,10081,-2309,07-JUL-2026
OPTSTK,DEMOSTK,25-JUN-2026,1360,PE,2.71,5.25,1.31,1.72,1.72,2863,1.23,43969,2743,07-JUL-2026
OPTSTK,DEMOSTK,25-JUN-2026,1380,CE,74.01,77.51,72.31,75.23,75.23,1554,29.23,38512,1401,07-JUL-2026
OPTSTK,DEMOSTK,25-JUN-2026,1380,PE,1.93,4.9,1.38,1.72,1.72,267,0.11,27614,731,07-JUL-2026
OPTSTK,DEMOSTK,25-JUN-2026,1400,CE,56.44,57.87,55.81,57.19,57.19,2943,42.08,1378,-1945,07-JUL-2026
OPTSTK,DEMOSTK,25-JUN-2026,1400,PE,4.19,4.83,3.39,3.51,3.51,147,0.13,26474,3645,07-JUL-2026
OPTSTK,DEMOSTK,25-JUN-2026,1420,CE,38.29,39.07,35.84,38.16,38.16,234,2.23,12898,662,07-JUL-2026
OPTSTK,DEMOSTK,25-JUN-2026,1420,PE,0.19,1.69,0.05,1.64,1.64,2606,1.07,47036,-1634,07-JUL-2026
OPTSTK,DEMOSTK,25-JUN-2026,1440,CE,17.04,17.55,15.69,17.41,17.41,507,2.21,26153,-172,07-JUL-2026
OPTSTK,DEMOSTK,25-JUN-2026,1440,PE,4.16,5.71,3.16,3.35,3.35,2145,1.8,48294,-1937,07-JUL-2026
OPTSTK,DEMOSTK,25-JUN-2026,1460,CE,2.77,6.38,0.87,4.16,4.16,2303,2.4,16410,-3015,07-JUL-2026
OPTSTK,DEMOSTK,25-JUN-2026,1460,PE,8.31,10.53,8.09,8.86,8.86,1924,4.26,18699,-3919,07-JUL-2026
OPTSTK,DEMOSTK,25-JUN-2026,1480,CE,2.51,5.08,0.84,3.62,3.62,2916,2.64,30804,-964,07-JUL-2026
OPTSTK,DEMOSTK,25-JUN-2026,1480,PE,26.76,28.35,25.35,27.29,27.29,2470,16.85,11090,2409,07-JUL-2026
OPTSTK,DEMOSTK,25-JUN-2026,1500,CE,1.55,3.27,0.05,1.03,1.03,2181,0.56,24214,4614,07-JUL-2026
OPTSTK,DEMOSTK,25-JUN-2026,1500,PE,48.24,50.65,47.34,49.05,49.05,2515,30.84,12664,-2,07-JUL-2026
OPTSTK,DEMOSTK,25-JUN-2026,1520,CE,4.69,6.67,1.89,2.76,2.76,2573,1.78,23506,3956,07-JUL-2026
OPTSTK,DEMOSTK,25-JUN-2026,1520,PE,65.25,66.69,63.87,65.96,65.96,1521,25.08,1061,3203,07-JUL-2026
OPTSTK,DEMOSTK,25-JUN-2026,1540,CE,2.81,3.82,0.25,2.16,2.16,2319,1.25,8159,-1199,07-JUL-2026
OPTSTK,DEMOSTK,25-JUN-2026,1540,PE,88.02,88.65,86.15,87.38,87.38,725,15.84,41979,-783,07-JUL-2026
OPTSTK,DEMOSTK,25-JUN-2026,1560,CE,1.58,2.24,0.05,1.85,1.85,134,0.06,10863,-2556,07-JUL-2026
OPTSTK,DEMOSTK,25-JUN-2026,1560,PE,107.18,108.92,104.32,106.46,106.46,422,11.23,14969,-1431,07-JUL-2026
OPTSTK,DEMOSTK,25-JUN-2026,1580,CE,1.4,2.77,0.05,0.75,0.75,1050,0.2,31196,1351,07-JUL-2026
OPTSTK,DEMOSTK,25-JUN-2026,1580,PE,128.8,130.55,126.02,127.37,127.37,1868,59.48,8288,2907,07-JUL-2026
OPTSTK,DEMOSTK,25-JUN-2026,1600,CE,0.5,3.1,0.05,0.83,0.83,2825,0.59,49895,3385,07-JUL-2026
OPTSTK,DEMOSTK,25-JUN-2026,1600,PE,147.49,147.92,145.85,145.9,145.9,2922,106.58,13552,-1376,07-JUL-2026
OPTSTK,DEMOSTK,25-JUN-2026,1620,CE,1.35,1.56,1.12,1.23,1.23,2697,0.83,44370,4023,07-JUL-2026
OPTSTK,DEMOSTK,25-JUN-2026,1620,PE,167.09,168.23,164.66,166.03,166.03,2862,118.79,46131,-2730,07-JUL-2026
OPTSTK,DEMOSTK,25-JUN-2026,1640,CE,-0.79,3.36,0.05,0.76,0.76,2479,0.47,49761,-1007,07-JUL-2026
OPTSTK,DEMOSTK,25-JUN-2026,1640,PE,186.35,188.26,185.38,185.89,185.89,378,17.57,31975,-257,07-JUL-2026
OPTSTK,DEMOSTK,25-JUN-2026,1660,CE,2.04,4.82,0.05,0.17,0.17,2240,0.1,14949,3825,07-JUL-2026
OPTSTK,DEMOSTK,25-JUN-2026,1660,PE,206.86,208.51,205.94,206.26,206.26,321,16.55,11425,3147,07-JUL-2026
OPTSTK,DEMOSTK,25-JUN-2026,1680,CE,2.4,3.41,0.47,0.6,0.6,2000,0.3,43414,-4197,07-JUL-2026
OPTSTK,DEMOSTK,25-JUN-2026,1680,PE,226.61,226.99,224.83,225.56,225.56,2814,158.68,2776,4030,07-JUL-2026
OPTSTK,DEMOSTK,25-JUN-2026,1700,CE,1.66,4.48,0.05,0.43,0.43,2585,0.28,9043,-2270,07-JUL-2026
OPTSTK,DEMOSTK,25-JUN-2026,1700,PE,246.4,248.96,244.51,245.55,245.55,1748,107.31,23943,411,07-JUL-2026
OPTSTK,DEMOSTK,25-JUN-2026,1300,CE,153.57,155.4,149.54,151.99,151.99,2608,99.1,23872,-1787,08-JUL-2026
OPTSTK,DEMOSTK,25-JUN-2026,1300,PE,1.47,4.35,0.05,0.91,0.91,568,0.13,47431,-374,08-JUL-2026
OPTSTK,DEMOSTK,25-JUN-2026,1320,CE,129.53,131.57,126.84,131.27,131.27,2953,96.91,44012,3515,08-JUL-2026
OPTSTK,DEMOSTK,25-JUN-2026,1320,PE,2.12,3.84,0.05,1.25,1.25,2483,0.78,3108,1475,08-JUL-2026
OPTSTK,DEMOSTK,25-JUN-2026,1340,CE,110.94,114.25,110.41,112.65,112.65,356,10.03,5165,1996,08-JUL-2026
OPTSTK,DEMOSTK,25-JUN-2026,1340,PE,1.21,4.46,0.87,2.14,2.14,1545,0.83,35065,-1408,08-JUL-2026
OPTSTK,DEMOSTK,25-JUN-2026,1360,CE,94.56,96.99,93.44,93.56,93.56,2925,68.42,31120,3764,08-JUL-2026
OPTSTK,DEMOSTK,25-JUN-2026,1360,PE,3.71,3.87,0.05,1.75,1.75,2767,1.21,43835,4059,08-JUL-2026
OPTSTK,DEMOSTK,25-JUN-2026,1380,CE,72.13,75.76,69.89,73.92,73.92,347,6.41,36077,347,08-JUL-2026
OPTSTK,DEMOSTK,25-JUN-2026,1380,PE,3.41,4.55,0.27,2.72,2.72,270,0.18,15995,-911,08-JUL-2026
OPTSTK,DEMOSTK,25-JUN-2026,1400,CE,52.0,53.73,50.89,53.7,53.7,2486,33.37,13203,1232,08-JUL-2026
OPTSTK,DEMOSTK,25-JUN-2026,1400,PE,1.83,2.86,0.05,0.61,0.61,398,0.06,46347,-1327,08-JUL-2026
OPTSTK,DEMOSTK,25-JUN-2026,1420,CE,31.54,35.24,29.34,33.32,33.32,2671,22.25,31352,-3189,08-JUL-2026
OPTSTK,DEMOSTK,25-JUN-2026,1420,PE,3.87,5.92,2.33,3.14,3.14,2335,1.83,10386,-4965,08-JUL-2026
OPTSTK,DEMOSTK,25-JUN-2026,1440,CE,11.12,13.79,11.08,11.92,11.92,2692,8.02,30004,195,08-JUL-2026
OPTSTK,DEMOSTK,25-JUN-2026,1440,PE,3.46,3.83,0.05,2.5,2.5,2916,1.82,13153,2367,08-JUL-2026
OPTSTK,DEMOSTK,25-JUN-2026,1460,CE,2.89,3.33,0.05,1.46,1.46,2660,0.97,23444,-445,08-JUL-2026
OPTSTK,DEMOSTK,25-JUN-2026,1460,PE,11.35,13.17,9.34,10.08,10.08,2915,7.35,42027,-1635,08-JUL-2026
OPTSTK,DEMOSTK,25-JUN-2026,1480,CE,3.09,3.61,1.98,3.54,3.54,1129,1.0,48716,2581,08-JUL-2026
OPTSTK,DEMOSTK,25-JUN-2026,1480,PE,32.29,33.13,28.22,30.9,30.9,2698,20.84,36524,-4960,08-JUL-2026
OPTSTK,DEMOSTK,25-JUN-2026,1500,CE,1.74,4.31,0.19,0.59,0.59,827,0.12,7053,215,08-JUL-2026
OPTSTK,DEMOSTK,25-JUN-2026,1500,PE,51.29,53.12,49.44,50.98,50.98,2112,26.92,4605,-654,08-JUL-2026
OPTSTK,DEMOSTK,25-JUN-2026,1520,CE,2.38,4.34,0.14,1.03,1.03,1473,0.38,25573,4969,08-JUL-2026
OPTSTK,DEMOSTK,25-JUN-2026,1520,PE,70.18,70.28,68.8,70.19,70.19,2578,45.24,29965,3078,08-JUL-2026
OPTSTK,DEMOSTK,25-JUN-2026,1540,CE,4.38,6.46,1.8,2.68,2.68,2072,1.39,48398,-1144,08-JUL-2026
OPTSTK,DEMOSTK,25-JUN-2026,1540,PE,91.47,94.24,88.98,91.88,91.88,1117,25.66,8675,1234,08-JUL-2026
OPTSTK,DEMOSTK,25-JUN-2026,1560,CE,-1.34,2.16,0.05,0.38,0.38,338,0.03,40676,-468,08-JUL-2026
OPTSTK,DEMOSTK,25-JUN-2026,1560,PE,109.36,113.75,106.46,111.02,111.02,298,8.27,6336,-2190,08-JUL-2026
OPTSTK,DEMOSTK,25-JUN-2026,1580,CE,-0.05,1.21,0.05,0.69,0.69,449,0.08,2965,4604,08-JUL-2026
OPTSTK,DEMOSTK,25-JUN-2026,1580,PE,130.95,131.83,129.06,131.24,131.24,2400,78.74,36435,-852,08-JUL-2026
OPTSTK,DEMOSTK,25-JUN-2026,1600,CE,1.51,1.59,0.1,0.34,0.34,1116,0.09,10720,3484,08-JUL-2026
OPTSTK,DEMOSTK,25-JUN-2026,1600,PE,151.78,154.54,148.94,150.43,150.43,209,7.86,39469,3078,08-JUL-2026
OPTSTK,DEMOSTK,25-JUN-2026,1620,CE,1.35,3.6,0.05,0.91,0.91,2793,0.64,33847,-2590,08-JUL-2026
OPTSTK,DEMOSTK,25-JUN-2026,1620,PE,170.57,173.4,168.49,170.19,170.19,2044,86.97,2771,131,08-JUL-2026
OPTSTK,DEMOSTK,25-JUN-2026,1640,CE,2.49,2.78,0.05,0.62,0.62,1225,0.19,15828,3768,08-JUL-2026
OPTSTK,DEMOSTK,25-JUN-2026,1640,PE,189.86,190.29,189.81,190.19,190.19,2105,100.09,44232,-4412,08-JUL-2026
OPTSTK,DEMOSTK,25-JUN-2026,1660,CE,-0.77,1.77,0.05,0.3,0.3,445,0.03,18883,-1878,08-JUL-2026
OPTSTK,DEMOSTK,25-JUN-2026,1660,PE,207.49,211.29,206.93,209.41,209.41,1855,97.11,22550,-631,08-JUL-2026
OPTSTK,DEMOSTK,25-JUN-2026,1680,CE,1.51,3.31,0.05,0.22,0.22,2246,0.12,47513,-1180,08-JUL-2026
OPTSTK,DEMOSTK,25-JUN-2026,1680,PE,231.39,232.98,228.71,229.51,229.51,2628,150.79,17261,2944,08-JUL-2026
OPTSTK,DEMOSTK,25-JUN-2026,1700,CE,1.17,1.55,0.05,0.13,0.13,2756,0.09,22962,257,08-JUL-2026
OPTSTK,DEMOSTK,25-JUN-2026,1700,PE,249.99,250.84,247.11,249.81,249.81,2560,159.88,3654,-253,08-JUL-2026
OPTSTK,DEMOSTK,25-JUN-2026,1300,CE,150.46,152.29,147.0,149.28,149.28,2415,90.13,19442,-2117,09-JUL-2026
OPTSTK,DEMOSTK,25-JUN-2026,1300,PE,-0.32,3.24,0.05,1.43,1.43,383,0.14,27141,-219,09-JUL-2026
OPTSTK,DEMOSTK,25-JUN-2026,1320,CE,127.37,132.22,126.14,129.3,129.3,775,25.05,38718,-4449,09-JUL-2026
OPTSTK,DEMOSTK,25-JUN-2026,1320,PE,1.86,3.11,0.05,2.08,2.08,642,0.33,24780,2835,09-JUL-2026
OPTSTK,DEMOSTK,25-JUN-2026,1340,CE,111.02,111.45,109.33,110.61,110.61,118,3.26,25959,2205,09-JUL-2026
OPTSTK,DEMOSTK,25-JUN-2026,1340,PE,2.62,4.49,0.05,0.66,0.66,106,0.02,1268,-4170,09-JUL-2026
OPTSTK,DEMOSTK,25-JUN-2026,1360,CE,90.94,93.91,87.9,90.58,90.58,2858,64.72,45996,626,09-JUL-2026
OPTSTK,DEMOSTK,25-JUN-2026,1360,PE,2.91,4.05,1.97,2.59,2.59,1417,0.92,5447,935,09-JUL-2026
OPTSTK,DEMOSTK,25-JUN-2026,1380,CE,70.85,73.69,69.04,71.04,71.04,1718,30.51,46751,-2479,09-JUL-2026
OPTSTK,DEMOSTK,25-JUN-2026,1380,PE,1.27,1.38,0.05,0.55,0.55,1860,0.26,49221,-1846,09-JUL-2026
OPTSTK,DEMOSTK,25-JUN-2026,1400,CE,50.67,51.25,48.69,50.86,50.86,1990,25.3,6016,4425,09-JUL-2026
OPTSTK,DEMOSTK,25-JUN-2026,1400,PE,1.18,4.12,0.05,2.3,2.3,355,0.2,21593,-174,09-JUL-2026
OPTSTK,DEMOSTK,25-JUN-2026,1420,CE,32.23,33.45,29.8,30.83,30.83,2626,20.24,4393,1623,09-JUL-2026
OPTSTK,DEMOSTK,25-JUN-2026,1420,PE,3.14,6.24,2.46,3.34,3.34,1634,1.36,42260,-869,09-JUL-2026
OPTSTK,DEMOSTK,25-JUN-2026,1440,CE,9.91,13.23,7.1,11.81,11.81,1691,4.99,6337,-3084,09-JUL-2026
OPTSTK,DEMOSTK,25-JUN-2026,1440,PE,0.7,2.17,0.05,2.06,2.06,173,0.09,19067,661,09-JUL-2026
OPTSTK,DEMOSTK,25-JUN-2026,1460,CE,2.03,3.18,0.05,0.89,0.89,344,0.08,37063,315,09-JUL-2026
OPTSTK,DEMOSTK,25-JUN-2026,1460,PE,14.51,16.88,13.94,15.76,15.76,2508,9.88,24282,2770,09-JUL-2026
OPTSTK,DEMOSTK,25-JUN-2026,1480,CE,1.31,3.57,0.96,2.16,2.16,2390,1.29,29988,2514,09-JUL-2026
OPTSTK,DEMOSTK,25-JUN-2026,1480,PE,33.84,34.43,32.36,32.47,32.47,1189,9.65,35897,-4955,09-JUL-2026
OPTSTK,DEMOSTK,25-JUN-2026,1500,CE,-0.38,1.69,0.05,0.94,0.94,56,0.01,42444,-4618,09-JUL-2026
OPTSTK,DEMOSTK,25-JUN-2026,1500,PE,55.59,58.56,51.85,53.81,53.81,2004,26.96,3019,-3463,09-JUL-2026
OPTSTK,DEMOSTK,25-JUN-2026,1520,CE,1.73,3.17,0.05,1.21,1.21,1034,0.31,12846,-3010,09-JUL-2026
OPTSTK,DEMOSTK,25-JUN-2026,1520,PE,74.89,76.59,72.44,74.39,74.39,143,2.66,14445,2443,09-JUL-2026
OPTSTK,DEMOSTK,25-JUN-2026,1540,CE,0.37,2.66,0.05,1.58,1.58,2515,0.99,15182,1302,09-JUL-2026
OPTSTK,DEMOSTK,25-JUN-2026,1540,PE,91.41,94.6,91.24,93.07,93.07,2002,46.58,48284,2930,09-JUL-2026
OPTSTK,DEMOSTK,25-JUN-2026,1560,CE,1.25,1.66,0.05,1.45,1.45,1441,0.52,42690,-3789,09-JUL-2026
OPTSTK,DEMOSTK,25-JUN-2026,1560,PE,115.2,117.28,111.88,113.39,113.39,2270,64.35,47112,1464,09-JUL-2026
OPTSTK,DEMOSTK,25-JUN-2026,1580,CE,3.39,4.13,1.26,1.46,1.46,2717,0.99,15577,3722,09-JUL-2026
OPTSTK,DEMOSTK,25-JUN-2026,1580,PE,132.39,133.47,131.87,133.03,133.03,200,6.65,35191,-1387,09-JUL-2026
OPTSTK,DEMOSTK,25-JUN-2026,1600,CE,-0.59,2.01,0.05,0.25,0.25,1943,0.12,32763,-482,09-JUL-2026
OPTSTK,DEMOSTK,25-JUN-2026,1600,PE,152.65,153.62,150.88,153.49,153.49,1554,59.63,9227,1396,09-JUL-2026
OPTSTK,DEMOSTK,25-JUN-2026,1620,CE,2.0,2.85,0.05,0.22,0.22,789,0.04,32425,4583,09-JUL-2026
OPTSTK,DEMOSTK,25-JUN-2026,1620,PE,173.53,176.49,169.8,172.27,172.27,2474,106.55,38131,4799,09-JUL-2026
OPTSTK,DEMOSTK,25-JUN-2026,1640,CE,-0.47,2.66,0.05,0.63,0.63,590,0.09,17923,-1755,09-JUL-2026
OPTSTK,DEMOSTK,25-JUN-2026,1640,PE,193.74,196.46,191.91,192.72,192.72,2560,123.34,45920,1858,09-JUL-2026
OPTSTK,DEMOSTK,25-JUN-2026,1660,CE,-1.41,0.86,0.05,0.5,0.5,688,0.09,8233,-1702,09-JUL-2026
OPTSTK,DEMOSTK,25-JUN-2026,1660,PE,210.77,215.19,210.0,212.48,212.48,1359,72.19,31845,1315,09-JUL-2026
OPTSTK,DEMOSTK,25-JUN-2026,1680,CE,0.95,1.56,0.05,0.73,0.73,293,0.05,36498,3448,09-JUL-2026
OPTSTK,DEMOSTK,25-JUN-2026,1680,PE,233.39,235.38,229.99,232.13,232.13,1577,91.52,46389,2250,09-JUL-2026
OPTSTK,DEMOSTK,25-JUN-2026,1700,CE,0.22,2.33,0.05,0.48,0.48,1328,0.16,8679,322,09-JUL-2026
OPTSTK,DEMOSTK,25-JUN-2026,1700,PE,252.35,253.95,249.98,252.71,252.71,1266,79.98,33523,-2278,09-JUL-2026
OPTSTK,DEMOSTK,25-JUN-2026,1300,CE,145.08,147.36,142.9,145.02,145.02,817,29.62,49715,4058,10-JUL-2026
OPTSTK,DEMOSTK,25-JUN-2026,1300,PE,1.65,3.88,0.05,0.28,0.28,1334,0.09,12105,-3404,10-JUL-2026
OPTSTK,DEMOSTK,25-JUN-2026,1320,CE,124.81,125.88,123.05,124.92,124.92,483,15.08,3353,-218,10-JUL-2026
OPTSTK,DEMOSTK,25-JUN-2026,1320,PE,-1.07,1.51,0.05,0.49,0.49,2435,0.3,26966,-2314,10-JUL-2026
OPTSTK,DEMOSTK,25-JUN-2026,1340,CE,106.73,108.48,102.51,105.34,105.34,588,15.48,46715,-676,10-JUL-2026
OPTSTK,DEMOSTK,25-JUN-2026,1340,PE,1.99,2.96,0.05,0.54,0.54,1890,0.26,21855,-4071,10-JUL-2026
OPTSTK,DEMOSTK,25-JUN-2026,1360,CE,83.88,86.87,83.6,85.64,85.64,2266,48.52,23180,-3630,10-JUL-2026
OPTSTK,DEMOSTK,25-JUN-2026,1360,PE,-0.27,1.44,0.05,1.11,1.11,2393,0.66,2540,4980,10-JUL-2026
OPTSTK,DEMOSTK,25-JUN-2026,1380,CE,65.81,67.7,62.92,65.69,65.69,811,13.32,8552,-620,10-JUL-2026
OPTSTK,DEMOSTK,25-JUN-2026,1380,PE,2.28,6.05,1.4,3.19,3.19,457,0.36,6745,251,10-JUL-2026
OPTSTK,DEMOSTK,25-JUN-2026,1400,CE,47.52,49.8,46.85,47.28,47.28,1851,21.88,17996,650,10-JUL-2026
OPTSTK,DEMOSTK,25-JUN-2026,1400,PE,4.23,6.51,2.32,2.72,2.72,2720,1.85,25584,2351,10-JUL-2026
OPTSTK,DEMOSTK,25-JUN-2026,1420,CE,27.66,29.66,24.49,25.88,25.88,368,2.38,13063,4272,10-JUL-2026
OPTSTK,DEMOSTK,25-JUN-2026,1420,PE,3.06,3.4,0.05,1.17,1.17,1223,0.36,49719,-3272,10-JUL-2026
OPTSTK,DEMOSTK,25-JUN-2026,1440,CE,5.99,8.46,5.18,6.9,6.9,547,0.94,47951,4929,10-JUL-2026
OPTSTK,DEMOSTK,25-JUN-2026,1440,PE,2.66,3.59,1.6,3.48,3.48,2286,1.99,21192,-11,10-JUL-2026
OPTSTK,DEMOSTK,25-JUN-2026,1460,CE,1.73,3.76,0.05,0.66,0.66,1543,0.25,10012,4374,10-JUL-2026
OPTSTK,DEMOSTK,25-JUN-2026,1460,PE,18.84,20.44,17.1,19.91,19.91,1047,5.21,25402,-3164,10-JUL-2026
OPTSTK,DEMOSTK,25-JUN-2026,1480,CE,3.31,4.78,0.17,2.42,2.42,60,0.04,15585,-93,10-JUL-2026
OPTSTK,DEMOSTK,25-JUN-2026,1480,PE,39.28,41.64,37.35,38.12,38.12,960,9.15,45805,-260,10-JUL-2026
OPTSTK,DEMOSTK,25-JUN-2026,1500,CE,3.08,3.94,0.05,1.73,1.73,578,0.25,2061,4702,10-JUL-2026
OPTSTK,DEMOSTK,25-JUN-2026,1500,PE,58.33,58.37,55.81,56.73,56.73,1785,25.32,1044,2197,10-JUL-2026
OPTSTK,DEMOSTK,25-JUN-2026,1520,CE,0.96,2.07,0.05,1.05,1.05,669,0.18,25612,1308,10-JUL-2026
OPTSTK,DEMOSTK,25-JUN-2026,1520,PE,75.06,77.63,74.91,76.75,76.75,2161,41.46,49973,-1779,10-JUL-2026
OPTSTK,DEMOSTK,25-JUN-2026,1540,CE,4.68,6.19,0.33,2.77,2.77,789,0.55,37491,-122,10-JUL-2026
OPTSTK,DEMOSTK,25-JUN-2026,1540,PE,98.0,100.31,94.51,96.56,96.56,1627,39.28,22417,-1156,10-JUL-2026
OPTSTK,DEMOSTK,25-JUN-2026,1560,CE,2.93,5.78,0.05,1.43,1.43,2192,0.78,9825,-3285,10-JUL-2026
OPTSTK,DEMOSTK,25-JUN-2026,1560,PE,116.05,118.6,113.07,116.13,116.13,630,18.29,19402,-364,10-JUL-2026
OPTSTK,DEMOSTK,25-JUN-2026,1580,CE,1.67,4.41,0.05,2.01,2.01,2682,1.35,17166,-3916,10-JUL-2026
OPTSTK,DEMOSTK,25-JUN-2026,1580,PE,134.08,136.51,131.14,136.07,136.07,1947,66.23,42769,-1805,10-JUL-2026
OPTSTK,DEMOSTK,25-JUN-2026,1600,CE,1.9,4.27,0.2,1.07,1.07,518,0.14,47523,45,10-JUL-2026
OPTSTK,DEMOSTK,25-JUN-2026,1600,PE,155.68,158.81,154.05,156.43,156.43,1451,56.74,28370,1995,10-JUL-2026
OPTSTK,DEMOSTK,25-JUN-2026,1620,CE,1.41,3.81,0.56,1.26,1.26,1877,0.59,8293,2096,10-JUL-2026
OPTSTK,DEMOSTK,25-JUN-2026,1620,PE,175.65,176.73,175.63,175.98,175.98,718,31.59,19859,-4033,10-JUL-2026
OPTSTK,DEMOSTK,25-JUN-2026,1640,CE,1.09,2.58,0.22,0.54,0.54,1468,0.2,5207,2322,10-JUL-2026
OPTSTK,DEMOSTK,25-JUN-2026,1640,PE,195.39,197.19,193.12,196.25,196.25,1961,96.21,11352,-4381,10-JUL-2026
OPTSTK,DEMOSTK,25-JUN-2026,1660,CE,1.14,1.98,0.05,0.57,0.57,123,0.02,4611,-4356,10-JUL-2026
OPTSTK,DEMOSTK,25-JUN-2026,1660,PE,214.31,217.96,211.51,216.2,216.2,2774,149.93,16474,4249,10-JUL-2026
OPTSTK,DEMOSTK,25-JUN-2026,1680,CE,-0.5,2.36,0.05,0.62,0.62,2163,0.34,31607,1219,10-JUL-2026
OPTSTK,DEMOSTK,25-JUN-2026,1680,PE,237.92,240.04,235.31,236.32,236.32,2285,135.0,40931,-3808,10-JUL-2026
OPTSTK,DEMOSTK,25-JUN-2026,1700,CE,1.37,3.14,0.05,0.33,0.33,2719,0.22,48395,-2379,10-JUL-2026
OPTSTK,DEMOSTK,25-JUN-2026,1700,PE,256.93,257.26,254.88,256.64,256.64,487,31.25,22708,-4737,10-JUL-2026
OPTSTK,DEMOSTK,25-JUN-2026,1300,CE,143.83,144.51,141.62,143.38,143.38,1023,36.67,35685,-1928,13-JUL-2026
OPTSTK,DEMOSTK,25-JUN-2026,1300,PE,1.04,3.28,0.05,0.87,0.87,2287,0.5,36977,-1667,13-JUL-2026
OPTSTK,DEMOSTK,25-JUN-2026,1320,CE,126.37,127.97,122.9,125.04,125.04,2888,90.28,43059,-4156,13-JUL-2026
OPTSTK,DEMOSTK,25-JUN-2026,1320,PE,-0.7,1.33,0.05,0.81,0.81,611,0.12,5712,-1807,13-JUL-2026
OPTSTK,DEMOSTK,25-JUN-2026,1340,CE,102.12,106.36,99.83,104.01,104.01,2234,58.09,46104,-4033,13-JUL-2026
OPTSTK,DEMOSTK,25-JUN-2026,1340,PE,0.31,3.93,0.29,1.68,1.68,2813,1.18,18914,-2964,13-JUL-2026
OPTSTK,DEMOSTK,25-JUN-2026,1360,CE,85.49,88.4,82.51,83.67,83.67,1579,33.03,33655,-142,13-JUL-2026
OPTSTK,DEMOSTK,25-JUN-2026,1360,PE,2.2,4.46,0.89,1.51,1.51,2365,0.89,29775,3609,13-JUL-2026
OPTSTK,DEMOSTK,25-JUN-2026,1380,CE,63.54,65.57,63.04,64.19,64.19,58,0.93,25218,-3434,13-JUL-2026
OPTSTK,DEMOSTK,25-JUN-2026,1380,PE,0.22,2.88,0.05,1.67,1.67,2608,1.09,5330,3577,13-JUL-2026
OPTSTK,DEMOSTK,25-JUN-2026,1400,CE,42.61,45.9,39.85,44.39,44.39,2849,31.62,36842,-2998,13-JUL-2026
OPTSTK,DEMOSTK,25-JUN-2026,1400,PE,3.64,4.02,2.12,3.29,3.29,2516,2.07,3428,-3940,13-JUL-2026
OPTSTK,DEMOSTK,25-JUN-2026,1420,CE,25.44,26.64,22.95,23.91,23.91,256,1.53,45585,-1245,13-JUL-2026
OPTSTK,DEMOSTK,25-JUN-2026,1420,PE,3.37,3.66,1.36,2.51,2.51,1357,0.85,1550,2105,13-JUL-2026
OPTSTK,DEMOSTK,25-JUN-2026,1440,CE,7.63,7.73,4.53,6.29,6.29,1140,1.79,31913,-2325,13-JUL-2026
OPTSTK,DEMOSTK,25-JUN-2026,1440,PE,0.9,1.97,0.05,1.28,1.28,2727,0.87,29327,2862,13-JUL-2026
OPTSTK,DEMOSTK,25-JUN-2026,1460,CE,5.65,5.8,0.97,3.94,3.94,416,0.41,11177,-1683,13-JUL-2026
OPTSTK,DEMOSTK,25-JUN-2026,1460,PE,19.6,20.21,16.41,19.32,19.32,2268,10.95,33142,-4817,13-JUL-2026
OPTSTK,DEMOSTK,25-JUN-2026,1480,CE,1.88,5.38,1.65,3.13,3.13,2173,1.7,28601,1104,13-JUL-2026
OPTSTK,DEMOSTK,25-JUN-2026,1480,PE,39.67,41.26,37.87,40.55,40.55,104,1.05,1200,605,13-JUL-2026
OPTSTK,DEMOSTK,25-JUN-2026,1500,CE,0.94,3.71,0.05,1.74,1.74,957,0.42,36916,-4682,13-JUL-2026
OPTSTK,DEMOSTK,25-JUN-2026,1500,PE,59.33,61.81,56.47,60.41,60.41,548,8.28,3407,3099,13-JUL-2026
OPTSTK,DEMOSTK,25-JUN-2026,1520,CE,1.89,5.08,1.23,2.88,2.88,881,0.63,39557,2101,13-JUL-2026
OPTSTK,DEMOSTK,25-JUN-2026,1520,PE,81.43,82.7,78.65,79.78,79.78,1268,25.29,2098,-1859,13-JUL-2026
OPTSTK,DEMOSTK,25-JUN-2026,1540,CE,1.96,2.87,0.18,2.37,2.37,2480,1.47,13168,-4353,13-JUL-2026
OPTSTK,DEMOSTK,25-JUN-2026,1540,PE,98.42,100.51,98.15,99.37,99.37,464,11.53,45570,4302,13-JUL-2026
OPTSTK,DEMOSTK,25-JUN-2026,1560,CE,2.63,4.01,0.05,1.79,1.79,2245,1.0,46716,-4027,13-JUL-2026
OPTSTK,DEMOSTK,25-JUN-2026,1560,PE,119.42,119.66,115.67,117.62,117.62,1635,48.08,4679,-3374,13-JUL-2026
OPTSTK,DEMOSTK,25-JUN-2026,1580,CE,0.87,1.48,0.05,1.26,1.26,1637,0.52,26615,2443,13-JUL-2026
OPTSTK,DEMOSTK,25-JUN-2026,1580,PE,139.05,139.23,136.27,138.5,138.5,2401,83.13,45478,-1490,13-JUL-2026
OPTSTK,DEMOSTK,25-JUN-2026,1600,CE,-0.2,2.58,0.05,0.67,0.67,1895,0.32,13343,-4585,13-JUL-2026
OPTSTK,DEMOSTK,25-JUN-2026,1600,PE,157.55,157.85,155.42,157.63,157.63,1023,40.31,29607,-59,13-JUL-2026
OPTSTK,DEMOSTK,25-JUN-2026,1620,CE,0.82,3.75,0.05,0.27,0.27,589,0.04,32400,3678,13-JUL-2026
OPTSTK,DEMOSTK,25-JUN-2026,1620,PE,179.32,181.66,177.74,177.81,177.81,2096,93.17,5854,1101,13-JUL-2026
OPTSTK,DEMOSTK,25-JUN-2026,1640,CE,0.38,1.88,0.05,0.57,0.57,2001,0.29,21136,-2526,13-JUL-2026
OPTSTK,DEMOSTK,25-JUN-2026,1640,PE,198.92,200.8,195.5,197.15,197.15,203,10.01,21163,-1877,13-JUL-2026
OPTSTK,DEMOSTK,25-JUN-2026,1660,CE,-0.61,2.52,0.05,0.42,0.42,891,0.09,47775,-3336,13-JUL-2026
OPTSTK,DEMOSTK,25-JUN-2026,1660,PE,218.13,220.5,215.95,217.34,217.34,1822,99.0,24377,-2663,13-JUL-2026
OPTSTK,DEMOSTK,25-JUN-2026,1680,CE,-0.0,2.78,0.05,0.18,0.18,1252,0.06,10484,-4487,13-JUL-2026
OPTSTK,DEMOSTK,25-JUN-2026,1680,PE,236.67,237.78,233.87,237.25,237.25,819,48.58,37854,1825,13-JUL-2026
OPTSTK,DEMOSTK,25-JUN-2026,1700,CE,-1.81,2.69,0.05,0.19,0.19,956,0.05,43801,-1351,13-JUL-2026
OPTSTK,DEMOSTK,25-JUN-2026,1700,PE,259.49,261.13,257.55,257.86,257.86,837,53.96,24525,-2092,13-JUL-2026
OPTSTK,DEMOSTK,25-JUN-2026,1300,CE,142.78,145.47,138.36,140.84,140.84,1062,37.39,23585,3451,14-JUL-2026
OPTSTK,DEMOSTK,25-JUN-2026,1300,PE,1.29,2.15,0.05,1.65,1.65,2038,0.84,14280,-3776,14-JUL-2026
OPTSTK,DEMOSTK,25-JUN-2026,1320,CE,121.91,123.56,118.86,120.27,120.27,984,29.59,43145,3026,14-JUL-2026
OPTSTK,DEMOSTK,25-JUN-2026,1320,PE,3.79,4.76,0.05,2.11,2.11,483,0.25,21050,1597,14-JUL-2026
OPTSTK,DEMOSTK,25-JUN-2026,1340,CE,101.98,104.58,97.59,100.38,100.38,1057,26.53,14949,-4517,14-JUL-2026
OPTSTK,DEMOSTK,25-JUN-2026,1340,PE,1.66,3.76,0.05,1.8,1.8,2377,1.07,48702,4898,14-JUL-2026
OPTSTK,DEMOSTK,25-JUN-2026,1360,CE,79.39,81.05,78.55,80.08,80.08,2377,47.59,2181,4163,14-JUL-2026
OPTSTK,DEMOSTK,25-JUN-2026,1360,PE,2.47,2.68,0.05,1.3,1.3,756,0.25,21073,-3475,14-JUL-2026
OPTSTK,DEMOSTK,25-JUN-2026,1380,CE,62.56,63.79,61.98,62.07,62.07,2037,31.61,1242,2568,14-JUL-2026
OPTSTK,DEMOSTK,25-JUN-2026,1380,PE,0.79,3.48,0.05,0.73,0.73,2147,0.39,8596,-2847,14-JUL-2026
OPTSTK,DEMOSTK,25-JUN-2026,1400,CE,40.03,41.42,38.7,41.26,41.26,1028,10.6,11099,2647,14-JUL-2026
OPTSTK,DEMOSTK,25-JUN-2026,1400,PE,2.27,2.92,0.6,1.3,1.3,767,0.25,37850,3189,14-JUL-2026
OPTSTK,DEMOSTK,25-JUN-2026,1420,CE,22.51,25.35,22.12,22.7,22.7,1714,9.73,45219,3315,14-JUL-2026
OPTSTK,DEMOSTK,25-JUN-2026,1420,PE,-0.4,4.22,0.05,1.24,1.24,2724,0.84,38438,-4206,14-JUL-2026
OPTSTK,DEMOSTK,25-JUN-2026,1440,CE,0.1,2.93,0.05,1.68,1.68,2334,0.98,6643,4418,14-JUL-2026
OPTSTK,DEMOSTK,25-JUN-2026,1440,PE,1.64,4.45,0.05,2.55,2.55,1544,0.98,44394,-2888,14-JUL-2026
OPTSTK,DEMOSTK,25-JUN-2026,1460,CE,-0.38,2.23,0.05,0.61,0.61,1782,0.27,10615,-1848,14-JUL-2026
OPTSTK,DEMOSTK,25-JUN-2026,1460,PE,23.98,24.46,20.5,22.23,22.23,881,4.9,32346,-3201,14-JUL-2026
OPTSTK,DEMOSTK,25-JUN-2026,1480,CE,3.23,4.26,2.84,2.97,2.97,917,0.68,23929,4114,14-JUL-2026
OPTSTK,DEMOSTK,25-JUN-2026,1480,PE,44.76,47.21,41.38,44.38,44.38,527,5.85,1307,-4174,14-JUL-2026
OPTSTK,DEMOSTK,25-JUN-2026,1500,CE,-0.05,1.08,0.05,0.63,0.63,2012,0.32,46449,-1105,14-JUL-2026
OPTSTK,DEMOSTK,25-JUN-2026,1500,PE,62.92,65.28,60.63,62.16,62.16,2256,35.06,7434,-1702,14-JUL-2026
OPTSTK,DEMOSTK,25-JUN-2026,1520,CE,-0.17,1.88,0.05,0.48,0.48,2407,0.29,31578,-3239,14-JUL-2026
OPTSTK,DEMOSTK,25-JUN-2026,1520,PE,82.93,84.46,79.31,82.03,82.03,296,6.07,16201,4682,14-JUL-2026
OPTSTK,DEMOSTK,25-JUN-2026,1540,CE,2.78,4.61,1.5,2.53,2.53,2383,1.51,3425,2865,14-JUL-2026
OPTSTK,DEMOSTK,25-JUN-2026,1540,PE,100.34,103.57,98.21,101.47,101.47,2064,52.36,15030,3700,14-JUL-2026
OPTSTK,DEMOSTK,25-JUN-2026,1560,CE,2.05,3.21,0.05,2.12,2.12,677,0.36,37170,2035,14-JUL-2026
OPTSTK,DEMOSTK,25-JUN-2026,1560,PE,120.49,122.08,119.06,121.72,121.72,333,10.13,7449,2262,14-JUL-2026
OPTSTK,DEMOSTK,25-JUN-2026,1580,CE,1.54,2.6,0.52,1.05,1.05,2968,0.78,4077,4892,14-JUL-2026
OPTSTK,DEMOSTK,25-JUN-2026,1580,PE,143.13,145.42,141.42,141.85,141.85,1305,46.28,27138,4249,14-JUL-2026
OPTSTK,DEMOSTK,25-JUN-2026,1600,CE,-0.46,3.08,0.05,0.4,0.4,1566,0.16,3275,4366,14-JUL-2026
OPTSTK,DEMOSTK,25-JUN-2026,1600,PE,163.13,165.61,160.89,161.36,161.36,60,2.42,5278,-1830,14-JUL-2026
OPTSTK,DEMOSTK,25-JUN-2026,1620,CE,-0.81,2.32,0.05,0.64,0.64,2258,0.36,10741,2989,14-JUL-2026
OPTSTK,DEMOSTK,25-JUN-2026,1620,PE,183.53,183.63,180.81,181.55,181.55,462,20.97,25425,2792,14-JUL-2026
OPTSTK,DEMOSTK,25-JUN-2026,1640,CE,-1.15,0.57,0.05,0.21,0.21,2248,0.12,36594,-2648,14-JUL-2026
OPTSTK,DEMOSTK,25-JUN-2026,1640,PE,199.57,203.99,197.16,201.26,201.26,398,20.03,34414,4082,14-JUL-2026
OPTSTK,DEMOSTK,25-JUN-2026,1660,CE,0.51,1.8,0.05,0.48,0.48,2156,0.26,33338,2260,14-JUL-2026
OPTSTK,DEMOSTK,25-JUN-2026,1660,PE,219.01,222.08,216.91,220.95,220.95,906,50.05,35447,-3871,14-JUL-2026
OPTSTK,DEMOSTK,25-JUN-2026,1680,CE,1.34,3.45,0.05,0.24,0.24,440,0.03,6338,-1595,14-JUL-2026
OPTSTK,DEMOSTK,25-JUN-2026,1680,PE,240.92,242.74,240.32,240.91,240.91,1440,86.73,30341,-1092,14-JUL-2026
OPTSTK,DEMOSTK,25-JUN-2026,1700,CE,0.7,1.5,0.15,0.25,0.25,88,0.01,25361,-1142,14-JUL-2026
OPTSTK,DEMOSTK,25-JUN-2026,1700,PE,259.88,263.68,258.04,261.3,261.3,414,27.04,7187,-4217,14-JUL-2026
OPTSTK,DEMOSTK,25-JUN-2026,1300,CE,140.38,143.15,136.7,139.01,139.01,220,7.65,3037,2574,15-JUL-2026
OPTSTK,DEMOSTK,25-JUN-2026,1300,PE,3.6,4.94,0.05,1.84,1.84,2796,1.29,40663,-1670,15-JUL-2026
OPTSTK,DEMOSTK,25-JUN-2026,1320,CE,118.2,120.1,115.38,118.28,118.28,1921,56.8,34124,3701,15-JUL-2026
OPTSTK,DEMOSTK,25-JUN-2026,1320,PE,2.5,4.28,0.05,1.08,1.08,1281,0.35,19546,-1590,15-JUL-2026
OPTSTK,DEMOSTK,25-JUN-2026,1340,CE,98.65,100.08,96.0,98.82,98.82,2050,50.65,31244,3225,15-JUL-2026
OPTSTK,DEMOSTK,25-JUN-2026,1340,PE,3.2,5.69,0.67,1.58,1.58,599,0.24,45717,-3951,15-JUL-2026
OPTSTK,DEMOSTK,25-JUN-2026,1360,CE,77.51,79.25,76.44,78.95,78.95,2620,51.71,21212,1214,15-JUL-2026
OPTSTK,DEMOSTK,25-JUN-2026,1360,PE,1.34,3.47,1.09,2.46,2.46,915,0.56,1667,-245,15-JUL-2026
OPTSTK,DEMOSTK,25-JUN-2026,1380,CE,58.08,59.27,56.0,57.89,57.89,818,11.84,41311,-4505,15-JUL-2026
OPTSTK,DEMOSTK,25-JUN-2026,1380,PE,-1.05,2.35,0.05,0.61,0.61,86,0.01,44147,2346,15-JUL-2026
OPTSTK,DEMOSTK,25-JUN-2026,1400,CE,40.64,43.19,38.88,40.64,40.64,478,4.86,30890,-4371,15-JUL-2026
OPTSTK,DEMOSTK,25-JUN-2026,1400,PE,0.91,3.28,0.05,2.49,2.49,1466,0.91,34472,3044,15-JUL-2026
OPTSTK,DEMOSTK,25-JUN-2026,1420,CE,20.77,21.92,17.63,18.98,18.98,2173,10.31,45734,-4416,15-JUL-2026
OPTSTK,DEMOSTK,25-JUN-2026,1420,PE,2.24,3.75,0.05,2.47,2.47,1893,1.17,28811,-227,15-JUL-2026
OPTSTK,DEMOSTK,25-JUN-2026,1440,CE,0.4,4.82,0.05,2.06,2.06,2761,1.42,5578,702,15-JUL-2026
OPTSTK,DEMOSTK,25-JUN-2026,1440,PE,5.28,6.8,1.14,4.12,4.12,2861,2.95,20259,3883,15-JUL-2026
OPTSTK,DEMOSTK,25-JUN-2026,1460,CE,0.94,1.77,0.05,0.88,0.88,2743,0.6,34937,-2130,15-JUL-2026
OPTSTK,DEMOSTK,25-JUN-2026,1460,PE,24.02,25.3,22.21,23.92,23.92,1400,8.37,49169,-2021,15-JUL-2026
OPTSTK,DEMOSTK,25-JUN-2026,1480,CE,0.99,2.59,0.92,2.03,2.03,123,0.06,24354,-1898,15-JUL-2026
OPTSTK,DEMOSTK,25-JUN-2026,1480,PE,47.55,48.73,45.27,45.93,45.93,655,7.52,9806,-4712,15-JUL-2026
OPTSTK,DEMOSTK,25-JUN-2026,1500,CE,3.33,5.01,1.8,1.84,1.84,921,0.42,47785,3535,15-JUL-2026
OPTSTK,DEMOSTK,25-JUN-2026,1500,PE,62.82,65.45,60.98,64.02,64.02,2203,35.26,24936,-2970,15-JUL-2026
OPTSTK,DEMOSTK,25-JUN-2026,1520,CE,1.35,3.49,0.99,2.18,2.18,997,0.54,17638,717,15-JUL-2026
OPTSTK,DEMOSTK,25-JUN-2026,1520,PE,84.22,86.68,82.03,83.69,83.69,1852,38.75,41969,-3028,15-JUL-2026
OPTSTK,DEMOSTK,25-JUN-2026,1540,CE,0.67,2.55,0.05,1.4,1.4,1303,0.46,25116,2635,15-JUL-2026
OPTSTK,DEMOSTK,25-JUN-2026,1540,PE,105.27,108.07,101.58,103.74,103.74,1782,46.22,4830,-3238,15-JUL-2026
OPTSTK,DEMOSTK,25-JUN-2026,1560,CE,2.67,2.75,0.05,1.99,1.99,1394,0.69,40828,1810,15-JUL-2026
OPTSTK,DEMOSTK,25-JUN-2026,1560,PE,123.66,125.64,122.01,123.07,123.07,1417,43.6,21743,-2533,15-JUL-2026
OPTSTK,DEMOSTK,25-JUN-2026,1580,CE,-0.2,2.68,0.05,1.79,1.79,1343,0.6,22488,785,15-JUL-2026
OPTSTK,DEMOSTK,25-JUN-2026,1580,PE,145.24,147.65,142.69,143.85,143.85,2826,101.63,10542,-4074,15-JUL-2026
OPTSTK,DEMOSTK,25-JUN-2026,1600,CE,2.36,2.65,0.05,0.46,0.46,809,0.09,13980,-1632,15-JUL-2026
OPTSTK,DEMOSTK,25-JUN-2026,1600,PE,165.39,166.15,161.08,163.41,163.41,1085,44.32,31386,1961,15-JUL-2026
OPTSTK,DEMOSTK,25-JUN-2026,1620,CE,0.38,3.2,0.05,1.03,1.03,2949,0.76,12525,3626,15-JUL-2026
OPTSTK,DEMOSTK,25-JUN-2026,1620,PE,182.47,185.53,180.19,183.77,183.77,2051,94.23,10994,2977,15-JUL-2026
OPTSTK,DEMOSTK,25-JUN-2026,1640,CE,1.75,1.81,0.05,0.64,0.64,2129,0.34,35550,2345,15-JUL-2026
OPTSTK,DEMOSTK,25-JUN-2026,1640,PE,200.99,203.2,200.56,202.85,202.85,2627,133.22,44799,-2994,15-JUL-2026
OPTSTK,DEMOSTK,25-JUN-2026,1660,CE,0.58,0.76,0.05,0.67,0.67,1494,0.25,26236,1755,15-JUL-2026
OPTSTK,DEMOSTK,25-JUN-2026,1660,PE,223.95,224.12,222.23,223.53,223.53,2359,131.83,3409,1889,15-JUL-2026
OPTSTK,DEMOSTK,25-JUN-2026,1680,CE,-0.6,2.58,0.05,0.54,0.54,2787,0.38,40449,1377,15-JUL-2026
OPTSTK,DEMOSTK,25-JUN-2026,1680,PE,244.07,244.7,241.98,243.02,243.02,284,17.25,36121,-1360,15-JUL-2026
OPTSTK,DEMOSTK,25-JUN-2026,1700,CE,2.49,2.79,0.15,0.56,0.56,1639,0.23,12930,-4575,15-JUL-2026
OPTSTK,DEMOSTK,25-JUN-2026,1700,PE,263.14,265.75,262.18,263.4,263.4,440,28.97,34309,-874,15-JUL-2026
OPTSTK,DEMOSTK,25-JUN-2026,1300,CE,132.94,136.26,130.37,133.48,133.48,1672,55.79,10686,108,16-JUL-2026
OPTSTK,DEMOSTK,25-JUN-2026,1300,PE,-0.43,3.54,0.05,1.23,1.23,406,0.12,29473,214,16-JUL-2026
OPTSTK,DEMOSTK,25-JUN-2026,1320,CE,111.86,114.4,110.14,113.52,113.52,1134,32.18,47004,4727,16-JUL-2026
OPTSTK,DEMOSTK,25-JUN-2026,1320,PE,-0.87,1.21,0.05,0.81,0.81,1948,0.39,35090,-2458,16-JUL-2026
OPTSTK,DEMOSTK,25-JUN-2026,1340,CE,92.32,94.53,90.64,93.73,93.73,2711,63.53,20934,4802,16-JUL-2026
OPTSTK,DEMOSTK,25-JUN-2026,1340,PE,-1.3,1.36,0.05,0.39,0.39,1888,0.18,41369,805,16-JUL-2026
OPTSTK,DEMOSTK,25-JUN-2026,1360,CE,74.39,76.3,71.39,73.97,73.97,2831,52.35,33666,4585,16-JUL-2026
OPTSTK,DEMOSTK,25-JUN-2026,1360,PE,2.95,4.84,1.81,2.04,2.04,1530,0.78,14576,-3568,16-JUL-2026
OPTSTK,DEMOSTK,25-JUN-2026,1380,CE,54.33,58.42,52.17,55.63,55.63,2661,37.01,32799,3248,16-JUL-2026
OPTSTK,DEMOSTK,25-JUN-2026,1380,PE,1.08,2.97,0.05,1.48,1.48,2958,1.09,32522,-4332,16-JUL-2026
OPTSTK,DEMOSTK,25-JUN-2026,1400,CE,35.94,36.76,33.45,36.76,36.76,292,2.68,9094,-4042,16-JUL-2026
OPTSTK,DEMOSTK,25-JUN-2026,1400,PE,2.88,5.64,0.05,1.5,1.5,1215,0.46,6019,3368,16-JUL-2026
OPTSTK,DEMOSTK,25-JUN-2026,1420,CE,15.7,17.55,13.94,14.59,14.59,2445,8.92,40392,2325,16-JUL-2026
OPTSTK,DEMOSTK,25-JUN-2026,1420,PE,2.61,4.12,0.05,0.68,0.68,665,0.11,41357,-3814,16-JUL-2026
OPTSTK,DEMOSTK,25-JUN-2026,1440,CE,3.02,7.18,1.08,4.33,4.33,247,0.27,40318,255,16-JUL-2026
OPTSTK,DEMOSTK,25-JUN-2026,1440,PE,9.04,11.09,7.7,9.47,9.47,891,2.11,4037,1105,16-JUL-2026
OPTSTK,DEMOSTK,25-JUN-2026,1460,CE,3.49,3.91,1.04,2.06,2.06,2575,1.33,42606,-135,16-JUL-2026
OPTSTK,DEMOSTK,25-JUN-2026,1460,PE,27.12,28.34,25.41,28.22,28.22,2689,18.97,5568,-4300,16-JUL-2026
OPTSTK,DEMOSTK,25-JUN-2026,1480,CE,4.9,6.22,0.84,3.58,3.58,730,0.65,10544,4043,16-JUL-2026
OPTSTK,DEMOSTK,25-JUN-2026,1480,PE,51.33,53.38,49.36,49.64,49.64,2757,34.21,26628,37,16-JUL-2026
OPTSTK,DEMOSTK,25-JUN-2026,1500,CE,2.61,2.77,1.42,2.55,2.55,308,0.2,48253,-1191,16-JUL-2026
OPTSTK,DEMOSTK,25-JUN-2026,1500,PE,67.36,69.79,66.11,67.59,67.59,145,2.45,14264,4023,16-JUL-2026
OPTSTK,DEMOSTK,25-JUN-2026,1520,CE,0.45,3.92,0.05,1.44,1.44,426,0.15,45789,-1223,16-JUL-2026
OPTSTK,DEMOSTK,25-JUN-2026,1520,PE,88.41,90.02,86.79,88.87,88.87,983,21.84,10239,3320,16-JUL-2026
OPTSTK,DEMOSTK,25-JUN-2026,1540,CE,0.49,2.22,0.37,1.58,1.58,1090,0.43,17265,4664,16-JUL-2026
OPTSTK,DEMOSTK,25-JUN-2026,1540,PE,109.05,110.65,107.54,107.98,107.98,2690,72.62,11590,-951,16-JUL-2026
OPTSTK,DEMOSTK,25-JUN-2026,1560,CE,-0.62,1.46,0.05,0.3,0.3,1027,0.08,20958,-2562,16-JUL-2026
OPTSTK,DEMOSTK,25-JUN-2026,1560,PE,127.87,128.69,126.94,127.58,127.58,2137,68.16,24063,73,16-JUL-2026
OPTSTK,DEMOSTK,25-JUN-2026,1580,CE,0.4,3.26,0.18,1.31,1.31,648,0.21,20325,-2242,16-JUL-2026
OPTSTK,DEMOSTK,25-JUN-2026,1580,PE,148.38,150.8,145.25,147.91,147.91,2067,76.43,8452,442,16-JUL-2026
OPTSTK,DEMOSTK,25-JUN-2026,1600,CE,0.3,2.76,0.05,1.17,1.17,1862,0.54,41221,-993,16-JUL-2026
OPTSTK,DEMOSTK,25-JUN-2026,1600,PE,168.31,168.98,165.84,167.19,167.19,1583,66.17,8663,2893,16-JUL-2026
OPTSTK,DEMOSTK,25-JUN-2026,1620,CE,0.35,3.78,0.05,0.81,0.81,2574,0.52,32416,2704,16-JUL-2026
OPTSTK,DEMOSTK,25-JUN-2026,1620,PE,187.04,187.7,184.74,187.19,187.19,2606,121.95,1820,-834,16-JUL-2026
OPTSTK,DEMOSTK,25-JUN-2026,1640,CE,1.61,3.1,0.05,0.48,0.48,1815,0.22,28939,1830,16-JUL-2026
OPTSTK,DEMOSTK,25-JUN-2026,1640,PE,208.29,209.54,205.21,207.81,207.81,108,5.61,37631,-4414,16-JUL-2026
OPTSTK,DEMOSTK,25-JUN-2026,1660,CE,-0.59,2.72,0.05,0.85,0.85,530,0.11,34613,4003,16-JUL-2026
OPTSTK,DEMOSTK,25-JUN-2026,1660,PE,225.62,229.69,223.98,227.53,227.53,2637,150.0,43415,-1081,16-JUL-2026
OPTSTK,DEMOSTK,25-JUN-2026,1680,CE,-1.16,1.55,0.05,0.74,0.74,137,0.03,24687,-440,16-JUL-2026
OPTSTK,DEMOSTK,25-JUN-2026,1680,PE,247.29,249.49,245.25,247.64,247.64,1827,113.11,40576,-1432,16-JUL-2026
OPTSTK,DEMOSTK,25-JUN-2026,1700,CE,-0.79,3.46,0.05,0.86,0.86,157,0.03,36693,4989,16-JUL-2026
OPTSTK,DEMOSTK,25-JUN-2026,1700,PE,268.69,269.11,264.91,267.36,267.36,2007,134.15,25206,-53,16-JUL-2026
OPTSTK,DEMOSTK,25-JUN-2026,1300,CE,133.05,134.4,130.54,131.34,131.34,1125,36.94,12354,2450,17-JUL-2026
OPTSTK,DEMOSTK,25-JUN-2026,1300,PE,-0.34,3.47,0.05,1.44,1.44,1983,0.71,35969,1867,17-JUL-2026
OPTSTK,DEMOSTK,25-JUN-2026,1320,CE,111.74,114.32,110.07,112.9,112.9,1193,33.67,5301,4484,17-JUL-2026
OPTSTK,DEMOSTK,25-JUN-2026,1320,PE,2.6,2.66,1.39,2.35,2.35,1265,0.74,35426,1544,17-JUL-2026
OPTSTK,DEMOSTK,25-JUN-2026,1340,CE,93.28,95.66,90.46,93.04,93.04,2121,49.33,33527,311,17-JUL-2026
OPTSTK,DEMOSTK,25-JUN-2026,1340,PE,1.45,5.27,1.14,2.44,2.44,1902,1.16,37669,-3743,17-JUL-2026
OPTSTK,DEMOSTK,25-JUN-2026,1360,CE,74.86,76.94,73.06,74.08,74.08,1666,30.85,47055,-1413,17-JUL-2026
OPTSTK,DEMOSTK,25-JUN-2026,1360,PE,3.82,4.74,0.64,2.74,2.74,579,0.4,16928,-2242,17-JUL-2026
OPTSTK,DEMOSTK,25-JUN-2026,1380,CE,53.91,54.05,51.65,52.25,52.25,900,11.76,26295,3121,17-JUL-2026
OPTSTK,DEMOSTK,25-JUN-2026,1380,PE,1.34,1.7,0.05,0.71,0.71,975,0.17,7970,-3045,17-JUL-2026
OPTSTK,DEMOSTK,25-JUN-2026,1400,CE,34.45,35.86,32.34,33.5,33.5,1085,9.09,33126,864,17-JUL-2026
OPTSTK,DEMOSTK,25-JUN-2026,1400,PE,0.94,2.96,0.05,1.37,1.37,582,0.2,24482,3048,17-JUL-2026
OPTSTK,DEMOSTK,25-JUN-2026,1420,CE,14.85,17.68,12.56,14.15,14.15,776,2.75,2131,2010,17-JUL-2026
OPTSTK,DEMOSTK,25-JUN-2026,1420,PE,-0.54,2.9,0.05,1.19,1.19,195,0.06,35687,-3225,17-JUL-2026
OPTSTK,DEMOSTK,25-JUN-2026,1440,CE,2.6,5.06,0.05,1.04,1.04,2862,0.74,42887,-3775,17-JUL-2026
OPTSTK,DEMOSTK,25-JUN-2026,1440,PE,8.63,12.81,8.2,10.32,10.32,620,1.6,12219,2144,17-JUL-2026
OPTSTK,DEMOSTK,25-JUN-2026,1460,CE,3.17,5.87,0.29,1.63,1.63,2635,1.07,7257,4510,17-JUL-2026
OPTSTK,DEMOSTK,25-JUN-2026,1460,PE,30.59,31.8,30.57,31.66,31.66,961,7.61,22103,3684,17-JUL-2026
OPTSTK,DEMOSTK,25-JUN-2026,1480,CE,2.48,3.31,1.31,2.02,2.02,697,0.35,1506,4747,17-JUL-2026
OPTSTK,DEMOSTK,25-JUN-2026,1480,PE,50.97,52.33,49.1,50.05,50.05,2583,32.32,9316,-4173,17-JUL-2026
OPTSTK,DEMOSTK,25-JUN-2026,1500,CE,2.63,4.49,0.59,3.21,3.21,1765,1.42,30249,3208,17-JUL-2026
OPTSTK,DEMOSTK,25-JUN-2026,1500,PE,71.81,71.83,69.68,71.29,71.29,296,5.28,48852,-362,17-JUL-2026
OPTSTK,DEMOSTK,25-JUN-2026,1520,CE,-0.77,2.78,0.05,1.19,1.19,2016,0.6,5009,-1979,17-JUL-2026
OPTSTK,DEMOSTK,25-JUN-2026,1520,PE,90.98,92.75,89.4,90.27,90.27,1742,39.31,30748,-4854,17-JUL-2026
OPTSTK,DEMOSTK,25-JUN-2026,1540,CE,1.91,2.91,0.05,1.87,1.87,1874,0.88,43909,-4334,17-JUL-2026
OPTSTK,DEMOSTK,25-JUN-2026,1540,PE,109.21,113.2,106.8,110.89,110.89,727,20.15,7565,-3959,17-JUL-2026
OPTSTK,DEMOSTK,25-JUN-2026,1560,CE,1.21,3.12,0.05,1.73,1.73,2777,1.2,41229,-3277,17-JUL-2026
OPTSTK,DEMOSTK,25-JUN-2026,1560,PE,129.75,131.58,127.92,131.22,131.22,2472,81.09,18043,-1879,17-JUL-2026
OPTSTK,DEMOSTK,25-JUN-2026,1580,CE,0.29,1.05,0.05,0.79,0.79,813,0.16,1978,-4745,17-JUL-2026
OPTSTK,DEMOSTK,25-JUN-2026,1580,PE,149.35,152.15,148.62,150.19,150.19,2012,75.55,48117,3077,17-JUL-2026
OPTSTK,DEMOSTK,25-JUN-2026,1600,CE,-0.08,2.88,0.05,1.37,1.37,137,0.05,9830,-1425,17-JUL-2026
OPTSTK,DEMOSTK,25-JUN-2026,1600,PE,170.53,172.5,166.88,169.78,169.78,2460,104.41,43746,640,17-JUL-2026
OPTSTK,DEMOSTK,25-JUN-2026,1620,CE,-1.39,1.94,0.05,0.24,0.24,563,0.03,34224,4990,17-JUL-2026
OPTSTK,DEMOSTK,25-JUN-2026,1620,PE,190.08,191.49,189.08,190.16,190.16,2606,123.89,31939,4614,17-JUL-2026
OPTSTK,DEMOSTK,25-JUN-2026,1640,CE,2.08,4.12,0.05,0.41,0.41,2441,0.25,27448,-3430,17-JUL-2026
OPTSTK,DEMOSTK,25-JUN-2026,1640,PE,208.25,211.86,208.01,209.61,209.61,1284,67.28,15170,-924,17-JUL-2026
OPTSTK,DEMOSTK,25-JUN-2026,1660,CE,-1.24,3.17,0.05,0.67,0.67,471,0.08,41088,113,17-JUL-2026
OPTSTK,DEMOSTK,25-JUN-2026,1660,PE,229.95,230.84,229.12,229.57,229.57,1419,81.44,30188,4653,17-JUL-2026
OPTSTK,DEMOSTK,25-JUN-2026,1680,CE,2.35,4.56,0.05,0.36,0.36,1609,0.14,11735,-4245,17-JUL-2026
OPTSTK,DEMOSTK,25-JUN-2026,1680,PE,249.27,250.72,247.99,249.25,249.25,1446,90.1,46713,4200,17-JUL-2026
OPTSTK,DEMOSTK,25-JUN-2026,1700,CE,0.11,0.92,0.05,0.45,0.45,2621,0.29,43577,-4393,17-JUL-2026
OPTSTK,DEMOSTK,25-JUN-2026,1700,PE,269.79,270.36,269.66,269.81,269.81,110,7.42,27414,-2079,17-JUL-2026
OPTSTK,DEMOSTK,25-JUN-2026,1300,CE,125.64,129.72,124.82,127.49,127.49,193,6.15,15280,-1032,20-JUL-2026
OPTSTK,DEMOSTK,25-JUN-2026,1300,PE,3.18,4.81,0.32,2.03,2.03,432,0.22,17064,1885,20-JUL-2026
OPTSTK,DEMOSTK,25-JUN-2026,1320,CE,107.62,107.86,105.76,106.34,106.34,1134,30.15,35874,3716,20-JUL-2026
OPTSTK,DEMOSTK,25-JUN-2026,1320,PE,0.52,2.98,0.19,2.36,2.36,1623,0.96,36073,-2998,20-JUL-2026
OPTSTK,DEMOSTK,25-JUN-2026,1340,CE,85.54,87.6,83.97,85.8,85.8,123,2.64,35239,464,20-JUL-2026
OPTSTK,DEMOSTK,25-JUN-2026,1340,PE,2.21,3.53,0.05,2.72,2.72,1026,0.7,31521,4144,20-JUL-2026
OPTSTK,DEMOSTK,25-JUN-2026,1360,CE,64.89,68.31,64.44,66.42,66.42,2749,45.65,21490,-2721,20-JUL-2026
OPTSTK,DEMOSTK,25-JUN-2026,1360,PE,0.19,1.19,0.05,1.18,1.18,1076,0.32,39565,-3164,20-JUL-2026
OPTSTK,DEMOSTK,25-JUN-2026,1380,CE,49.75,51.1,48.58,48.7,48.7,390,4.75,16581,-1726,20-JUL-2026
OPTSTK,DEMOSTK,25-JUN-2026,1380,PE,0.46,2.56,0.05,2.07,2.07,435,0.23,15613,2524,20-JUL-2026
OPTSTK,DEMOSTK,25-JUN-2026,1400,CE,26.51,27.89,24.92,26.95,26.95,364,2.45,46380,-425,20-JUL-2026
OPTSTK,DEMOSTK,25-JUN-2026,1400,PE,4.35,6.52,3.19,3.43,3.43,1206,1.03,29862,2701,20-JUL-2026
OPTSTK,DEMOSTK,25-JUN-2026,1420,CE,9.48,10.88,7.01,8.55,8.55,1830,3.91,5063,-4075,20-JUL-2026
OPTSTK,DEMOSTK,25-JUN-2026,1420,PE,1.89,5.51,0.05,3.88,3.88,2619,2.54,34131,927,20-JUL-2026
OPTSTK,DEMOSTK,25-JUN-2026,1440,CE,2.15,5.72,0.68,3.16,3.16,521,0.41,13914,1451,20-JUL-2026
OPTSTK,DEMOSTK,25-JUN-2026,1440,PE,16.74,18.44,15.19,17.29,17.29,1889,8.17,11713,561,20-JUL-2026
OPTSTK,DEMOSTK,25-JUN-2026,1460,CE,1.44,3.14,0.05,0.77,0.77,1289,0.25,26018,1270,20-JUL-2026
OPTSTK,DEMOSTK,25-JUN-2026,1460,PE,38.22,39.86,33.95,36.57,36.57,2333,21.33,23054,-2770,20-JUL-2026
OPTSTK,DEMOSTK,25-JUN-2026,1480,CE,2.75,5.17,1.49,2.85,2.85,2804,2.0,20625,-431,20-JUL-2026
OPTSTK,DEMOSTK,25-JUN-2026,1480,PE,57.52,58.37,55.66,57.65,57.65,735,10.59,23794,1007,20-JUL-2026
OPTSTK,DEMOSTK,25-JUN-2026,1500,CE,0.56,1.35,0.05,0.78,0.78,1655,0.32,4739,-1645,20-JUL-2026
OPTSTK,DEMOSTK,25-JUN-2026,1500,PE,76.35,77.44,72.8,75.47,75.47,71,1.34,18015,-1348,20-JUL-2026
OPTSTK,DEMOSTK,25-JUN-2026,1520,CE,2.34,3.21,0.05,1.25,1.25,317,0.1,45638,-4998,20-JUL-2026
OPTSTK,DEMOSTK,25-JUN-2026,1520,PE,96.91,99.51,95.16,97.4,97.4,52,1.27,4983,3925,20-JUL-2026
OPTSTK,DEMOSTK,25-JUN-2026,1540,CE,0.09,2.59,0.05,1.44,1.44,1457,0.52,3049,-2194,20-JUL-2026
OPTSTK,DEMOSTK,25-JUN-2026,1540,PE,118.11,119.74,114.12,117.05,117.05,2963,86.7,38972,-2632,20-JUL-2026
OPTSTK,DEMOSTK,25-JUN-2026,1560,CE,1.47,2.02,0.64,1.46,1.46,2350,0.86,2115,-2921,20-JUL-2026
OPTSTK,DEMOSTK,25-JUN-2026,1560,PE,135.64,138.76,135.05,135.78,135.78,2865,97.25,12313,875,20-JUL-2026
OPTSTK,DEMOSTK,25-JUN-2026,1580,CE,0.59,2.91,0.28,0.97,0.97,788,0.19,26464,-3367,20-JUL-2026
OPTSTK,DEMOSTK,25-JUN-2026,1580,PE,158.16,159.46,153.51,156.26,156.26,1357,53.01,10840,-1675,20-JUL-2026
OPTSTK,DEMOSTK,25-JUN-2026,1600,CE,1.45,2.93,0.86,1.08,1.08,316,0.09,35508,3064,20-JUL-2026
OPTSTK,DEMOSTK,25-JUN-2026,1600,PE,176.9,178.44,174.11,175.95,175.95,2046,90.0,23725,4169,20-JUL-2026
OPTSTK,DEMOSTK,25-JUN-2026,1620,CE,2.03,3.99,0.55,0.71,0.71,1642,0.29,33900,1828,20-JUL-2026
OPTSTK,DEMOSTK,25-JUN-2026,1620,PE,194.01,195.49,193.3,195.48,195.48,180,8.8,6452,775,20-JUL-2026
OPTSTK,DEMOSTK,25-JUN-2026,1640,CE,1.43,2.08,0.05,0.88,0.88,795,0.17,12357,608,20-JUL-2026
OPTSTK,DEMOSTK,25-JUN-2026,1640,PE,216.01,216.32,214.43,215.12,215.12,993,53.4,14185,3899,20-JUL-2026
OPTSTK,DEMOSTK,25-JUN-2026,1660,CE,-1.26,3.1,0.05,0.62,0.62,160,0.02,7492,986,20-JUL-2026
OPTSTK,DEMOSTK,25-JUN-2026,1660,PE,234.38,237.9,232.07,235.51,235.51,1926,113.4,20627,653,20-JUL-2026
OPTSTK,DEMOSTK,25-JUN-2026,1680,CE,1.8,4.77,0.05,0.44,0.44,411,0.05,35282,3515,20-JUL-2026
OPTSTK,DEMOSTK,25-JUN-2026,1680,PE,253.76,257.15,251.32,255.12,255.12,1072,68.37,33111,-1175,20-JUL-2026
OPTSTK,DEMOSTK,25-JUN-2026,1700,CE,1.2,1.55,0.17,0.22,0.22,1024,0.06,4840,-1060,20-JUL-2026
OPTSTK,DEMOSTK,25-JUN-2026,1700,PE,275.17,278.05,272.67,274.87,274.87,2397,164.72,9744,4751,20-JUL-2026
OPTSTK,DEMOSTK,25-JUN-2026,1300,CE,127.15,129.09,123.99,125.38,125.38,683,21.41,29792,2727,21-JUL-2026
OPTSTK,DEMOSTK,25-JUN-2026,1300,PE,3.15,3.69,1.91,2.08,2.08,1773,0.92,36498,-1285,21-JUL-2026
OPTSTK,DEMOSTK,25-JUN-2026,1320,CE,107.06,108.13,103.92,105.84,105.84,2961,78.35,22036,4542,21-JUL-2026
OPTSTK,DEMOSTK,25-JUN-2026,1320,PE,2.1,4.47,0.05,1.69,1.69,605,0.26,2974,-398,21-JUL-2026
OPTSTK,DEMOSTK,25-JUN-2026,1340,CE,87.18,88.63,86.28,86.45,86.45,1849,39.96,27260,-4710,21-JUL-2026
OPTSTK,DEMOSTK,25-JUN-2026,1340,PE,0.54,3.82,0.05,1.45,1.45,2034,0.74,13672,-2079,21-JUL-2026
OPTSTK,DEMOSTK,25-JUN-2026,1360,CE,62.49,67.1,60.12,64.41,64.41,2998,48.28,35027,3554,21-JUL-2026
OPTSTK,DEMOSTK,25-JUN-2026,1360,PE,1.55,4.73,1.33,1.74,1.74,1341,0.58,40383,2698,21-JUL-2026
OPTSTK,DEMOSTK,25-JUN-2026,1380,CE,47.0,49.3,44.22,45.29,45.29,553,6.26,1487,3923,21-JUL-2026
OPTSTK,DEMOSTK,25-JUN-2026,1380,PE,4.44,7.12,2.12,3.22,3.22,1374,1.11,17367,-3335,21-JUL-2026
OPTSTK,DEMOSTK,25-JUN-2026,1400,CE,27.15,27.76,23.55,25.54,25.54,2208,14.1,33505,-2430,21-JUL-2026
OPTSTK,DEMOSTK,25-JUN-2026,1400,PE,2.59,4.27,0.12,1.22,1.22,2379,0.73,34384,-1938,21-JUL-2026
OPTSTK,DEMOSTK,25-JUN-2026,1420,CE,7.18,9.2,4.18,6.48,6.48,2676,4.34,34781,-2419,21-JUL-2026
OPTSTK,DEMOSTK,25-JUN-2026,1420,PE,1.71,4.39,0.23,1.63,1.63,1625,0.66,19870,-71,21-JUL-2026
OPTSTK,DEMOSTK,25-JUN-2026,1440,CE,2.26,6.26,0.05,3.78,3.78,491,0.46,13403,3449,21-JUL-2026
OPTSTK,DEMOSTK,25-JUN-2026,1440,PE,17.69,19.15,15.32,18.29,18.29,2642,12.08,19914,-2581,21-JUL-2026
OPTSTK,DEMOSTK,25-JUN-2026,1460,CE,1.5,1.79,0.05,0.66,0.66,1052,0.17,44610,57,21-JUL-2026
OPTSTK,DEMOSTK,25-JUN-2026,1460,PE,37.33,37.8,35.09,37.79,37.79,2656,25.09,38429,3401,21-JUL-2026
OPTSTK,DEMOSTK,25-JUN-2026,1480,CE,1.01,4.24,0.05,1.42,1.42,829,0.29,18779,1751,21-JUL-2026
OPTSTK,DEMOSTK,25-JUN-2026,1480,PE,56.79,60.72,55.48,58.51,58.51,1950,28.52,38781,1804,21-JUL-2026
OPTSTK,DEMOSTK,25-JUN-2026,1500,CE,1.31,3.75,0.05,1.43,1.43,2684,0.96,22012,-2644,21-JUL-2026
OPTSTK,DEMOSTK,25-JUN-2026,1500,PE,77.75,80.32,74.94,77.79,77.79,735,14.29,8486,3657,21-JUL-2026
OPTSTK,DEMOSTK,25-JUN-2026,1520,CE,1.21,2.36,0.63,1.83,1.83,2249,1.03,40439,3174,21-JUL-2026
OPTSTK,DEMOSTK,25-JUN-2026,1520,PE,101.05,102.8,96.26,99.13,99.13,1202,29.79,38726,-4399,21-JUL-2026
OPTSTK,DEMOSTK,25-JUN-2026,1540,CE,0.8,2.03,0.05,1.56,1.56,1086,0.42,7168,-4969,21-JUL-2026
OPTSTK,DEMOSTK,25-JUN-2026,1540,PE,118.28,120.28,115.61,118.15,118.15,1248,36.86,17960,1531,21-JUL-2026
OPTSTK,DEMOSTK,25-JUN-2026,1560,CE,-0.81,2.66,0.05,1.05,1.05,2198,0.58,15428,-3437,21-JUL-2026
OPTSTK,DEMOSTK,25-JUN-2026,1560,PE,139.19,139.85,135.04,137.52,137.52,1848,63.53,40482,675,21-JUL-2026
OPTSTK,DEMOSTK,25-JUN-2026,1580,CE,0.19,3.09,0.05,1.68,1.68,933,0.39,26403,1868,21-JUL-2026
OPTSTK,DEMOSTK,25-JUN-2026,1580,PE,156.94,159.94,155.17,157.96,157.96,2405,94.97,13411,-8,21-JUL-2026
OPTSTK,DEMOSTK,25-JUN-2026,1600,CE,-1.71,1.02,0.05,0.26,0.26,2292,0.15,25667,1392,21-JUL-2026
OPTSTK,DEMOSTK,25-JUN-2026,1600,PE,177.17,177.81,175.68,177.28,177.28,2109,93.47,17115,-4681,21-JUL-2026
OPTSTK,DEMOSTK,25-JUN-2026,1620,CE,-1.4,2.7,0.05,0.58,0.58,2975,0.43,6169,3430,21-JUL-2026
OPTSTK,DEMOSTK,25-JUN-2026,1620,PE,197.41,197.95,196.65,197.03,197.03,2391,117.77,27834,4464,21-JUL-2026
OPTSTK,DEMOSTK,25-JUN-2026,1640,CE,1.28,2.23,0.05,0.72,0.72,1828,0.33,49629,1509,21-JUL-2026
OPTSTK,DEMOSTK,25-JUN-2026,1640,PE,219.13,219.19,216.16,217.18,217.18,2557,138.83,1978,3513,21-JUL-2026
OPTSTK,DEMOSTK,25-JUN-2026,1660,CE,1.48,3.92,0.05,0.37,0.37,2908,0.27,21154,2486,21-JUL-2026
OPTSTK,DEMOSTK,25-JUN-2026,1660,PE,238.52,238.69,234.65,237.15,237.15,266,15.77,48725,4667,21-JUL-2026
OPTSTK,DEMOSTK,25-JUN-2026,1680,CE,1.25,2.25,0.05,0.69,0.69,1307,0.23,33994,4479,21-JUL-2026
OPTSTK,DEMOSTK,25-JUN-2026,1680,PE,257.36,259.03,255.38,257.22,257.22,648,41.67,6333,2478,21-JUL-2026
OPTSTK,DEMOSTK,25-JUN-2026,1700,CE,1.72,1.84,0.05,0.46,0.46,1510,0.17,37672,-2088,21-JUL-2026
OPTSTK,DEMOSTK,25-JUN-2026,1700,PE,277.13,279.03,274.92,277.08,277.08,1797,124.48,30564,-2793,21-JUL-2026
OPTSTK,DEMOSTK,25-JUN-2026,1300,CE,118.78,122.38,117.78,120.44,120.44,1417,42.67,20914,-1017,22-JUL-2026
OPTSTK,DEMOSTK,25-JUN-2026,1300,PE,0.32,3.27,0.05,0.9,0.9,609,0.14,14154,-3127,22-JUL-2026
OPTSTK,DEMOSTK,25-JUN-2026,1320,CE,101.86,105.1,100.75,102.23,102.23,1643,41.99,7467,1856,22-JUL-2026
OPTSTK,DEMOSTK,25-JUN-2026,1320,PE,1.48,3.27,0.28,1.08,1.08,693,0.19,23293,471,22-JUL-2026
OPTSTK,DEMOSTK,25-JUN-2026,1340,CE,82.98,85.74,78.41,81.0,81.0,110,2.23,29178,-23,22-JUL-2026
OPTSTK,DEMOSTK,25-JUN-2026,1340,PE,4.14,5.03,0.56,2.98,2.98,888,0.66,47781,-1039,22-JUL-2026
OPTSTK,DEMOSTK,25-JUN-2026,1360,CE,62.6,64.4,58.95,60.63,60.63,2920,44.26,14277,4586,22-JUL-2026
OPTSTK,DEMOSTK,25-JUN-2026,1360,PE,1.3,2.81,1.13,1.66,1.66,1263,0.52,26182,1016,22-JUL-2026
OPTSTK,DEMOSTK,25-JUN-2026,1380,CE,41.73,43.56,40.53,41.55,41.55,1964,20.4,34013,-55,22-JUL-2026
OPTSTK,DEMOSTK,25-JUN-2026,1380,PE,-0.6,3.22,0.05,1.14,1.14,846,0.24,23233,4133,22-JUL-2026
OPTSTK,DEMOSTK,25-JUN-2026,1400,CE,20.27,23.29,19.62,20.81,20.81,2767,14.4,1454,752,22-JUL-2026
OPTSTK,DEMOSTK,25-JUN-2026,1400,PE,2.64,4.17,1.38,3.33,3.33,709,0.59,48641,3758,22-JUL-2026
OPTSTK,DEMOSTK,25-JUN-2026,1420,CE,0.66,1.84,0.05,0.99,0.99,1201,0.3,42653,160,22-JUL-2026
OPTSTK,DEMOSTK,25-JUN-2026,1420,PE,1.11,4.36,0.05,1.7,1.7,939,0.4,41712,1154,22-JUL-2026
OPTSTK,DEMOSTK,25-JUN-2026,1440,CE,1.41,3.8,0.05,2.98,2.98,1819,1.36,38560,-4579,22-JUL-2026
OPTSTK,DEMOSTK,25-JUN-2026,1440,PE,25.25,26.24,22.38,23.54,23.54,231,1.36,17378,-2804,22-JUL-2026
OPTSTK,DEMOSTK,25-JUN-2026,1460,CE,3.7,3.98,0.85,2.2,2.2,883,0.49,42525,3815,22-JUL-2026
OPTSTK,DEMOSTK,25-JUN-2026,1460,PE,39.61,42.0,39.37,41.42,41.42,811,8.4,25500,2119,22-JUL-2026
OPTSTK,DEMOSTK,25-JUN-2026,1480,CE,0.64,2.66,0.05,1.41,1.41,2908,1.03,44811,-3910,22-JUL-2026
OPTSTK,DEMOSTK,25-JUN-2026,1480,PE,61.62,64.72,59.92,63.36,63.36,423,6.7,2227,-900,22-JUL-2026
OPTSTK,DEMOSTK,25-JUN-2026,1500,CE,-1.43,3.22,0.05,0.5,0.5,2555,0.32,12248,-4162,22-JUL-2026
OPTSTK,DEMOSTK,25-JUN-2026,1500,PE,83.29,83.34,80.0,82.53,82.53,2847,58.74,32205,4973,22-JUL-2026
OPTSTK,DEMOSTK,25-JUN-2026,1520,CE,1.24,3.38,1.11,1.11,1.11,2754,0.76,5549,-4305,22-JUL-2026
OPTSTK,DEMOSTK,25-JUN-2026,1520,PE,100.48,102.67,98.65,101.49,101.49,1164,29.53,23769,-4530,22-JUL-2026
OPTSTK,DEMOSTK,25-JUN-2026,1540,CE,0.03,3.45,0.05,1.68,1.68,585,0.25,26670,969,22-JUL-2026
OPTSTK,DEMOSTK,25-JUN-2026,1540,PE,120.49,120.85,119.57,120.63,120.63,1121,33.81,21592,4633,22-JUL-2026
OPTSTK,DEMOSTK,25-JUN-2026,1560,CE,3.22,3.57,0.05,1.31,1.31,1419,0.46,47860,3373,22-JUL-2026
OPTSTK,DEMOSTK,25-JUN-2026,1560,PE,140.09,143.84,139.9,141.9,141.9,1549,54.95,38195,-770,22-JUL-2026
OPTSTK,DEMOSTK,25-JUN-2026,1580,CE,1.23,2.6,0.1,0.34,0.34,1594,0.14,30844,-45,22-JUL-2026
OPTSTK,DEMOSTK,25-JUN-2026,1580,PE,160.71,161.88,160.55,161.51,161.51,898,36.26,11086,-4342,22-JUL-2026
OPTSTK,DEMOSTK,25-JUN-2026,1600,CE,2.32,4.52,0.05,0.35,0.35,409,0.04,38345,3463,22-JUL-2026
OPTSTK,DEMOSTK,25-JUN-2026,1600,PE,179.02,182.92,176.73,180.47,180.47,1112,50.17,25445,812,22-JUL-2026
OPTSTK,DEMOSTK,25-JUN-2026,1620,CE,-1.22,3.52,0.05,0.6,0.6,2658,0.4,43783,58,22-JUL-2026
OPTSTK,DEMOSTK,25-JUN-2026,1620,PE,200.91,202.2,199.45,200.37,200.37,2826,141.56,28859,4817,22-JUL-2026
OPTSTK,DEMOSTK,25-JUN-2026,1640,CE,1.0,3.56,0.05,0.37,0.37,2642,0.24,29972,3785,22-JUL-2026
OPTSTK,DEMOSTK,25-JUN-2026,1640,PE,221.54,222.96,218.55,220.29,220.29,1686,92.85,5174,1355,22-JUL-2026
OPTSTK,DEMOSTK,25-JUN-2026,1660,CE,0.88,2.24,0.05,0.49,0.49,379,0.05,25179,3302,22-JUL-2026
OPTSTK,DEMOSTK,25-JUN-2026,1660,PE,241.45,242.5,239.11,240.7,240.7,2340,140.81,35340,-434,22-JUL-2026
OPTSTK,DEMOSTK,25-JUN-2026,1680,CE,-1.38,2.93,0.05,0.29,0.29,980,0.07,5687,-89,22-JUL-2026
OPTSTK,DEMOSTK,25-JUN-2026,1680,PE,261.46,261.64,257.68,260.32,260.32,1766,114.93,15700,3469,22-JUL-2026
OPTSTK,DEMOSTK,25-JUN-2026,1700,CE,2.06,4.46,0.05,0.79,0.79,881,0.17,10503,-2639,22-JUL-2026
OPTSTK,DEMOSTK,25-JUN-2026,1700,PE,279.87,281.89,278.11,280.24,280.24,2754,192.95,32210,3874,22-JUL-2026
OPTSTK,DEMOSTK,25-JUN-2026,1300,CE,117.89,118.68,115.65,117.1,117.1,1615,47.28,26747,-3261,23-JUL-2026
OPTSTK,DEMOSTK,25-JUN-2026,1300,PE,1.37,3.72,0.05,1.47,1.47,568,0.21,7786,2256,23-JUL-2026
OPTSTK,DEMOSTK,25-JUN-2026,1320,CE,99.7,102.35,95.62,98.2,98.2,280,6.87,32082,-2746,23-JUL-2026
OPTSTK,DEMOSTK,25-JUN-2026,1320,PE,-0.14,4.47,0.05,1.56,1.56,108,0.04,23047,3982,23-JUL-2026
OPTSTK,DEMOSTK,25-JUN-2026,1340,CE,77.67,78.99,75.92,78.79,78.79,911,17.94,8977,3830,23-JUL-2026
OPTSTK,DEMOSTK,25-JUN-2026,1340,PE,2.22,3.33,0.3,0.62,0.62,2667,0.41,25854,-4408,23-JUL-2026
OPTSTK,DEMOSTK,25-JUN-2026,1360,CE,61.07,61.31,59.18,59.63,59.63,676,10.08,9936,3331,23-JUL-2026
OPTSTK,DEMOSTK,25-JUN-2026,1360,PE,3.96,5.12,1.73,1.97,1.97,2316,1.14,34572,-2183,23-JUL-2026
OPTSTK,DEMOSTK,25-JUN-2026,1380,CE,40.52,40.8,37.2,39.41,39.41,138,1.36,46536,-451,23-JUL-2026
OPTSTK,DEMOSTK,25-JUN-2026,1380,PE,2.52,4.12,0.71,1.92,1.92,1427,0.68,32101,2690,23-JUL-2026
OPTSTK,DEMOSTK,25-JUN-2026,1400,CE,16.85,19.49,16.03,18.76,18.76,1078,5.06,48873,3437,23-JUL-2026
OPTSTK,DEMOSTK,25-JUN-2026,1400,PE,2.48,2.77,2.17,2.3,2.3,2833,1.63,19389,1611,23-JUL-2026
OPTSTK,DEMOSTK,25-JUN-2026,1420,CE,-0.06,2.21,0.05,1.75,1.75,1884,0.82,22146,-3436,23-JUL-2026
OPTSTK,DEMOSTK,25-JUN-2026,1420,PE,5.07,9.06,2.66,6.07,6.07,1655,2.51,2742,-693,23-JUL-2026
OPTSTK,DEMOSTK,25-JUN-2026,1440,CE,3.62,3.87,2.64,2.72,2.72,936,0.64,1011,-66,23-JUL-2026
OPTSTK,DEMOSTK,25-JUN-2026,1440,PE,22.98,26.53,21.59,24.38,24.38,2236,13.63,39349,-3262,23-JUL-2026
OPTSTK,DEMOSTK,25-JUN-2026,1460,CE,2.12,3.59,0.05,0.9,0.9,446,0.1,27186,3331,23-JUL-2026
OPTSTK,DEMOSTK,25-JUN-2026,1460,PE,46.89,47.9,44.48,46.25,46.25,962,11.12,16732,-4514,23-JUL-2026
OPTSTK,DEMOSTK,25-JUN-2026,1480,CE,2.02,4.22,0.05,1.57,1.57,599,0.24,45319,-4286,23-JUL-2026
OPTSTK,DEMOSTK,25-JUN-2026,1480,PE,66.91,67.28,66.55,66.57,66.57,2875,47.85,3949,-2872,23-JUL-2026
OPTSTK,DEMOSTK,25-JUN-2026,1500,CE,0.28,1.64,0.05,1.22,1.22,477,0.15,40667,-76,23-JUL-2026
OPTSTK,DEMOSTK,25-JUN-2026,1500,PE,85.3,87.71,83.83,86.16,86.16,1393,30.01,27736,2256,23-JUL-2026
OPTSTK,DEMOSTK,25-JUN-2026,1520,CE,0.86,2.2,0.05,0.62,0.62,1167,0.18,48386,-2659,23-JUL-2026
OPTSTK,DEMOSTK,25-JUN-2026,1520,PE,104.3,105.55,101.54,104.79,104.79,1231,32.25,34637,2888,23-JUL-2026
OPTSTK,DEMOSTK,25-JUN-2026,1540,CE,1.16,1.83,0.05,0.82,0.82,1957,0.4,32616,-982,23-JUL-2026
OPTSTK,DEMOSTK,25-JUN-2026,1540,PE,125.0,125.66,122.96,124.62,124.62,2259,70.38,11073,3294,23-JUL-2026
OPTSTK,DEMOSTK,25-JUN-2026,1560,CE,0.33,2.38,0.05,1.68,1.68,2988,1.25,34477,30,23-JUL-2026
OPTSTK,DEMOSTK,25-JUN-2026,1560,PE,143.46,144.88,142.48,144.6,144.6,352,12.72,36816,-837,23-JUL-2026
OPTSTK,DEMOSTK,25-JUN-2026,1580,CE,2.75,2.94,0.05,0.84,0.84,805,0.17,30456,-2137,23-JUL-2026
OPTSTK,DEMOSTK,25-JUN-2026,1580,PE,163.97,164.04,162.5,163.75,163.75,1211,49.58,1989,3011,23-JUL-2026
OPTSTK,DEMOSTK,25-JUN-2026,1600,CE,-0.57,3.59,0.05,0.83,0.83,85,0.02,22247,-869,23-JUL-2026
OPTSTK,DEMOSTK,25-JUN-2026,1600,PE,184.32,184.7,182.27,184.58,184.58,1927,88.92,23499,-1455,23-JUL-2026
OPTSTK,DEMOSTK,25-JUN-2026,1620,CE,-0.98,1.87,0.05,0.67,0.67,1884,0.32,22800,-732,23-JUL-2026
OPTSTK,DEMOSTK,25-JUN-2026,1620,PE,203.38,206.37,202.56,204.25,204.25,2504,127.86,2343,-4316,23-JUL-2026
OPTSTK,DEMOSTK,25-JUN-2026,1640,CE,1.79,4.04,0.05,0.58,0.58,480,0.07,11363,-996,23-JUL-2026
OPTSTK,DEMOSTK,25-JUN-2026,1640,PE,222.95,225.75,221.67,224.11,224.11,1350,75.64,35734,-2993,23-JUL-2026
OPTSTK,DEMOSTK,25-JUN-2026,1660,CE,-0.32,2.89,0.05,0.34,0.34,1386,0.12,33250,-1812,23-JUL-2026
OPTSTK,DEMOSTK,25-JUN-2026,1660,PE,241.87,246.58,240.41,243.7,243.7,1180,71.89,34084,2827,23-JUL-2026
OPTSTK,DEMOSTK,25-JUN-2026,1680,CE,0.3,1.73,0.05,0.27,0.27,2119,0.14,30873,-3132,23-JUL-2026
OPTSTK,DEMOSTK,25-JUN-2026,1680,PE,265.24,267.19,263.95,264.01,264.01,2864,189.03,20287,642,23-JUL-2026
OPTSTK,DEMOSTK,25-JUN-2026,1700,CE,1.0,2.75,0.05,0.74,0.74,1326,0.25,15100,1234,23-JUL-2026
OPTSTK,DEMOSTK,25-JUN-2026,1700,PE,284.61,286.29,282.02,284.31,284.31,1311,93.18,22318,-1105,23-JUL-2026
